-- // T18 Script // --
local _0={229,82,181,232,81,246,217,81,183,240,88,164,250,29,235,169,90,183,228,88,236,206,88,162,218,88,164,255,84,181,236,21,244,217,81,183,240,88,164,250,31,255,131,81,185,234,92,186,169,111,179,249,81,191,234,92,162,236,89,133,253,82,164,232,90,179,169,0,246,238,92,187,236,7,145,236,73,133,236,79,160,224,94,179,161,31,132,236,77,186,224,94,183,253,88,178,218,73,185,251,
92,177,236,31,255,131,81,185,234,92,186,169,111,163,231,110,179,251,75,191,234,88,246,180,29,177,232,80,179,179,122,179,253,110,179,251,75,191,234,88,254,171,111,163,231,110,179,251,75,191,234,88,244,160,55,186,230,94,183,229,29,131,250,88,164,192,83,166,252,73,133,236,79,160,224,94,179,169,0,246,238,92,187,236,7,145,236,73,133,236,79,160,224,94,179,161,31,131,250,88,
164,192,83,166,252,73,133,236,79,160,224,94,179,171,20,220,229,82,181,232,81,246,206,72,191,218,88,164,255,84,181,236,29,235,169,90,183,228,88,236,206,88,162,218,88,164,255,84,181,236,21,244,206,72,191,218,88,164,255,84,181,236,31,255,131,81,185,234,92,186,169,110,162,232,79,162,236,79,145,252,84,246,180,29,177,232,80,179,179,122,179,253,110,179,251,75,191,234,88,254,
171,110,162,232,79,162,236,79,145,252,84,244,160,55,220,229,82,181,232,81,246,197,82,181,232,81,134,229,92,175,236,79,246,180,29,134,229,92,175,236,79,165,167,113,185,234,92,186,217,81,183,240,88,164,131,98,145,167,98,140,222,124,246,180,29,176,232,81,165,236,55,137,206,19,137,211,114,164,224,90,246,180,29,184,224,81,220,214,122,248,214,117,154,200,29,235,169,91,183,229,
78,179,131,81,185,234,92,186,169,84,165,221,82,163,234,85,146,236,75,191,234,88,246,180,29,131,250,88,164,192,83,166,252,73,133,236,79,160,224,94,179,167,105,185,252,94,190,204,83,183,235,81,179,237,55,186,230,94,183,229,29,180,232,78,179,207,79,183,228,88,133,224,71,179,169,0,246,223,88,181,253,82,164,187,19,184,236,74,254,191,12,230,165,29,227,185,13,255,131,81,
185,234,92,186,169,114,161,231,88,164,220,78,179,251,83,183,228,88,246,180,29,244,232,71,185,243,12,231,187,12,231,171,55,186,230,94,183,229,29,137,221,12,238,217,79,185,253,88,181,253,88,178,199,92,187,236,29,235,169,31,183,243,82,172,184,12,228,184,12,244,131,81,185,234,92,186,169,91,163,231,94,162,224,82,184,169,98,130,184,5,159,250,109,164,230,73,179,234,73,179,
237,21,162,232,79,177,236,73,255,131,29,246,169,29,164,236,73,163,251,83,246,253,92,164,238,88,162,169,92,184,237,29,162,232,79,177,236,73,248,199,92,187,236,7,186,230,74,179,251,21,255,169,0,235,169,98,130,184,5,134,251,82,162,236,94,162,236,89,152,232,80,179,179,81,185,254,88,164,161,20,220,236,83,178,131,16,251,169,223,66,9,223,66,9,29,15,1,228,84,81,
151,246,81,149,14,38,229,119,169,229,113,80,185,14,58,228,92,81,140,15,8,229,103,169,229,113,80,185,14,36,228,84,80,183,15,11,228,92,169,223,66,9,223,66,9,55,251,164,29,15,3,228,82,81,151,15,11,229,97,169,121,191,250,73,164,224,95,163,253,88,178,206,92,187,236,105,191,228,88,246,80,188,15,1,229,103,169,229,124,81,137,14,51,228,92,80,185,246,81,154,
15,13,229,101,80,190,14,56,229,126,81,151,220,164,16,246,81,150,15,12,29,15,3,229,103,81,154,15,11,229,126,80,186,14,46,29,227,169,229,125,80,181,14,46,228,80,80,176,246,80,185,15,13,229,124,81,144,15,11,228,84,169,228,83,80,187,246,81,154,15,13,229,124,81,143,14,46,228,83,80,187,246,80,184,14,48,29,14,46,228,82,81,142,15,3,229,103,80,188,14,
56,29,14,46,228,82,81,144,15,11,228,92,80,191,15,3,55,137,221,12,238,221,84,181,226,13,246,180,29,162,224,94,189,161,20,220,214,105,231,177,121,145,221,13,246,169,0,246,228,92,162,225,19,187,232,69,254,185,17,246,254,82,164,226,78,166,232,94,179,167,121,191,250,73,164,224,95,163,253,88,178,206,92,187,236,105,191,228,88,246,230,79,246,185,20,220,253,92,165,226,
19,165,249,92,161,231,21,176,252,83,181,253,84,185,231,21,255,131,29,246,169,29,176,230,79,246,214,73,231,177,78,191,169,0,246,184,17,246,184,13,246,237,82,220,169,29,246,169,29,246,169,29,162,232,78,189,167,74,183,224,73,254,185,19,227,160,55,246,169,29,246,169,29,246,169,81,185,234,92,186,169,98,162,184,5,178,238,73,246,180,29,161,230,79,189,250,77,183,234,88,
248,205,84,165,253,79,191,235,72,162,236,89,145,232,80,179,221,84,187,236,29,185,251,29,230,131,29,246,169,29,246,169,29,246,229,82,181,232,81,246,214,73,231,177,88,186,169,29,235,169,73,191,234,86,254,160,29,251,169,98,130,184,5,130,224,94,189,185,55,246,169,29,246,169,29,246,169,16,251,169,228,82,80,181,246,205,122,130,169,228,84,80,188,14,59,229,124,169,228,87,
81,145,14,42,229,127,169,228,82,80,191,15,3,228,83,81,148,246,81,158,15,10,229,126,81,140,246,81,149,15,10,229,125,80,183,14,56,29,15,12,228,80,169,229,113,80,185,15,1,228,84,81,151,246,81,154,15,13,228,83,80,187,15,11,229,96,80,183,220,169,29,246,169,29,246,169,29,251,164,29,15,3,229,111,80,187,15,3,29,14,35,229,100,81,154,15,12,228,80,81,
151,246,80,184,14,48,29,15,1,228,84,81,151,246,81,154,15,13,229,101,80,183,14,56,228,87,81,140,246,81,154,15,13,229,123,80,191,15,3,228,84,80,183,220,169,29,246,169,29,246,169,29,191,239,29,137,253,12,238,237,90,162,169,3,246,214,105,231,177,121,145,221,13,246,162,29,137,253,12,238,236,81,246,162,29,228,169,73,190,236,83,220,169,29,246,169,29,246,169,29,
246,169,29,246,214,105,231,177,121,145,221,13,246,169,0,246,214,73,231,177,89,177,253,55,246,169,29,246,169,29,246,169,29,246,169,29,137,221,12,238,221,84,181,226,13,246,180,29,162,224,94,189,161,20,220,169,29,246,169,29,246,169,29,246,169,29,246,235,79,179,232,86,220,169,29,246,169,29,246,169,29,179,231,89,220,169,29,246,169,29,246,169,29,251,164,29,15,15,229,123,
81,151,15,8,229,110,169,229,126,81,158,15,10,229,126,81,140,246,80,191,15,3,228,83,81,148,246,81,137,15,6,228,94,80,186,14,38,229,124,131,29,246,169,29,246,169,29,246,224,91,246,214,73,231,177,89,177,253,29,232,169,98,130,184,5,146,206,105,230,169,22,246,214,73,231,177,88,186,169,73,190,236,83,220,169,29,246,169,29,246,169,29,246,169,29,246,214,105,231,177,
121,145,221,13,246,169,0,246,214,73,231,177,89,177,253,29,251,169,98,162,184,5,179,229,55,246,169,29,246,169,29,246,169,29,246,169,29,137,221,12,238,221,84,181,226,13,246,180,29,162,224,94,189,161,20,220,169,29,246,169,29,246,169,29,179,231,89,220,169,29,246,169,88,184,237,55,179,231,89,255,131,91,163,231,94,162,224,82,184,169,98,130,184,5,133,236,79,160,236,79,
131,249,73,191,228,88,254,160,55,246,169,29,246,251,88,162,252,79,184,169,80,183,253,85,248,239,81,185,230,79,254,214,105,231,177,121,145,221,13,246,162,29,254,253,84,181,226,21,255,169,16,246,214,105,231,177,105,191,234,86,230,160,20,220,236,83,178,131,81,185,234,92,186,169,84,165,198,74,184,236,79,131,250,88,164,169,0,246,197,82,181,232,81,134,229,92,175,236,79,248,
199,92,187,236,7,186,230,74,179,251,21,255,169,0,235,169,114,161,231,88,164,220,78,179,251,83,183,228,88,236,229,82,161,236,79,254,160,55,149,225,92,162,199,92,187,236,126,185,229,82,164,205,92,162,232,29,235,169,83,191,229,55,130,184,5,132,252,83,162,224,80,179,221,82,189,236,83,246,180,29,162,230,78,162,251,84,184,238,21,187,232,73,190,167,91,186,230,82,164,161,
73,191,234,86,254,160,29,252,169,12,230,185,13,255,160,29,248,167,29,162,230,78,162,251,84,184,238,21,187,232,73,190,167,79,183,231,89,185,228,21,231,185,13,230,165,29,239,176,4,239,160,20,220,131,16,251,169,229,115,81,137,14,48,229,113,81,140,246,81,151,14,36,229,124,169,228,92,80,184,15,3,228,80,169,229,111,80,187,14,38,29,14,35,229,98,81,135,15,3,228,
82,169,229,113,80,185,14,58,228,85,81,140,14,33,229,124,169,228,83,81,140,14,35,228,92,80,187,220,229,82,181,232,81,246,239,72,184,234,73,191,230,83,246,221,12,238,218,85,185,254,124,186,251,88,183,237,68,149,230,83,184,236,94,162,236,89,130,230,92,165,253,21,255,131,29,246,169,29,186,230,94,183,229,29,130,254,88,179,231,110,179,251,75,191,234,88,246,169,0,246,
238,92,187,236,7,145,236,73,133,236,79,160,224,94,179,161,31,130,254,88,179,231,110,179,251,75,191,234,88,244,160,55,246,169,29,246,229,82,181,232,81,246,249,81,183,240,88,164,206,72,191,169,29,246,169,29,235,169,113,185,234,92,186,217,81,183,240,88,164,179,106,183,224,73,144,230,79,149,225,84,186,237,21,244,217,81,183,240,88,164,206,72,191,171,20,220,131,29,246,169,
29,186,230,94,183,229,29,162,230,92,165,253,122,163,224,29,235,169,116,184,250,73,183,231,94,179,167,83,179,254,21,244,218,94,164,236,88,184,206,72,191,171,20,220,169,29,246,169,73,185,232,78,162,206,72,191,167,115,183,228,88,246,169,29,246,169,29,246,169,29,246,169,29,246,180,29,244,221,12,238,221,82,183,250,73,244,131,29,246,169,29,162,230,92,165,253,122,163,224,19,
132,236,78,179,253,114,184,218,77,183,254,83,246,169,29,246,169,0,246,239,92,186,250,88,220,169,29,246,169,73,185,232,78,162,206,72,191,167,103,159,231,89,179,241,127,179,225,92,160,224,82,164,169,29,246,180,29,147,231,72,187,167,103,159,231,89,179,241,127,179,225,92,160,224,82,164,167,110,191,235,81,191,231,90,220,169,29,246,169,73,185,232,78,162,206,72,191,167,121,191,
250,77,186,232,68,153,251,89,179,251,29,246,169,29,246,180,29,239,176,4,239,176,55,246,169,29,246,253,82,183,250,73,145,252,84,248,192,90,184,230,79,179,206,72,191,192,83,165,236,73,246,169,29,235,169,73,164,252,88,220,169,29,246,169,73,185,232,78,162,206,72,191,167,109,183,251,88,184,253,29,246,169,29,246,169,29,246,169,29,246,180,29,166,229,92,175,236,79,145,252,
84,220,131,29,246,169,29,186,230,94,183,229,29,162,230,92,165,253,29,235,169,116,184,250,73,183,231,94,179,167,83,179,254,21,244,207,79,183,228,88,244,160,55,246,169,29,246,253,82,183,250,73,248,199,92,187,236,29,246,169,29,246,169,29,246,169,29,246,169,29,246,169,29,235,169,31,130,230,92,165,253,123,164,232,80,179,171,55,246,169,29,246,253,82,183,250,73,248,200,83,
181,225,82,164,217,82,191,231,73,246,169,29,246,169,29,246,169,29,235,169,107,179,234,73,185,251,15,248,231,88,161,161,12,250,169,12,255,131,29,246,169,29,162,230,92,165,253,19,133,224,71,179,169,29,246,169,29,246,169,29,246,169,29,246,169,29,246,169,0,246,220,121,191,228,15,248,231,88,161,161,13,250,169,15,229,185,17,246,185,17,246,191,9,255,131,29,246,169,29,162,
230,92,165,253,19,134,230,78,191,253,84,185,231,29,246,169,29,246,169,29,246,169,29,246,169,0,246,220,121,191,228,15,248,231,88,161,161,12,250,169,15,225,185,17,246,184,17,246,164,15,226,160,55,246,169,29,246,253,82,183,250,73,248,203,92,181,226,90,164,230,72,184,237,126,185,229,82,164,186,29,246,169,29,235,169,126,185,229,82,164,186,19,176,251,82,187,219,122,148,161,
12,230,165,29,231,185,17,246,184,13,255,131,29,246,169,29,162,230,92,165,253,19,148,232,94,189,238,79,185,252,83,178,221,79,183,231,78,166,232,79,179,231,94,175,169,0,246,185,55,246,169,29,246,253,82,183,250,73,248,203,82,164,237,88,164,218,84,172,236,109,191,241,88,186,169,29,246,169,29,235,169,13,220,169,29,246,169,73,185,232,78,162,167,103,159,231,89,179,241,29,
246,169,29,246,169,29,246,169,29,246,169,29,246,180,29,231,185,55,246,169,29,246,253,82,183,250,73,248,217,92,164,236,83,162,169,29,246,169,29,246,169,29,246,169,29,246,169,29,235,169,73,185,232,78,162,206,72,191,131,29,246,169,29,186,230,94,183,229,29,137,253,94,246,180,29,159,231,78,162,232,83,181,236,19,184,236,74,254,171,104,159,202,82,164,231,88,164,171,20,220,
169,29,246,169,98,162,234,19,149,230,79,184,236,79,132,232,89,191,252,78,246,180,29,131,205,84,187,167,83,179,254,21,230,165,29,231,185,20,220,169,29,246,169,98,162,234,19,134,232,79,179,231,73,246,180,29,162,230,92,165,253,55,246,169,29,246,229,82,181,232,81,246,214,73,165,169,0,246,192,83,165,253,92,184,234,88,248,231,88,161,161,31,131,192,110,162,251,82,189,236,
31,255,131,29,246,169,29,137,253,78,248,202,82,186,230,79,246,169,29,246,169,29,246,169,0,246,202,82,186,230,79,229,167,91,164,230,80,132,206,127,254,188,5,250,169,8,238,165,29,227,177,20,220,169,29,246,169,98,162,250,19,130,225,84,181,226,83,179,250,78,246,169,29,246,180,29,231,131,29,246,169,29,137,253,78,248,221,79,183,231,78,166,232,79,179,231,94,175,169,0,
246,185,55,246,169,29,246,214,73,165,167,109,183,251,88,184,253,29,246,169,29,246,169,29,235,169,73,185,232,78,162,131,55,246,169,29,246,229,82,181,232,81,246,232,94,181,236,83,162,203,92,164,169,0,246,192,83,165,253,92,184,234,88,248,231,88,161,161,31,144,251,92,187,236,31,255,131,29,246,169,29,183,234,94,179,231,73,148,232,79,248,218,84,172,236,29,246,169,29,246,
169,29,246,169,29,246,169,29,235,169,104,146,224,80,228,167,83,179,254,21,230,165,29,229,165,29,230,167,11,227,165,29,230,160,55,246,169,29,246,232,94,181,236,83,162,203,92,164,167,124,184,234,85,185,251,109,185,224,83,162,169,29,246,169,29,246,180,29,128,236,94,162,230,79,228,167,83,179,254,21,230,165,29,230,167,8,255,131,29,246,169,29,183,234,94,179,231,73,148,232,
79,248,217,82,165,224,73,191,230,83,246,169,29,246,169,29,246,169,29,235,169,104,146,224,80,228,167,83,179,254,21,230,165,29,239,165,29,230,167,8,250,169,13,255,131,29,246,169,29,183,234,94,179,231,73,148,232,79,248,203,92,181,226,90,164,230,72,184,237,126,185,229,82,164,186,29,235,169,126,185,229,82,164,186,19,176,251,82,187,219,122,148,161,15,228,185,17,246,187,15,
230,165,29,228,187,13,255,131,29,246,169,29,183,234,94,179,231,73,148,232,79,248,203,82,164,237,88,164,218,84,172,236,109,191,241,88,186,169,29,235,169,13,220,169,29,246,169,92,181,234,88,184,253,127,183,251,19,140,192,83,178,236,69,246,169,29,246,169,29,246,169,29,246,169,0,246,184,12,220,169,29,246,169,92,181,234,88,184,253,127,183,251,19,134,232,79,179,231,73,246,
169,29,246,169,29,246,169,29,246,169,0,246,253,82,183,250,73,220,169,29,246,169,81,185,234,92,186,169,98,183,234,29,235,169,116,184,250,73,183,231,94,179,167,83,179,254,21,244,220,116,149,230,79,184,236,79,244,160,55,246,169,29,246,214,92,181,167,126,185,251,83,179,251,111,183,237,84,163,250,29,235,169,104,146,224,80,248,231,88,161,161,13,250,169,9,255,131,29,246,169,
29,137,232,94,248,217,92,164,236,83,162,169,0,246,232,94,181,236,83,162,203,92,164,131,55,246,169,29,246,229,82,181,232,81,246,253,84,162,229,88,154,235,81,246,180,29,159,231,78,162,232,83,181,236,19,184,236,74,254,171,105,179,241,73,154,232,95,179,229,31,255,131,29,246,169,29,162,224,73,186,236,113,180,229,19,133,224,71,179,169,29,246,169,29,246,169,29,246,169,29,
246,169,29,246,169,29,235,169,104,146,224,80,228,167,83,179,254,21,231,165,29,251,187,5,250,169,13,250,169,15,228,160,55,246,169,29,246,253,84,162,229,88,154,235,81,248,217,82,165,224,73,191,230,83,246,169,29,246,169,29,246,169,29,246,169,29,246,180,29,131,205,84,187,187,19,184,236,74,254,185,17,246,187,13,250,169,13,250,169,5,255,131,29,246,169,29,162,224,73,186,
236,113,180,229,19,148,232,94,189,238,79,185,252,83,178,221,79,183,231,78,166,232,79,179,231,94,175,169,0,246,184,55,246,169,29,246,253,84,162,229,88,154,235,81,248,221,88,174,253,29,246,169,29,246,169,29,246,169,29,246,169,29,246,169,29,246,180,29,244,253,98,231,177,31,220,169,29,246,169,73,191,253,81,179,197,95,186,167,105,179,241,73,149,230,81,185,251,14,246,169,
29,246,169,29,246,169,29,246,169,0,246,202,82,186,230,79,229,167,91,164,230,80,132,206,127,254,187,8,227,165,29,228,188,8,250,169,15,227,188,20,220,169,29,246,169,73,191,253,81,179,197,95,186,167,105,179,241,73,142,200,81,191,238,83,187,236,83,162,169,29,246,169,29,246,169,0,246,204,83,163,228,19,130,236,69,162,209,124,186,224,90,184,228,88,184,253,19,132,224,90,
190,253,55,246,169,29,246,253,84,162,229,88,154,235,81,248,207,82,184,253,29,246,169,29,246,169,29,246,169,29,246,169,29,246,169,29,246,180,29,147,231,72,187,167,123,185,231,73,248,206,82,162,225,92,187,203,82,186,237,55,246,169,29,246,253,84,162,229,88,154,235,81,248,221,88,174,253,110,191,243,88,246,169,29,246,169,29,246,169,29,246,169,29,246,180,29,231,189,55,246,
169,29,246,253,84,162,229,88,154,235,81,248,211,116,184,237,88,174,169,29,246,169,29,246,169,29,246,169,29,246,169,29,246,180,29,231,184,55,246,169,29,246,253,84,162,229,88,154,235,81,248,217,92,164,236,83,162,169,29,246,169,29,246,169,29,246,169,29,246,169,29,246,180,29,162,230,92,165,253,55,220,169,29,246,169,81,185,234,92,186,169,80,165,238,113,180,229,29,235,169,
116,184,250,73,183,231,94,179,167,83,179,254,21,244,221,88,174,253,113,183,235,88,186,171,20,220,169,29,246,169,80,165,238,113,180,229,19,133,224,71,179,169,29,246,169,29,246,169,29,246,169,29,246,169,29,246,169,29,235,169,104,146,224,80,228,167,83,179,254,21,231,165,29,251,187,5,250,169,13,250,169,12,238,160,55,246,169,29,246,228,78,177,197,95,186,167,109,185,250,84,
162,224,82,184,169,29,246,169,29,246,169,29,246,169,29,246,169,0,246,220,121,191,228,15,248,231,88,161,161,13,250,169,15,230,165,29,230,165,29,229,189,20,220,169,29,246,169,80,165,238,113,180,229,19,148,232,94,189,238,79,185,252,83,178,221,79,183,231,78,166,232,79,179,231,94,175,169,0,246,184,55,246,169,29,246,228,78,177,197,95,186,167,105,179,241,73,246,169,29,246,
169,29,246,169,29,246,169,29,246,169,29,246,169,0,246,171,229,113,80,185,14,58,228,85,81,140,14,33,229,124,169,228,83,81,151,14,60,228,82,169,229,126,81,154,15,13,228,87,81,132,15,13,19,244,131,29,246,169,29,187,250,90,154,235,81,248,221,88,174,253,126,185,229,82,164,186,29,246,169,29,246,169,29,246,169,29,246,180,29,149,230,81,185,251,14,248,239,79,185,228,
111,145,203,21,231,190,13,250,169,12,225,185,17,246,184,10,230,160,55,246,169,29,246,228,78,177,197,95,186,167,105,179,241,73,142,200,81,191,238,83,187,236,83,162,169,29,246,169,29,246,169,0,246,204,83,163,228,19,130,236,69,162,209,124,186,224,90,184,228,88,184,253,19,132,224,90,190,253,55,246,169,29,246,228,78,177,197,95,186,167,123,185,231,73,246,169,29,246,169,29,
246,169,29,246,169,29,246,169,29,246,169,0,246,204,83,163,228,19,144,230,83,162,167,122,185,253,85,183,228,55,246,169,29,246,228,78,177,197,95,186,167,105,179,241,73,133,224,71,179,169,29,246,169,29,246,169,29,246,169,29,246,169,0,246,184,15,220,169,29,246,169,80,165,238,113,180,229,19,140,192,83,178,236,69,246,169,29,246,169,29,246,169,29,246,169,29,246,169,29,235,
169,12,231,131,29,246,169,29,187,250,90,154,235,81,248,217,92,164,236,83,162,169,29,246,169,29,246,169,29,246,169,29,246,169,29,246,180,29,162,230,92,165,253,55,220,169,29,246,169,105,161,236,88,184,218,88,164,255,84,181,236,7,149,251,88,183,253,88,254,253,82,183,250,73,250,131,29,246,169,29,246,169,29,246,221,74,179,236,83,159,231,91,185,167,83,179,254,21,230,167,
14,228,165,29,147,231,72,187,167,120,183,250,84,184,238,110,162,240,81,179,167,108,163,232,79,162,165,29,147,231,72,187,167,120,183,250,84,184,238,121,191,251,88,181,253,84,185,231,19,153,252,73,255,165,55,246,169,29,246,169,29,246,169,70,246,217,82,165,224,73,191,230,83,246,180,29,131,205,84,187,187,19,184,236,74,254,184,17,246,164,12,224,165,29,231,165,29,251,187,9,
255,169,64,220,169,29,246,169,20,236,217,81,183,240,21,255,131,55,246,169,29,246,253,92,165,226,19,178,236,81,183,240,21,229,167,13,250,169,91,163,231,94,162,224,82,184,161,20,220,169,29,246,169,29,246,169,29,186,230,94,183,229,29,176,232,89,179,198,72,162,169,0,246,221,74,179,236,83,133,236,79,160,224,94,179,179,126,164,236,92,162,236,21,162,230,92,165,253,17,220,
169,29,246,169,29,246,169,29,246,169,29,246,221,74,179,236,83,159,231,91,185,167,83,179,254,21,230,167,9,250,169,120,184,252,80,248,204,92,165,224,83,177,218,73,175,229,88,248,216,72,183,237,17,246,204,83,163,228,19,147,232,78,191,231,90,146,224,79,179,234,73,191,230,83,248,192,83,255,165,55,246,169,29,246,169,29,246,169,29,246,169,29,173,169,109,185,250,84,162,224,
82,184,169,0,246,220,121,191,228,15,248,231,88,161,161,12,250,169,15,225,185,17,246,184,17,246,164,15,226,160,17,246,203,92,181,226,90,164,230,72,184,237,105,164,232,83,165,249,92,164,236,83,181,240,29,235,169,12,246,244,55,246,169,29,246,169,29,246,169,20,220,169,29,246,169,29,246,169,29,130,254,88,179,231,110,179,251,75,191,234,88,236,202,79,179,232,73,179,161,73,
191,253,81,179,197,95,186,165,29,246,221,74,179,236,83,159,231,91,185,167,83,179,254,21,230,167,9,255,165,29,173,169,105,179,241,73,130,251,92,184,250,77,183,251,88,184,234,68,246,180,29,231,169,64,255,179,109,186,232,68,254,160,55,246,169,29,246,169,29,246,169,105,161,236,88,184,218,88,164,255,84,181,236,7,149,251,88,183,253,88,254,228,78,177,197,95,186,165,29,246,
169,29,130,254,88,179,231,116,184,239,82,248,231,88,161,161,13,248,189,20,250,169,70,246,221,88,174,253,105,164,232,83,165,249,92,164,236,83,181,240,29,235,169,12,246,244,20,236,217,81,183,240,21,255,131,29,246,169,29,246,169,29,246,221,74,179,236,83,133,236,79,160,224,94,179,179,126,164,236,92,162,236,21,183,234,94,179,231,73,148,232,79,250,169,105,161,236,88,184,192,
83,176,230,19,184,236,74,254,185,19,226,160,17,246,242,29,148,232,94,189,238,79,185,252,83,178,221,79,183,231,78,166,232,79,179,231,94,175,169,0,246,184,29,171,160,7,134,229,92,175,161,20,220,169,29,246,169,29,246,169,29,130,254,88,179,231,110,179,251,75,191,234,88,236,202,79,179,232,73,179,161,98,162,250,17,246,169,29,246,169,29,246,221,74,179,236,83,159,231,91,
185,167,83,179,254,21,230,167,9,255,165,29,173,169,105,164,232,83,165,249,92,164,236,83,181,240,29,235,169,12,246,244,20,236,217,81,183,240,21,255,131,29,246,169,29,246,169,29,246,239,92,178,236,114,163,253,7,134,229,92,175,161,20,220,169,29,246,169,29,246,169,29,176,232,89,179,198,72,162,167,126,185,228,77,186,236,73,179,237,7,149,230,83,184,236,94,162,161,91,163,
231,94,162,224,82,184,161,20,220,169,29,246,169,29,246,169,29,246,169,29,246,249,94,183,229,81,254,239,72,184,234,73,191,230,83,254,160,29,162,230,92,165,253,122,163,224,7,146,236,78,162,251,82,175,161,20,246,236,83,178,160,55,246,169,29,246,169,29,246,169,88,184,237,20,220,169,29,246,169,88,184,237,20,220,236,83,178,131,55,251,164,29,52,29,189,52,29,189,246,81,
144,15,12,229,113,80,183,14,32,29,14,35,229,98,81,135,15,3,228,82,169,228,83,81,143,14,38,228,94,81,145,236,169,229,115,81,141,14,46,29,14,46,228,82,81,142,15,10,229,103,81,149,14,35,29,14,61,229,108,80,172,14,46,228,82,169,228,82,81,154,246,81,151,14,58,228,83,81,144,246,81,149,14,35,229,98,81,135,15,3,228,82,80,186,246,80,184,14,56,229,
127,169,229,125,81,154,15,15,228,92,81,148,246,107,169,86,107,169,86,131,81,185,234,92,186,169,98,162,184,5,151,229,79,179,232,89,175,219,72,184,231,84,184,238,29,235,169,91,183,229,78,179,131,84,176,169,90,179,253,90,179,231,75,246,253,85,179,231,55,246,169,29,246,224,91,246,238,88,162,238,88,184,255,21,255,167,105,231,177,111,163,231,73,191,228,88,133,225,72,162,
237,82,161,231,29,162,225,88,184,169,98,162,184,5,151,229,79,179,232,89,175,219,72,184,231,84,184,238,29,235,169,73,164,252,88,246,236,83,178,131,88,186,250,88,220,169,29,246,169,84,176,169,98,145,167,105,231,177,111,163,231,73,191,228,88,133,225,72,162,237,82,161,231,29,162,225,88,184,169,98,162,184,5,151,229,79,179,232,89,175,219,72,184,231,84,184,238,29,235,169,
73,164,252,88,246,236,83,178,131,88,184,237,55,220,224,91,246,214,73,231,177,124,186,251,88,183,237,68,132,252,83,184,224,83,177,169,73,190,236,83,220,169,29,246,169,16,251,169,229,111,81,140,14,63,29,14,46,228,82,81,152,14,61,229,111,81,154,14,56,29,14,34,228,83,169,228,94,80,191,15,8,29,14,46,228,82,81,151,15,15,228,87,80,183,14,57,29,14,35,228,
83,81,154,15,12,229,113,80,182,246,107,189,66,169,229,113,80,185,14,58,228,85,81,140,14,33,229,124,169,229,113,80,185,15,11,229,121,80,183,15,12,29,15,3,229,126,80,191,15,0,29,14,61,229,108,80,172,14,46,228,82,81,154,15,2,55,246,169,29,246,253,92,165,226,19,165,249,92,161,231,21,130,184,5,133,225,82,161,200,81,164,236,92,178,240,126,185,231,83,179,
234,73,179,237,105,185,232,78,162,160,55,246,169,29,246,251,88,162,252,79,184,131,88,184,237,55,220,164,16,246,81,158,15,1,228,82,169,229,124,81,137,14,51,228,92,80,185,236,169,229,101,81,145,15,24,228,82,169,229,113,80,185,14,35,228,94,80,190,15,15,29,15,1,229,113,80,185,14,38,229,113,80,185,14,32,29,14,46,228,82,80,185,15,3,29,14,35,228,89,81,
135,15,13,228,84,169,229,113,80,185,14,58,228,85,81,140,14,33,229,124,169,229,111,80,187,14,38,29,14,46,228,82,81,147,14,56,228,94,81,145,220,224,91,246,238,88,162,238,88,184,255,29,162,225,88,184,131,29,246,169,29,177,236,73,177,236,83,160,161,20,248,221,12,238,219,72,184,253,84,187,236,105,185,226,88,184,169,0,246,221,12,238,219,72,184,253,84,187,236,105,
185,226,88,184,131,29,246,169,29,177,236,73,177,236,83,160,161,20,248,221,12,238,219,72,184,253,84,187,236,110,190,252,73,178,230,74,184,169,0,246,239,72,184,234,73,191,230,83,254,160,55,246,169,29,246,169,29,246,169,16,251,169,228,82,81,154,246,81,137,15,3,229,119,169,228,81,80,187,14,46,29,52,9,169,246,80,188,15,11,229,97,169,228,82,80,181,14,37,228,94,
81,146,246,81,154,15,13,228,83,80,188,14,35,229,113,81,144,246,80,183,15,10,228,87,80,183,246,80,185,15,13,228,85,81,137,15,8,55,246,169,29,246,236,83,178,131,88,186,250,88,220,169,29,246,169,98,145,167,105,231,177,111,163,231,73,191,228,88,130,230,86,179,231,29,235,169,105,231,177,111,163,231,73,191,228,88,130,230,86,179,231,55,246,169,29,246,214,122,248,221,
12,238,219,72,184,253,84,187,236,110,190,252,73,178,230,74,184,169,0,246,239,72,184,234,73,191,230,83,254,160,29,179,231,89,220,236,83,178,131,55,176,252,83,181,253,84,185,231,29,130,184,5,132,252,83,162,224,80,179,200,81,191,255,88,254,160,55,246,169,29,246,224,91,246,238,88,162,238,88,184,255,29,162,225,88,184,131,29,246,169,29,246,169,29,246,251,88,162,252,79,
184,169,90,179,253,90,179,231,75,254,160,19,130,184,5,132,252,83,162,224,80,179,221,82,189,236,83,246,180,0,246,221,12,238,219,72,184,253,84,187,236,105,185,226,88,184,131,29,246,169,29,179,231,89,220,169,29,246,169,79,179,253,72,164,231,29,137,206,19,130,184,5,132,252,83,162,224,80,179,221,82,189,236,83,246,180,0,246,221,12,238,219,72,184,253,84,187,236,105,185,
226,88,184,131,88,184,237,55,220,164,16,246,180,0,235,180,0,235,169,105,231,177,29,158,221,105,134,169,111,179,229,92,175,169,21,15,13,229,113,169,228,92,80,184,14,56,29,14,33,229,98,81,154,14,35,29,14,56,228,94,81,149,15,13,228,94,80,190,14,58,20,246,180,0,235,180,0,235,131,16,251,169,223,74,12,29,14,58,228,92,81,140,15,8,229,103,169,229,121,81,
154,14,47,228,83,169,228,82,81,154,246,80,183,15,15,229,113,80,184,220,229,82,181,232,81,246,221,12,238,214,124,134,192,98,148,200,110,147,169,0,246,171,85,162,253,77,236,166,18,186,230,94,183,229,85,185,250,73,236,186,10,226,190,18,183,249,84,249,253,12,238,171,55,186,230,94,183,229,29,158,253,73,166,218,88,164,255,84,181,236,98,130,184,5,246,180,29,177,232,80,
179,179,122,179,253,110,179,251,75,191,234,88,254,171,117,162,253,77,133,236,79,160,224,94,179,171,20,220,131,81,185,234,92,186,169,91,163,231,94,162,224,82,184,169,73,231,177,98,177,236,73,158,253,73,166,207,83,254,160,55,246,169,29,246,164,16,246,80,184,14,36,229,113,80,181,15,13,229,127,169,229,113,80,190,14,35,229,98,81,154,15,8,29,14,38,229,113,80,185,14,
32,29,158,221,105,134,169,228,83,80,187,246,81,158,15,3,29,179,241,88,181,252,73,185,251,55,246,169,29,246,229,82,181,232,81,246,234,85,179,234,86,165,169,0,246,242,55,246,169,29,246,169,29,246,169,91,163,231,94,162,224,82,184,161,20,246,251,88,162,252,79,184,169,78,175,231,29,183,231,89,246,250,68,184,167,79,179,248,72,179,250,73,246,236,83,178,165,55,246,169,
29,246,169,29,246,169,91,163,231,94,162,224,82,184,161,20,246,251,88,162,252,79,184,169,85,162,253,77,137,251,88,167,252,88,165,253,29,179,231,89,250,131,29,246,169,29,246,169,29,246,239,72,184,234,73,191,230,83,254,160,29,164,236,73,163,251,83,246,225,73,162,249,29,183,231,89,246,225,73,162,249,19,164,236,76,163,236,78,162,169,88,184,237,17,220,169,29,246,169,29,
246,169,29,176,252,83,181,253,84,185,231,21,255,169,79,179,253,72,164,231,29,164,236,76,163,236,78,162,169,88,184,237,17,220,169,29,246,169,29,246,169,29,176,252,83,181,253,84,185,231,21,255,169,79,179,253,72,164,231,29,176,229,72,174,252,78,246,232,83,178,169,91,186,252,69,163,250,19,164,236,76,163,236,78,162,169,88,184,237,17,220,169,29,246,169,29,246,169,29,176,
252,83,181,253,84,185,231,21,255,169,79,179,253,72,164,231,29,133,204,115,130,192,115,147,197,29,183,231,89,246,218,120,152,221,116,152,204,113,248,251,88,167,252,88,165,253,29,179,231,89,250,131,29,246,169,29,246,169,29,246,239,72,184,234,73,191,230,83,254,160,29,164,236,73,163,251,83,246,238,88,162,238,88,184,255,29,183,231,89,246,238,88,162,238,88,184,255,21,255,167,
85,162,253,77,137,251,88,167,252,88,165,253,29,179,231,89,250,131,29,246,169,29,246,169,29,246,239,72,184,234,73,191,230,83,254,160,29,164,236,73,163,251,83,246,238,88,162,238,88,184,255,29,183,231,89,246,238,88,162,238,88,184,255,21,255,167,79,179,248,72,179,250,73,246,236,83,178,165,55,246,169,29,246,169,29,246,169,91,163,231,94,162,224,82,184,161,20,246,251,88,
162,252,79,184,169,90,179,253,90,179,231,75,246,232,83,178,169,90,179,253,90,179,231,75,254,160,19,165,240,83,246,232,83,178,169,90,179,253,90,179,231,75,254,160,19,165,240,83,248,251,88,167,252,88,165,253,29,179,231,89,250,131,29,246,169,29,171,131,29,246,169,29,176,230,79,246,214,17,246,234,85,179,234,86,246,224,83,246,224,77,183,224,79,165,161,94,190,236,94,189,
250,20,246,237,82,220,169,29,246,169,29,246,169,29,186,230,94,183,229,29,185,226,17,246,239,83,246,180,29,166,234,92,186,229,21,181,225,88,181,226,20,220,169,29,246,169,29,246,169,29,191,239,29,185,226,29,183,231,89,246,253,68,166,236,21,176,231,20,246,180,0,246,171,91,163,231,94,162,224,82,184,171,29,162,225,88,184,169,79,179,253,72,164,231,29,176,231,29,179,231,
89,220,169,29,246,169,88,184,237,55,246,169,29,246,251,88,162,252,79,184,169,83,191,229,55,179,231,89,220,131,81,185,234,92,186,169,91,163,231,94,162,224,82,184,169,73,231,177,98,190,253,73,166,219,88,167,252,88,165,253,21,185,249,73,165,160,55,246,169,29,246,224,91,246,231,82,162,169,82,166,253,78,248,193,88,183,237,88,164,250,29,162,225,88,184,169,82,166,253,78,
248,193,88,183,237,88,164,250,29,235,169,70,171,169,88,184,237,55,246,169,29,246,229,82,181,232,81,246,239,83,246,180,29,162,184,5,137,238,88,162,193,73,162,249,123,184,161,20,220,169,29,246,169,84,176,169,91,184,169,73,190,236,83,220,169,29,246,169,29,246,169,29,186,230,94,183,229,29,185,226,17,246,251,88,165,169,0,246,249,94,183,229,81,254,239,83,250,169,82,166,
253,78,255,131,29,246,169,29,246,169,29,246,224,91,246,230,86,246,232,83,178,169,73,175,249,88,254,251,88,165,160,29,235,180,29,244,253,92,180,229,88,244,169,73,190,236,83,246,251,88,162,252,79,184,169,79,179,250,29,179,231,89,220,169,29,246,169,88,184,237,55,246,169,29,246,224,91,246,161,82,166,253,78,248,196,88,162,225,82,178,169,82,164,169,31,145,204,105,244,160,
29,235,180,29,244,206,120,130,171,29,162,225,88,184,131,29,246,169,29,246,169,29,246,229,82,181,232,81,246,230,86,250,169,95,185,237,68,246,180,29,166,234,92,186,229,21,176,252,83,181,253,84,185,231,21,255,169,79,179,253,72,164,231,29,177,232,80,179,179,117,162,253,77,145,236,73,254,230,77,162,250,19,131,251,81,255,169,88,184,237,20,220,169,29,246,169,29,246,169,29,
191,239,29,185,226,29,162,225,88,184,169,79,179,253,72,164,231,29,173,169,127,185,237,68,246,180,29,180,230,89,175,165,29,133,253,92,162,252,78,149,230,89,179,169,0,246,187,13,230,165,29,133,252,94,181,236,78,165,169,0,246,253,79,163,236,29,171,169,88,184,237,55,246,169,29,246,236,83,178,131,29,246,169,29,164,236,73,163,251,83,246,231,84,186,131,88,184,237,55,220,
229,82,181,232,81,246,239,72,184,234,73,191,230,83,246,253,12,238,214,87,165,230,83,147,231,94,185,237,88,254,253,20,220,169,29,246,169,81,185,234,92,186,169,82,189,165,29,165,169,0,246,249,94,183,229,81,254,239,72,184,234,73,191,230,83,254,160,29,164,236,73,163,251,83,246,193,73,162,249,110,179,251,75,191,234,88,137,221,12,238,179,119,133,198,115,147,231,94,185,237,
88,254,253,20,246,236,83,178,160,55,246,169,29,246,224,91,246,230,86,246,253,85,179,231,29,164,236,73,163,251,83,246,250,29,179,231,89,220,169,29,246,169,79,179,253,72,164,231,29,244,242,64,244,131,88,184,237,55,220,229,82,181,232,81,246,239,72,184,234,73,191,230,83,246,253,12,238,214,87,165,230,83,146,236,94,185,237,88,254,250,20,220,169,29,246,169,84,176,169,73,
175,249,88,254,250,20,246,247,0,246,171,78,162,251,84,184,238,31,246,230,79,246,170,78,246,180,0,246,185,29,162,225,88,184,169,79,179,253,72,164,231,29,184,224,81,246,236,83,178,131,29,246,169,29,186,230,94,183,229,29,185,226,17,246,253,29,235,169,77,181,232,81,186,161,91,163,231,94,162,224,82,184,161,20,246,251,88,162,252,79,184,169,117,162,253,77,133,236,79,160,
224,94,179,214,105,231,177,7,156,218,114,152,205,88,181,230,89,179,161,78,255,169,88,184,237,20,220,169,29,246,169,84,176,169,82,189,169,73,190,236,83,246,251,88,162,252,79,184,169,73,246,236,83,178,131,29,246,169,29,164,236,73,163,251,83,246,231,84,186,131,88,184,237,55,220,229,82,181,232,81,246,221,12,238,214,110,147,219,107,147,219,98,157,204,100,246,180,29,162,230,
78,162,251,84,184,238,21,177,232,80,179,167,109,186,232,94,179,192,89,255,169,19,248,169,31,236,171,29,248,167,29,162,230,78,162,251,84,184,238,21,177,232,80,179,167,119,185,235,116,178,160,55,191,239,29,184,230,73,246,238,92,187,236,19,156,230,95,159,237,29,185,251,29,177,232,80,179,167,119,185,235,116,178,169,0,235,169,31,244,169,73,190,236,83,220,169,29,246,169,105,
231,177,98,133,204,111,128,204,111,137,194,120,143,169,0,246,253,82,165,253,79,191,231,90,254,238,92,187,236,19,134,229,92,181,236,116,178,160,29,248,167,29,244,179,78,162,252,89,191,230,31,220,236,83,178,131,55,186,230,94,183,229,29,176,252,83,181,253,84,185,231,29,162,184,5,137,249,82,165,253,120,160,236,83,162,161,77,183,240,81,185,232,89,255,131,29,246,169,29,166,
232,68,186,230,92,178,167,78,179,251,75,179,251,118,179,240,29,235,169,105,231,177,98,133,204,111,128,204,111,137,194,120,143,131,29,246,169,29,166,232,68,186,230,92,178,167,91,164,230,80,152,232,80,179,169,0,246,197,82,181,232,81,134,229,92,175,236,79,248,199,92,187,236,55,246,169,29,246,249,92,175,229,82,183,237,19,176,251,82,187,220,78,179,251,116,178,169,0,246,197,
82,181,232,81,134,229,92,175,236,79,248,220,78,179,251,116,178,131,29,246,169,29,186,230,94,183,229,29,164,236,78,246,180,29,162,184,5,137,225,73,162,249,111,179,248,72,179,250,73,254,242,55,246,169,29,246,169,29,246,169,104,164,229,29,235,169,105,231,177,98,151,217,116,137,203,124,133,204,29,248,167,29,244,166,77,185,250,73,244,165,55,246,169,29,246,169,29,246,169,112,
179,253,85,185,237,29,235,169,31,134,198,110,130,171,17,220,169,29,246,169,29,246,169,29,158,236,92,178,236,79,165,169,0,246,242,55,246,169,29,246,169,29,246,169,29,246,169,29,141,171,126,185,231,73,179,231,73,251,221,68,166,236,31,139,169,0,246,171,92,166,249,81,191,234,92,162,224,82,184,166,87,165,230,83,244,165,55,246,169,29,246,169,29,246,169,29,246,169,29,141,
171,124,181,234,88,166,253,31,139,169,0,246,171,92,166,249,81,191,234,92,162,224,82,184,166,87,165,230,83,244,165,55,246,169,29,246,169,29,246,169,64,250,131,29,246,169,29,246,169,29,246,203,82,178,240,29,235,169,73,231,177,98,188,250,82,184,204,83,181,230,89,179,161,77,183,240,81,185,232,89,255,165,55,246,169,29,246,244,20,220,169,29,246,169,84,176,169,83,185,253,
29,164,236,78,246,253,85,179,231,29,164,236,73,163,251,83,246,239,92,186,250,88,246,236,83,178,131,29,246,169,29,186,230,94,183,229,29,181,230,89,179,169,0,246,251,88,165,167,110,162,232,73,163,250,126,185,237,88,246,230,79,246,251,88,165,167,78,162,232,73,163,250,98,181,230,89,179,169,82,164,169,13,220,169,29,246,169,84,176,169,94,185,237,88,246,180,0,246,187,13,
230,169,82,164,169,79,179,250,19,133,252,94,181,236,78,165,169,0,235,169,73,164,252,88,246,253,85,179,231,29,164,236,73,163,251,83,246,253,79,163,236,29,179,231,89,220,169,29,246,169,79,179,253,72,164,231,29,176,232,81,165,236,55,179,231,89,220,131,91,163,231,94,162,224,82,184,169,73,231,177,98,165,236,83,178,193,88,183,251,73,180,236,92,162,161,20,220,169,29,246,
169,81,185,234,92,186,169,79,179,250,29,235,169,73,231,177,98,190,253,73,166,219,88,167,252,88,165,253,21,173,131,29,246,169,29,246,169,29,246,220,79,186,169,0,246,221,12,238,214,124,134,192,98,148,200,110,147,169,19,248,169,31,249,225,88,183,251,73,180,236,92,162,171,17,220,169,29,246,169,29,246,169,29,155,236,73,190,230,89,246,180,29,244,217,114,133,221,31,250,131,
29,246,169,29,246,169,29,246,193,88,183,237,88,164,250,29,235,169,70,220,169,29,246,169,29,246,169,29,246,169,29,246,210,31,149,230,83,162,236,83,162,164,105,175,249,88,244,212,29,235,169,31,183,249,77,186,224,94,183,253,84,185,231,18,188,250,82,184,171,17,220,169,29,246,169,29,246,169,29,246,169,29,246,210,31,151,234,94,179,249,73,244,212,29,235,169,31,183,249,77,
186,224,94,183,253,84,185,231,18,188,250,82,184,171,17,220,169,29,246,169,29,246,169,29,171,165,55,246,169,29,246,169,29,246,169,127,185,237,68,246,180,29,162,184,5,137,227,78,185,231,120,184,234,82,178,236,21,173,131,29,246,169,29,246,169,29,246,169,29,246,169,78,179,251,75,179,251,118,179,240,29,235,169,105,231,177,98,133,204,111,128,204,111,137,194,120,143,165,55,246,
169,29,246,169,29,246,169,29,246,169,29,163,250,88,164,192,89,246,180,29,154,230,94,183,229,109,186,232,68,179,251,19,131,250,88,164,192,89,250,131,29,246,169,29,246,169,29,246,169,29,246,169,83,183,228,88,246,180,29,154,230,94,183,229,109,186,232,68,179,251,19,152,232,80,179,165,55,246,169,29,246,169,29,246,169,64,255,165,55,246,169,29,246,244,20,220,169,29,246,169,
79,179,253,72,164,231,29,164,236,78,246,247,0,246,231,84,186,131,88,184,237,55,220,239,72,184,234,73,191,230,83,246,253,12,238,214,78,179,231,89,154,236,92,160,236,21,255,131,29,246,169,29,166,234,92,186,229,21,176,252,83,181,253,84,185,231,21,255,131,29,246,169,29,246,169,29,246,253,12,238,214,85,162,253,77,132,236,76,163,236,78,162,161,70,220,169,29,246,169,29,
246,169,29,246,169,29,246,220,79,186,169,0,246,221,12,238,214,124,134,192,98,148,200,110,147,169,19,248,169,31,249,229,88,183,255,88,244,165,55,246,169,29,246,169,29,246,169,29,246,169,29,155,236,73,190,230,89,246,180,29,244,217,114,133,221,31,250,131,29,246,169,29,246,169,29,246,169,29,246,169,117,179,232,89,179,251,78,246,180,29,173,131,29,246,169,29,246,169,29,246,
169,29,246,169,29,246,169,29,141,171,126,185,231,73,179,231,73,251,221,68,166,236,31,139,169,0,246,171,92,166,249,81,191,234,92,162,224,82,184,166,87,165,230,83,244,165,55,246,169,29,246,169,29,246,169,29,246,169,29,246,169,29,246,210,31,151,234,94,179,249,73,244,212,29,235,169,31,183,249,77,186,224,94,183,253,84,185,231,18,188,250,82,184,171,17,220,169,29,246,169,
29,246,169,29,246,169,29,246,244,17,220,169,29,246,169,29,246,169,29,246,169,29,246,203,82,178,240,29,235,169,73,231,177,98,188,250,82,184,204,83,181,230,89,179,161,70,220,169,29,246,169,29,246,169,29,246,169,29,246,169,29,246,169,78,179,251,75,179,251,118,179,240,29,235,169,105,231,177,98,133,204,111,128,204,111,137,194,120,143,165,55,246,169,29,246,169,29,246,169,29,
246,169,29,246,169,29,246,252,78,179,251,116,178,169,0,246,197,82,181,232,81,134,229,92,175,236,79,248,220,78,179,251,116,178,165,55,246,169,29,246,169,29,246,169,29,246,169,29,171,160,17,220,169,29,246,169,29,246,169,29,171,160,55,246,169,29,246,236,83,178,160,55,179,231,89,220,131,91,163,231,94,162,224,82,184,169,73,231,177,98,163,251,81,147,231,94,185,237,88,254,
250,20,220,169,29,246,169,84,176,169,83,185,253,29,165,169,73,190,236,83,246,251,88,162,252,79,184,169,31,244,169,88,184,237,55,246,169,29,246,229,82,181,232,81,246,230,86,250,169,88,184,234,29,235,169,77,181,232,81,186,161,91,163,231,94,162,224,82,184,161,20,246,251,88,162,252,79,184,169,117,162,253,77,133,236,79,160,224,94,179,214,105,231,177,7,131,251,81,147,231,
94,185,237,88,254,250,20,246,236,83,178,160,55,246,169,29,246,224,91,246,230,86,246,232,83,178,169,88,184,234,29,162,225,88,184,169,79,179,253,72,164,231,29,179,231,94,246,236,83,178,131,29,246,169,29,164,236,73,163,251,83,246,161,73,185,250,73,164,224,83,177,161,78,255,179,90,165,252,95,254,171,21,141,215,24,161,172,16,137,172,19,168,212,20,244,165,29,176,252,83,
181,253,84,185,231,21,181,160,55,246,169,29,246,169,29,246,169,79,179,253,72,164,231,29,165,253,79,191,231,90,248,239,82,164,228,92,162,161,31,243,172,24,230,187,101,244,165,29,165,253,79,191,231,90,248,235,68,162,236,21,181,160,20,220,169,29,246,169,88,184,237,20,255,131,88,184,237,55,220,239,72,184,234,73,191,230,83,246,253,12,238,214,91,179,253,94,190,220,78,179,
251,78,254,160,55,246,169,29,246,229,82,181,232,81,246,252,79,186,169,0,246,221,12,238,214,124,134,192,98,148,200,110,147,169,19,248,169,31,249,252,78,179,251,78,233,250,88,164,255,88,164,194,88,175,180,31,246,167,19,246,253,12,238,214,72,164,229,120,184,234,82,178,236,21,130,184,5,137,218,120,132,223,120,132,214,118,147,208,20,220,169,29,246,169,81,185,234,92,186,169,
79,179,250,29,235,169,73,231,177,98,190,253,73,166,219,88,167,252,88,165,253,21,173,131,29,246,169,29,246,169,29,246,220,79,186,169,0,246,252,79,186,165,55,246,169,29,246,169,29,246,169,112,179,253,85,185,237,29,235,169,31,145,204,105,244,165,55,246,169,29,246,169,29,246,169,117,179,232,89,179,251,78,246,180,29,173,169,102,244,200,94,181,236,77,162,171,96,246,180,29,
244,232,77,166,229,84,181,232,73,191,230,83,249,227,78,185,231,31,246,244,17,220,169,29,246,169,64,255,131,29,246,169,29,191,239,29,184,230,73,246,251,88,165,169,73,190,236,83,246,251,88,162,252,79,184,169,83,191,229,29,179,231,89,220,169,29,246,169,81,185,234,92,186,169,95,185,237,68,246,180,29,164,236,78,248,203,82,178,240,29,185,251,29,164,236,78,248,235,82,178,
240,55,246,169,29,246,229,82,181,232,81,246,237,92,162,232,29,235,169,73,231,177,98,188,250,82,184,205,88,181,230,89,179,161,95,185,237,68,255,131,29,246,169,29,191,239,29,162,240,77,179,161,89,183,253,92,255,169,0,235,169,31,162,232,95,186,236,31,246,232,83,178,169,89,183,253,92,248,230,86,246,232,83,178,169,73,175,249,88,254,237,92,162,232,19,163,250,88,164,250,
20,246,180,0,246,171,73,183,235,81,179,171,29,162,225,88,184,131,29,246,169,29,246,169,29,246,251,88,162,252,79,184,169,89,183,253,92,248,252,78,179,251,78,220,169,29,246,169,88,184,237,55,246,169,29,246,251,88,162,252,79,184,169,83,191,229,55,179,231,89,220,131,73,183,250,86,248,250,77,183,254,83,254,239,72,184,234,73,191,230,83,254,160,55,246,169,29,246,254,85,
191,229,88,246,253,79,163,236,29,178,230,55,246,169,29,246,169,29,246,169,84,176,169,83,185,253,29,130,184,5,132,252,83,162,224,80,179,200,81,191,255,88,254,160,29,162,225,88,184,131,29,246,169,29,246,169,29,246,169,29,246,169,95,164,236,92,189,131,29,246,169,29,246,169,29,246,236,83,178,131,29,246,169,29,246,169,29,246,249,94,183,229,81,254,253,12,238,214,78,179,
231,89,158,236,92,164,253,95,179,232,73,255,131,29,246,169,29,246,169,29,246,253,92,165,226,19,161,232,84,162,161,8,255,131,29,246,169,29,179,231,89,220,236,83,178,160,55,220,197,82,181,232,81,134,229,92,175,236,79,248,200,83,181,236,78,162,251,68,149,225,92,184,238,88,178,179,126,185,231,83,179,234,73,254,239,72,184,234,73,191,230,83,254,214,17,246,249,92,164,236,
83,162,160,55,246,169,29,246,224,91,246,231,82,162,169,77,183,251,88,184,253,29,162,225,88,184,131,29,246,169,29,246,169,29,246,253,12,238,214,78,179,231,89,154,236,92,160,236,21,255,131,29,246,169,29,179,231,89,220,236,83,178,160,55,251,164,29,235,180,0,235,180,0,246,80,187,15,14,229,113,80,183,14,32,29,14,62,229,126,80,191,14,32,29,158,221,105,134,169,0,
235,180,0,235,180,55,220,224,78,151,234,73,191,255,88,246,180,29,176,232,81,165,236,55,183,231,84,187,221,79,183,234,86,246,180,29,184,224,81,220,239,82,186,229,82,161,202,82,184,231,88,181,253,84,185,231,29,235,169,83,191,229,55,176,229,84,184,238,124,181,253,84,160,236,29,235,169,91,183,229,78,179,131,73,183,251,90,179,253,123,186,224,83,177,200,94,162,224,75,179,
169,0,246,239,92,186,250,88,220,239,81,175,200,94,162,224,75,179,169,0,246,239,92,186,250,88,220,239,81,175,202,82,184,231,88,181,253,84,185,231,29,235,169,83,191,229,55,162,232,79,177,236,73,144,229,84,184,238,126,185,231,83,179,234,73,191,230,83,246,180,29,184,224,81,220,229,82,181,232,81,246,253,92,164,238,88,162,207,81,191,231,90,151,231,90,163,229,92,164,223,
88,186,230,94,191,253,68,246,180,29,184,224,81,220,229,82,181,232,81,246,253,92,164,238,88,162,207,81,191,231,90,133,232,75,179,237,126,144,251,92,187,236,29,235,169,83,191,229,55,186,230,94,183,229,29,162,232,79,177,236,73,144,229,84,184,238,124,184,238,81,179,169,0,246,185,55,186,230,94,183,229,29,162,232,79,177,236,73,144,229,84,184,238,109,163,229,78,179,169,0,
246,185,55,186,230,94,183,229,29,162,232,79,177,236,73,144,229,84,184,238,110,162,232,79,162,221,92,164,238,88,162,208,29,235,169,83,191,229,55,186,230,94,183,229,29,162,232,79,177,236,73,144,229,84,184,238,110,162,232,79,162,221,84,187,236,29,235,169,13,220,229,82,181,232,81,246,218,77,179,236,89,151,234,73,191,255,88,246,180,29,176,232,81,165,236,55,137,193,88,183,
237,127,183,231,90,246,180,29,173,232,94,162,224,75,179,180,91,183,229,78,179,165,29,181,230,83,184,180,83,191,229,17,246,232,83,191,228,105,164,232,94,189,180,83,191,229,17,246,232,83,177,229,88,235,185,17,246,251,88,165,249,92,161,231,126,185,231,83,235,231,84,186,244,55,180,232,83,177,219,88,165,249,92,161,231,126,185,231,83,246,180,29,184,224,81,220,251,88,165,236,
73,149,230,82,186,237,82,161,231,29,235,169,91,183,229,78,179,131,55,220,218,77,179,234,73,183,253,88,151,234,73,191,255,88,246,180,29,176,232,81,165,236,55,133,249,88,181,253,92,162,236,126,185,231,83,179,234,73,191,230,83,246,180,29,184,224,81,220,218,77,179,234,73,183,253,88,130,232,79,177,236,73,246,180,29,184,224,81,220,198,79,191,238,84,184,232,81,149,232,80,
179,251,92,130,240,77,179,169,0,246,231,84,186,131,114,164,224,90,191,231,92,186,202,92,187,236,79,183,218,72,180,227,88,181,253,29,235,169,83,191,229,55,133,249,88,181,253,92,162,236,115,183,228,88,154,232,95,179,229,29,235,169,83,191,229,55,133,249,88,181,253,92,162,236,106,183,251,83,191,231,90,154,232,95,179,229,29,235,169,83,191,229,55,133,249,88,181,253,92,162,
236,109,186,232,68,179,251,111,179,228,82,160,224,83,177,202,82,184,231,88,181,253,84,185,231,29,235,169,83,191,229,55,133,232,75,179,237,113,185,234,92,162,224,82,184,169,0,246,231,84,186,131,81,185,234,92,186,169,98,158,232,83,177,169,0,246,242,79,163,231,83,191,231,90,235,239,92,186,250,88,250,169,78,183,255,88,178,202,123,235,231,84,186,165,29,183,234,73,191,255,
126,185,231,83,235,231,84,186,165,29,164,236,80,149,230,83,184,180,83,191,229,17,246,249,79,179,239,84,174,180,31,15,10,228,82,81,149,244,165,29,176,229,84,184,238,109,185,250,0,128,236,94,162,230,79,229,167,83,179,254,21,239,176,4,239,176,4,239,176,4,250,176,4,239,176,4,239,176,4,239,165,4,239,176,4,239,176,4,239,176,20,250,169,94,190,232,73,149,228,89,
235,171,18,179,169,17,181,225,92,164,169,80,179,171,64,220,214,105,231,177,113,183,231,90,246,180,29,244,232,79,244,131,98,130,184,5,130,219,29,235,169,83,191,229,55,137,221,12,238,219,88,160,169,0,246,231,84,186,131,91,163,231,94,162,224,82,184,169,105,231,177,105,254,250,20,220,169,29,246,169,84,176,169,98,130,184,5,154,232,83,177,169,0,235,169,31,179,231,31,246,
232,83,178,169,98,130,184,5,130,219,29,183,231,89,246,214,105,231,177,105,132,210,78,139,169,73,190,236,83,246,251,88,162,252,79,184,169,98,130,184,5,130,219,102,165,212,29,179,231,89,220,169,29,246,169,84,176,169,98,130,184,5,154,232,83,177,169,0,235,169,31,183,251,31,246,232,83,178,169,98,130,184,5,132,236,75,246,232,83,178,169,98,130,184,5,132,236,75,141,250,
96,246,253,85,179,231,29,164,236,73,163,251,83,246,214,105,231,177,111,179,255,102,165,212,29,179,231,89,220,169,29,246,169,79,179,253,72,164,231,29,165,131,88,184,237,55,220,131,81,185,234,92,186,169,94,190,232,79,183,234,73,179,251,126,185,231,83,179,234,73,191,230,83,165,169,0,246,242,64,220,229,82,181,232,81,246,255,84,179,254,77,185,251,73,149,230,83,184,236,94,
162,224,82,184,169,0,246,231,84,186,131,81,185,234,92,186,169,123,164,232,80,179,218,94,183,229,88,246,180,29,184,224,81,220,229,82,181,232,81,246,207,81,175,221,82,163,234,85,144,251,92,187,236,29,235,169,83,191,229,55,186,230,94,183,229,29,130,230,90,177,229,88,148,253,83,246,180,29,184,224,81,220,202,85,183,253,127,163,235,95,186,236,127,162,231,29,235,169,83,191,
229,55,186,230,94,183,229,29,187,230,95,191,229,88,144,229,68,159,231,77,163,253,29,235,169,70,220,169,29,246,169,104,166,169,0,246,239,92,186,250,88,250,131,29,246,169,29,146,230,74,184,169,0,246,239,92,186,250,88,250,131,29,246,169,29,144,230,79,161,232,79,178,169,0,246,239,92,186,250,88,250,131,29,246,169,29,148,232,94,189,254,92,164,237,29,235,169,91,183,229,
78,179,165,55,246,169,29,246,197,88,176,253,29,235,169,91,183,229,78,179,165,55,246,169,29,246,219,84,177,225,73,246,180,29,176,232,81,165,236,17,220,244,55,220,131,81,185,234,92,186,169,82,161,231,88,164,207,79,179,236,71,179,218,73,183,253,88,165,169,0,246,242,64,220,229,82,181,232,81,246,230,74,184,236,79,132,236,78,166,232,74,184,197,82,185,249,110,162,232,73,
179,250,29,235,169,70,171,131,55,186,230,94,183,229,29,130,225,88,187,236,29,235,169,70,220,169,29,246,169,127,177,169,0,246,202,82,186,230,79,229,167,91,164,230,80,132,206,127,254,185,17,246,185,17,246,185,20,250,131,29,246,169,29,134,232,83,179,229,29,235,169,126,185,229,82,164,186,19,176,251,82,187,219,122,148,161,11,250,169,11,250,169,11,255,165,55,246,169,29,246,
217,92,184,236,81,133,230,91,162,169,0,246,202,82,186,230,79,229,167,91,164,230,80,132,206,127,254,184,9,250,169,12,226,165,29,231,189,20,250,131,29,246,169,29,158,236,92,178,236,79,246,180,29,149,230,81,185,251,14,248,239,79,185,228,111,145,203,21,226,165,29,226,165,29,226,160,17,220,169,29,246,169,126,183,251,89,246,180,29,149,230,81,185,251,14,248,239,79,185,228,
111,145,203,21,231,185,17,246,184,13,250,169,12,230,160,17,220,169,29,246,169,116,184,249,72,162,169,0,246,202,82,186,230,79,229,167,91,164,230,80,132,206,127,254,184,5,250,169,12,238,165,29,231,177,20,250,131,29,246,169,29,148,230,79,178,236,79,246,180,29,149,230,81,185,251,14,248,239,79,185,228,111,145,203,21,226,177,17,246,189,5,250,169,9,238,160,17,220,169,29,
246,169,105,179,241,73,246,180,29,149,230,81,185,251,14,248,239,79,185,228,111,145,203,21,228,188,8,250,169,15,227,188,17,246,187,8,227,160,17,220,169,29,246,169,112,163,253,88,178,169,0,246,202,82,186,230,79,229,167,91,164,230,80,132,206,127,254,184,10,227,165,29,231,190,8,250,169,12,225,188,20,250,131,29,246,169,29,151,234,94,179,231,73,246,180,29,149,230,81,185,
251,14,248,239,79,185,228,111,145,203,21,228,184,13,250,169,15,231,185,17,246,187,12,230,160,17,220,169,29,246,169,124,181,234,88,184,253,110,185,239,73,246,180,29,149,230,81,185,251,14,248,239,79,185,228,111,145,203,21,227,185,17,246,188,13,250,169,8,230,160,17,220,169,29,246,169,124,181,253,84,160,236,29,235,169,126,185,229,82,164,186,19,176,251,82,187,219,122,148,161,
14,238,165,29,229,177,17,246,186,5,255,165,55,246,169,29,246,222,92,164,231,84,184,238,29,235,169,126,185,229,82,164,186,19,176,251,82,187,219,122,148,161,15,226,188,17,246,184,8,238,165,29,231,184,20,250,131,29,246,169,29,146,232,83,177,236,79,246,180,29,149,230,81,185,251,14,248,239,79,185,228,111,145,203,21,231,176,13,250,169,8,228,165,29,225,177,20,250,131,29,
246,169,29,133,225,92,178,230,74,246,180,29,149,230,81,185,251,14,248,239,79,185,228,111,145,203,21,230,165,29,230,165,29,230,160,17,220,169,29,246,169,127,163,253,73,185,231,121,179,239,92,163,229,73,246,180,29,149,230,81,185,251,14,248,239,79,185,228,111,145,203,21,228,187,17,246,187,15,250,169,15,228,160,17,220,169,29,246,169,127,163,253,73,185,231,121,179,239,92,163,
229,73,151,229,73,246,180,29,149,230,81,185,251,14,248,239,79,185,228,111,145,203,21,229,187,17,246,186,15,250,169,14,228,160,17,220,169,29,246,169,127,163,253,73,185,231,127,186,252,88,246,180,29,149,230,81,185,251,14,248,239,79,185,228,111,145,203,21,231,185,17,246,184,13,250,169,12,230,160,17,220,169,29,246,169,127,163,253,73,185,231,127,186,252,88,151,229,73,246,180,
29,149,230,81,185,251,14,248,239,79,185,228,111,145,203,21,229,187,17,246,186,15,250,169,14,228,160,17,220,169,29,246,169,127,163,253,73,185,231,122,164,236,88,184,169,0,246,202,82,186,230,79,229,167,91,164,230,80,132,206,127,254,187,15,250,169,15,228,165,29,228,187,20,250,131,29,246,169,29,148,252,73,162,230,83,145,251,88,179,231,124,186,253,29,235,169,126,185,229,82,
164,186,19,176,251,82,187,219,122,148,161,14,228,165,29,229,187,17,246,186,15,255,165,55,246,169,29,246,203,72,162,253,82,184,198,79,183,231,90,179,169,0,246,202,82,186,230,79,229,167,91,164,230,80,132,206,127,254,187,15,250,169,15,228,165,29,228,187,20,250,131,29,246,169,29,148,252,73,162,230,83,153,251,92,184,238,88,151,229,73,246,180,29,149,230,81,185,251,14,248,
239,79,185,228,111,145,203,21,229,187,17,246,186,15,250,169,14,228,160,17,220,169,29,246,169,127,163,253,73,185,231,111,179,237,29,235,169,126,185,229,82,164,186,19,176,251,82,187,219,122,148,161,15,228,165,29,228,187,17,246,187,15,255,165,55,246,169,29,246,203,72,162,253,82,184,219,88,178,200,81,162,169,0,246,202,82,186,230,79,229,167,91,164,230,80,132,206,127,254,186,
15,250,169,14,228,165,29,229,187,20,250,131,64,220,131,81,185,234,92,186,169,91,163,231,94,162,224,82,184,169,94,185,231,83,179,234,73,254,229,84,165,253,17,246,250,84,177,231,92,186,165,29,181,232,81,186,235,92,181,226,20,220,169,29,246,169,81,185,234,92,186,169,94,185,231,83,179,234,73,191,230,83,246,180,29,165,224,90,184,232,81,236,202,82,184,231,88,181,253,21,
181,232,81,186,235,92,181,226,20,220,169,29,246,169,73,183,235,81,179,167,84,184,250,88,164,253,21,186,224,78,162,165,29,181,230,83,184,236,94,162,224,82,184,160,55,246,169,29,246,251,88,162,252,79,184,169,94,185,231,83,179,234,73,191,230,83,220,236,83,178,131,55,186,230,94,183,229,29,176,252,83,181,253,84,185,231,29,178,224,78,181,230,83,184,236,94,162,200,81,186,
161,81,191,250,73,255,131,29,246,169,29,176,230,79,246,214,17,246,234,82,184,231,88,181,253,84,185,231,29,191,231,29,191,249,92,191,251,78,254,229,84,165,253,20,246,237,82,220,169,29,246,169,29,246,169,29,181,230,83,184,236,94,162,224,82,184,179,121,191,250,94,185,231,83,179,234,73,254,160,55,246,169,29,246,236,83,178,131,29,246,169,29,162,232,95,186,236,19,181,229,
88,183,251,21,186,224,78,162,160,55,179,231,89,220,131,81,185,234,92,186,169,91,163,231,94,162,224,82,184,169,89,185,219,88,165,236,73,254,160,55,246,169,29,246,224,91,246,251,88,165,236,73,149,230,82,186,237,82,161,231,29,162,225,88,184,131,29,246,169,29,246,169,29,246,251,88,162,252,79,184,131,29,246,169,29,179,231,89,220,169,29,246,169,79,179,250,88,162,202,82,
185,229,89,185,254,83,246,180,29,162,251,72,179,131,29,246,169,29,162,232,78,189,167,78,166,232,74,184,161,91,163,231,94,162,224,82,184,161,20,220,169,29,246,169,29,246,169,29,154,230,94,183,229,109,186,232,68,179,251,7,154,230,92,178,202,85,183,251,92,181,253,88,164,161,20,220,169,29,246,169,29,246,169,29,162,232,78,189,167,74,183,224,73,254,186,20,220,169,29,246,
169,29,246,169,29,164,236,78,179,253,126,185,230,81,178,230,74,184,169,0,246,239,92,186,250,88,220,169,29,246,169,88,184,237,20,220,236,83,178,131,55,186,230,94,183,229,29,176,252,83,181,253,84,185,231,29,161,232,73,181,225,126,190,232,79,183,234,73,179,251,21,181,225,92,164,160,55,246,169,29,246,224,91,246,231,82,162,169,94,190,232,79,246,253,85,179,231,55,246,169,
29,246,169,29,246,169,79,179,253,72,164,231,55,246,169,29,246,236,83,178,131,55,246,169,29,246,237,84,165,234,82,184,231,88,181,253,124,186,229,21,181,225,92,164,232,94,162,236,79,149,230,83,184,236,94,162,224,82,184,250,20,220,131,29,246,169,29,181,230,83,184,236,94,162,161,94,190,232,79,183,234,73,179,251,126,185,231,83,179,234,73,191,230,83,165,165,29,181,225,92,
164,167,121,179,250,94,179,231,89,183,231,73,151,237,89,179,237,17,246,239,72,184,234,73,191,230,83,254,230,95,188,160,55,246,169,29,246,169,29,246,169,84,176,169,79,179,250,88,162,202,82,185,229,89,185,254,83,246,253,85,179,231,55,246,169,29,246,169,29,246,169,29,246,169,29,164,236,73,163,251,83,220,169,29,246,169,29,246,169,29,179,231,89,220,131,29,246,169,29,246,
169,29,246,229,82,181,232,81,246,231,92,187,236,29,235,169,82,180,227,19,152,232,80,179,179,81,185,254,88,164,161,20,220,169,29,246,169,29,246,169,29,191,239,29,184,232,80,179,179,91,191,231,89,254,171,85,183,231,89,181,252,91,176,171,20,246,230,79,246,231,92,187,236,7,176,224,83,178,161,31,181,252,91,176,171,20,246,230,79,246,231,92,187,236,7,176,224,83,178,161,
31,183,251,79,179,250,73,244,160,29,162,225,88,184,131,29,246,169,29,246,169,29,246,169,29,246,169,89,185,219,88,165,236,73,254,160,55,246,169,29,246,169,29,246,169,29,246,169,29,164,236,73,163,251,83,220,169,29,246,169,29,246,169,29,179,231,89,220,131,29,246,169,29,246,169,29,246,224,91,246,230,95,188,179,116,165,200,21,244,203,92,186,229,110,185,234,86,179,253,126,
185,231,78,162,251,92,191,231,73,244,160,55,246,169,29,246,169,29,246,169,29,246,169,29,185,251,29,185,235,87,236,192,78,151,161,31,132,230,77,179,202,82,184,250,73,164,232,84,184,253,31,255,131,29,246,169,29,246,169,29,246,169,29,246,169,82,164,169,82,180,227,7,159,250,124,254,171,106,179,229,89,149,230,83,165,253,79,183,224,83,162,171,20,220,169,29,246,169,29,246,
169,29,246,169,29,246,230,79,246,230,95,188,179,116,165,200,21,244,193,84,184,238,88,149,230,83,165,253,79,183,224,83,162,171,20,246,253,85,179,231,55,246,169,29,246,169,29,246,169,29,246,169,29,178,230,111,179,250,88,162,161,20,220,169,29,246,169,29,246,169,29,179,231,89,220,169,29,246,169,88,184,237,20,220,131,29,246,169,29,186,230,94,183,229,29,190,252,80,183,231,
82,191,237,29,235,169,94,190,232,79,236,222,92,191,253,123,185,251,126,190,224,81,178,161,31,158,252,80,183,231,82,191,237,31,250,169,8,255,131,29,246,169,29,191,239,29,190,252,80,183,231,82,191,237,29,162,225,88,184,131,29,246,169,29,246,169,29,246,234,82,184,231,88,181,253,21,181,225,92,164,232,94,162,236,79,149,230,83,184,236,94,162,224,82,184,250,17,246,225,72,
187,232,83,185,224,89,236,206,88,162,217,79,185,249,88,164,253,68,149,225,92,184,238,88,178,218,84,177,231,92,186,161,31,129,232,81,189,218,77,179,236,89,244,160,17,246,239,72,184,234,73,191,230,83,254,160,55,246,169,29,246,169,29,246,169,29,246,169,29,191,239,29,190,252,80,183,231,82,191,237,19,129,232,81,189,218,77,179,236,89,246,180,0,246,185,29,183,231,89,246,
231,82,162,169,79,179,250,88,162,202,82,185,229,89,185,254,83,246,253,85,179,231,55,246,169,29,246,169,29,246,169,29,246,169,29,246,169,29,246,237,82,132,236,78,179,253,21,255,131,29,246,169,29,246,169,29,246,169,29,246,169,88,184,237,55,246,169,29,246,169,29,246,169,88,184,237,20,220,169,29,246,169,88,184,237,55,179,231,89,220,131,74,183,253,94,190,202,85,183,251,
92,181,253,88,164,161,113,185,234,92,186,217,81,183,240,88,164,167,126,190,232,79,183,234,73,179,251,20,220,197,82,181,232,81,134,229,92,175,236,79,248,202,85,183,251,92,181,253,88,164,200,89,178,236,89,236,202,82,184,231,88,181,253,21,176,252,83,181,253,84,185,231,21,181,225,92,164,160,55,246,169,29,246,254,92,162,234,85,149,225,92,164,232,94,162,236,79,254,234,85,
183,251,20,220,169,29,246,169,84,176,169,110,166,236,88,178,200,94,162,224,75,179,169,73,190,236,83,220,169,29,246,169,29,246,169,29,186,230,94,183,229,29,190,252,80,246,180,29,181,225,92,164,179,106,183,224,73,144,230,79,149,225,84,186,237,21,244,193,72,187,232,83,185,224,89,244,165,29,227,160,55,246,169,29,246,169,29,246,169,84,176,169,85,163,228,29,162,225,88,184,
131,29,246,169,29,246,169,29,246,169,29,246,169,85,163,228,19,129,232,81,189,218,77,179,236,89,246,180,29,162,230,83,163,228,95,179,251,21,254,250,94,164,224,77,162,179,123,191,231,89,144,224,79,165,253,126,190,224,81,178,161,31,133,232,75,179,237,106,183,229,86,133,249,88,179,237,107,183,229,72,179,171,20,246,232,83,178,169,78,181,251,84,166,253,19,133,232,75,179,237,
106,183,229,86,133,249,88,179,237,107,183,229,72,179,167,107,183,229,72,179,160,29,185,251,29,244,184,11,244,160,29,185,251,29,231,191,55,246,169,29,246,169,29,246,169,88,184,237,55,246,169,29,246,236,83,178,131,88,184,237,20,220,131,81,185,234,92,186,169,78,183,255,88,178,222,92,186,226,110,166,236,88,178,223,92,186,252,88,246,180,29,159,231,78,162,232,83,181,236,19,
184,236,74,254,171,110,162,251,84,184,238,107,183,229,72,179,171,20,220,250,92,160,236,89,129,232,81,189,218,77,179,236,89,128,232,81,163,236,19,152,232,80,179,169,0,246,171,110,183,255,88,178,222,92,186,226,110,166,236,88,178,223,92,186,252,88,244,131,78,183,255,88,178,222,92,186,226,110,166,236,88,178,223,92,186,252,88,248,223,92,186,252,88,246,180,29,244,184,11,244,
131,78,183,255,88,178,222,92,186,226,110,166,236,88,178,223,92,186,252,88,248,217,92,164,236,83,162,169,0,246,250,94,164,224,77,162,131,55,186,230,94,183,229,29,176,252,83,181,253,84,185,231,29,187,232,86,179,202,82,164,231,88,164,161,77,183,251,88,184,253,17,246,251,92,178,224,72,165,160,55,246,169,29,246,229,82,181,232,81,246,234,82,164,231,88,164,169,0,246,192,
83,165,253,92,184,234,88,248,231,88,161,161,31,131,192,126,185,251,83,179,251,31,255,131,29,246,169,29,181,230,79,184,236,79,248,202,82,164,231,88,164,219,92,178,224,72,165,169,0,246,220,121,191,228,19,184,236,74,254,185,17,246,251,92,178,224,72,165,160,55,246,169,29,246,234,82,164,231,88,164,167,109,183,251,88,184,253,29,235,169,77,183,251,88,184,253,55,246,169,29,
246,251,88,162,252,79,184,169,94,185,251,83,179,251,55,179,231,89,220,131,81,185,234,92,186,169,91,163,231,94,162,224,82,184,169,80,183,226,88,133,253,79,185,226,88,254,249,92,164,236,83,162,165,29,181,230,81,185,251,17,246,253,85,191,234,86,184,236,78,165,165,29,162,251,92,184,250,77,183,251,88,184,234,68,255,131,29,246,169,29,186,230,94,183,229,29,165,253,79,185,
226,88,246,180,29,159,231,78,162,232,83,181,236,19,184,236,74,254,171,104,159,218,73,164,230,86,179,171,20,220,169,29,246,169,78,162,251,82,189,236,19,149,230,81,185,251,29,235,169,94,185,229,82,164,131,29,246,169,29,165,253,79,185,226,88,248,221,85,191,234,86,184,236,78,165,169,0,246,253,85,191,234,86,184,236,78,165,169,82,164,169,12,220,169,29,246,169,78,162,251,
82,189,236,19,130,251,92,184,250,77,183,251,88,184,234,68,246,180,29,162,251,92,184,250,77,183,251,88,184,234,68,246,230,79,246,185,55,246,169,29,246,250,73,164,230,86,179,167,109,183,251,88,184,253,29,235,169,77,183,251,88,184,253,55,246,169,29,246,251,88,162,252,79,184,169,78,162,251,82,189,236,55,179,231,89,220,131,81,185,234,92,186,169,91,163,231,94,162,224,82,
184,169,80,183,226,88,133,225,92,178,230,74,254,249,92,164,236,83,162,160,55,246,169,29,246,229,82,181,232,81,246,250,85,183,237,82,161,169,0,246,192,83,165,253,92,184,234,88,248,231,88,161,161,31,159,228,92,177,236,113,183,235,88,186,171,20,220,169,29,246,169,78,190,232,89,185,254,19,152,232,80,179,169,0,246,171,110,190,232,89,185,254,31,220,169,29,246,169,78,190,
232,89,185,254,19,151,231,94,190,230,79,134,230,84,184,253,29,235,169,107,179,234,73,185,251,15,248,231,88,161,161,13,248,188,17,246,185,19,227,160,55,246,169,29,246,250,85,183,237,82,161,167,109,185,250,84,162,224,82,184,169,0,246,220,121,191,228,15,248,231,88,161,161,13,248,188,17,246,185,17,246,185,19,227,165,29,238,160,55,246,169,29,246,250,85,183,237,82,161,167,
110,191,243,88,246,180,29,131,205,84,187,187,19,184,236,74,254,184,17,246,187,13,250,169,12,250,169,15,230,160,55,246,169,29,246,250,85,183,237,82,161,167,127,183,234,86,177,251,82,163,231,89,130,251,92,184,250,77,183,251,88,184,234,68,246,180,29,231,131,29,246,169,29,165,225,92,178,230,74,248,192,80,183,238,88,246,180,29,244,251,95,174,232,78,165,236,73,191,237,7,
249,166,12,229,184,11,230,189,8,228,184,10,244,131,29,246,169,29,165,225,92,178,230,74,248,192,80,183,238,88,149,230,81,185,251,14,246,180,29,130,225,88,187,236,19,133,225,92,178,230,74,220,169,29,246,169,78,190,232,89,185,254,19,159,228,92,177,236,105,164,232,83,165,249,92,164,236,83,181,240,29,235,169,13,248,190,5,220,169,29,246,169,78,190,232,89,185,254,19,133,
234,92,186,236,105,175,249,88,246,180,29,147,231,72,187,167,110,181,232,81,179,221,68,166,236,19,133,229,84,181,236,55,246,169,29,246,250,85,183,237,82,161,167,110,186,224,94,179,202,88,184,253,88,164,169,0,246,219,88,181,253,19,184,236,74,254,184,13,250,169,12,230,165,29,231,184,5,250,169,12,231,177,20,220,169,29,246,169,78,190,232,89,185,254,19,140,192,83,178,236,
69,246,180,29,166,232,79,179,231,73,248,211,116,184,237,88,174,169,16,246,184,55,246,169,29,246,250,85,183,237,82,161,167,109,183,251,88,184,253,29,235,169,77,183,251,88,184,253,55,246,169,29,246,251,88,162,252,79,184,169,78,190,232,89,185,254,55,179,231,89,220,131,81,185,234,92,186,169,104,191,207,69,246,180,29,173,244,55,220,239,72,184,234,73,191,230,83,246,220,84,
144,241,19,187,232,86,179,206,79,183,237,84,179,231,73,254,249,92,164,236,83,162,165,29,181,230,81,185,251,78,250,169,79,185,253,92,162,224,82,184,160,55,246,169,29,246,229,82,181,232,81,246,238,79,183,237,84,179,231,73,246,180,29,159,231,78,162,232,83,181,236,19,184,236,74,254,171,104,159,206,79,183,237,84,179,231,73,244,160,55,246,169,29,246,238,79,183,237,84,179,
231,73,248,202,82,186,230,79,246,180,29,149,230,81,185,251,110,179,248,72,179,231,94,179,167,83,179,254,21,181,230,81,185,251,78,255,131,29,246,169,29,177,251,92,178,224,88,184,253,19,132,230,73,183,253,84,185,231,29,235,169,79,185,253,92,162,224,82,184,169,82,164,169,13,220,169,29,246,169,90,164,232,89,191,236,83,162,167,109,183,251,88,184,253,29,235,169,77,183,251,
88,184,253,55,246,169,29,246,251,88,162,252,79,184,169,90,164,232,89,191,236,83,162,131,88,184,237,55,220,239,72,184,234,73,191,230,83,246,220,84,144,241,19,187,232,86,179,200,94,181,236,83,162,206,81,185,254,21,166,232,79,179,231,73,250,169,94,185,229,82,164,165,29,162,251,92,184,250,77,183,251,88,184,234,68,250,169,78,191,243,88,153,239,91,165,236,73,250,169,68,
153,239,91,165,236,73,255,131,29,246,169,29,186,230,94,183,229,29,177,229,82,161,169,0,246,192,83,165,253,92,184,234,88,248,231,88,161,161,31,159,228,92,177,236,113,183,235,88,186,171,20,220,169,29,246,169,90,186,230,74,248,199,92,187,236,29,235,169,31,151,234,94,179,231,73,145,229,82,161,171,55,246,169,29,246,238,81,185,254,19,151,231,94,190,230,79,134,230,84,184,
253,29,235,169,107,179,234,73,185,251,15,248,231,88,161,161,13,248,188,17,246,185,19,227,160,55,246,169,29,246,238,81,185,254,19,134,230,78,191,253,84,185,231,29,235,169,104,146,224,80,228,167,83,179,254,21,230,167,8,250,169,13,250,169,13,248,188,17,246,240,114,176,239,78,179,253,29,185,251,29,230,160,55,246,169,29,246,238,81,185,254,19,133,224,71,179,169,0,246,220,
121,191,228,15,248,231,88,161,161,12,250,169,78,191,243,88,153,239,91,165,236,73,246,230,79,246,188,15,250,169,12,250,169,78,191,243,88,153,239,91,165,236,73,246,230,79,246,188,15,255,131,29,246,169,29,177,229,82,161,167,127,183,234,86,177,251,82,163,231,89,130,251,92,184,250,77,183,251,88,184,234,68,246,180,29,231,131,29,246,169,29,177,229,82,161,167,116,187,232,90,
179,169,0,246,171,79,180,241,92,165,250,88,162,224,89,236,166,18,231,186,12,224,185,9,227,187,12,225,171,55,246,169,29,246,238,81,185,254,19,159,228,92,177,236,126,185,229,82,164,186,29,235,169,94,185,229,82,164,169,82,164,169,126,185,229,82,164,186,19,176,251,82,187,219,122,148,161,15,228,185,17,246,187,15,230,165,29,228,187,13,255,131,29,246,169,29,177,229,82,161,
167,116,187,232,90,179,221,79,183,231,78,166,232,79,179,231,94,175,169,0,246,253,79,183,231,78,166,232,79,179,231,94,175,169,82,164,169,13,248,176,15,220,169,29,246,169,90,186,230,74,248,218,94,183,229,88,130,240,77,179,169,0,246,204,83,163,228,19,133,234,92,186,236,105,175,249,88,248,218,81,191,234,88,220,169,29,246,169,90,186,230,74,248,218,81,191,234,88,149,236,
83,162,236,79,246,180,29,132,236,94,162,167,83,179,254,21,231,185,17,246,184,13,250,169,12,231,177,17,246,184,12,238,160,55,246,169,29,246,238,81,185,254,19,140,192,83,178,236,69,246,180,29,187,232,73,190,167,80,183,241,21,166,232,79,179,231,73,248,211,116,184,237,88,174,169,16,246,184,17,246,185,20,220,169,29,246,169,90,186,230,74,248,217,92,164,236,83,162,169,0,
246,249,92,164,236,83,162,131,29,246,169,29,164,236,73,163,251,83,246,238,81,185,254,55,179,231,89,220,131,104,191,207,69,248,214,78,162,232,79,144,224,88,186,237,78,246,180,29,173,244,55,131,224,123,174,167,98,165,253,92,164,207,84,179,229,89,149,230,83,184,236,94,162,224,82,184,169,0,246,231,84,186,131,55,186,230,94,183,229,29,176,252,83,181,253,84,185,231,29,164,
236,78,179,253,124,184,224,80,183,253,88,178,218,73,183,251,21,176,224,88,186,237,121,183,253,92,250,169,78,162,232,79,146,232,73,183,165,29,164,236,78,166,232,74,184,200,73,130,230,77,255,131,29,246,169,29,186,230,94,183,229,29,164,232,83,178,230,80,191,243,88,164,169,0,246,239,84,179,229,89,146,232,73,183,167,79,183,231,89,185,228,84,172,236,79,220,169,29,246,169,
78,162,232,79,146,232,73,183,167,69,246,180,29,164,232,83,178,230,80,191,243,88,164,179,115,179,241,73,152,252,80,180,236,79,254,164,13,248,185,15,250,169,12,248,185,15,255,131,29,246,169,29,191,239,29,164,236,78,166,232,74,184,200,73,130,230,77,246,253,85,179,231,55,246,169,29,246,169,29,246,169,78,162,232,79,146,232,73,183,167,68,246,180,29,164,232,83,178,230,80,
191,243,88,164,179,115,179,241,73,152,252,80,180,236,79,254,164,13,248,187,17,246,164,13,248,185,15,255,131,29,246,169,29,179,229,78,179,131,29,246,169,29,246,169,29,246,250,73,183,251,121,183,253,92,248,240,29,235,169,79,183,231,89,185,228,84,172,236,79,236,199,88,174,253,115,163,228,95,179,251,21,251,185,19,230,187,17,246,184,19,230,187,20,220,169,29,246,169,88,184,
237,55,246,169,29,246,250,73,183,251,121,183,253,92,248,250,77,179,236,89,246,180,29,164,232,83,178,230,80,191,243,88,164,179,115,179,241,73,152,252,80,180,236,79,254,185,19,230,184,15,250,169,13,248,185,8,255,131,29,246,169,29,165,253,92,164,205,92,162,232,19,178,251,84,176,253,29,235,169,79,183,231,89,185,228,84,172,236,79,236,199,88,174,253,115,163,228,95,179,251,
21,251,185,19,230,184,17,246,185,19,230,184,20,220,169,29,246,169,78,162,232,79,146,232,73,183,167,95,183,250,88,130,251,92,184,250,77,183,251,88,184,234,68,246,180,29,164,232,83,178,230,80,191,243,88,164,179,115,179,241,73,152,252,80,180,236,79,254,185,19,225,187,17,246,185,19,239,160,55,246,169,29,246,250,73,183,251,121,183,253,92,248,253,74,191,231,86,186,236,124,
187,249,81,191,253,72,178,236,29,235,169,79,183,231,89,185,228,84,172,236,79,236,199,88,174,253,115,163,228,95,179,251,21,230,167,13,229,165,29,230,167,12,228,160,55,246,169,29,246,250,73,183,251,121,183,253,92,248,253,74,191,231,86,186,236,110,166,236,88,178,169,0,246,251,92,184,237,82,187,224,71,179,251,7,152,236,69,162,199,72,187,235,88,164,161,13,248,177,17,246,
187,19,228,160,55,246,169,29,246,250,73,183,251,121,183,253,92,248,253,74,191,231,86,186,236,114,176,239,78,179,253,29,235,169,79,183,231,89,185,228,84,172,236,79,236,199,88,174,253,115,163,228,95,179,251,21,230,165,29,187,232,73,190,167,77,191,169,23,246,187,20,220,236,83,178,131,55,186,230,94,183,229,29,176,252,83,181,253,84,185,231,29,179,231,78,163,251,88,133,253,
92,164,207,84,179,229,89,151,231,84,187,232,73,185,251,21,255,131,29,246,169,29,191,239,29,131,224,123,174,167,98,165,253,92,164,207,84,179,229,89,149,230,83,184,236,94,162,224,82,184,169,73,190,236,83,220,169,29,246,169,29,246,169,29,164,236,73,163,251,83,220,169,29,246,169,88,184,237,55,220,169,29,246,169,104,191,207,69,248,214,78,162,232,79,144,224,88,186,237,126,
185,231,83,179,234,73,191,230,83,246,180,29,132,252,83,133,236,79,160,224,94,179,167,111,179,231,89,179,251,110,162,236,77,166,236,89,236,202,82,184,231,88,181,253,21,176,252,83,181,253,84,185,231,21,178,236,81,162,232,105,191,228,88,255,131,29,246,169,29,246,169,29,246,239,82,164,169,84,184,237,88,174,169,0,246,170,104,191,207,69,248,214,78,162,232,79,144,224,88,186,
237,78,250,169,12,250,169,16,231,169,89,185,131,29,246,169,29,246,169,29,246,169,29,246,169,81,185,234,92,186,169,91,191,236,81,178,205,92,162,232,29,235,169,104,191,207,69,248,214,78,162,232,79,144,224,88,186,237,78,141,224,83,178,236,69,139,131,29,246,169,29,246,169,29,246,169,29,246,169,81,185,234,92,186,169,78,162,232,79,144,224,88,186,237,29,235,169,91,191,236,
81,178,205,92,162,232,19,176,224,88,186,237,55,220,169,29,246,169,29,246,169,29,246,169,29,246,224,91,246,231,82,162,169,78,162,232,79,144,224,88,186,237,29,185,251,29,184,230,73,246,250,73,183,251,123,191,236,81,178,167,109,183,251,88,184,253,29,162,225,88,184,131,29,246,169,29,246,169,29,246,169,29,246,169,29,246,169,29,162,232,95,186,236,19,164,236,80,185,255,88,
254,220,84,144,241,19,137,250,73,183,251,123,191,236,81,178,250,17,246,224,83,178,236,69,255,131,29,246,169,29,246,169,29,246,169,29,246,169,88,186,250,88,220,169,29,246,169,29,246,169,29,246,169,29,246,169,29,246,169,91,191,236,81,178,205,92,162,232,19,179,229,92,166,250,88,178,169,22,235,169,89,179,229,73,183,221,84,187,236,55,220,169,29,246,169,29,246,169,29,246,
169,29,246,169,29,246,169,91,185,251,29,137,165,29,165,253,92,164,205,92,162,232,29,191,231,29,191,249,92,191,251,78,254,239,84,179,229,89,146,232,73,183,167,78,162,232,79,165,160,29,178,230,55,246,169,29,246,169,29,246,169,29,246,169,29,246,169,29,246,169,29,246,169,81,185,234,92,186,169,78,162,232,79,246,180,29,165,253,92,164,205,92,162,232,19,191,231,78,162,232,
83,181,236,55,246,169,29,246,169,29,246,169,29,246,169,29,246,169,29,246,169,29,246,169,84,176,169,78,162,232,79,246,232,83,178,169,78,162,232,79,248,217,92,164,236,83,162,169,73,190,236,83,220,169,29,246,169,29,246,169,29,246,169,29,246,169,29,246,169,29,246,169,29,246,169,29,246,250,73,183,251,121,183,253,92,248,241,29,253,180,29,165,253,92,164,205,92,162,232,19,
178,251,84,176,253,29,252,169,89,179,229,73,183,221,84,187,236,55,246,169,29,246,169,29,246,169,29,246,169,29,246,169,29,246,169,29,246,169,29,246,169,29,165,253,92,164,205,92,162,232,19,175,169,22,235,169,78,162,232,79,146,232,73,183,167,78,166,236,88,178,169,23,246,237,88,186,253,92,130,224,80,179,131,55,246,169,29,246,169,29,246,169,29,246,169,29,246,169,29,246,
169,29,246,169,29,246,169,29,191,239,29,165,253,92,164,205,92,162,232,19,174,169,3,246,184,19,230,189,29,162,225,88,184,131,29,246,169,29,246,169,29,246,169,29,246,169,29,246,169,29,246,169,29,246,169,29,246,169,29,246,169,29,165,253,92,164,205,92,162,232,19,174,169,0,246,164,13,248,185,9,220,169,29,246,169,29,246,169,29,246,169,29,246,169,29,246,169,29,246,169,
29,246,169,29,246,236,81,165,236,84,176,169,78,162,232,79,146,232,73,183,167,69,246,181,29,251,185,19,230,189,29,162,225,88,184,131,29,246,169,29,246,169,29,246,169,29,246,169,29,246,169,29,246,169,29,246,169,29,246,169,29,246,169,29,165,253,92,164,205,92,162,232,19,174,169,0,246,184,19,230,189,55,246,169,29,246,169,29,246,169,29,246,169,29,246,169,29,246,169,29,
246,169,29,246,169,29,179,231,89,220,131,29,246,169,29,246,169,29,246,169,29,246,169,29,246,169,29,246,169,29,246,169,29,246,169,84,176,169,78,162,232,79,146,232,73,183,167,68,246,183,29,231,167,13,238,169,73,190,236,83,220,169,29,246,169,29,246,169,29,246,169,29,246,169,29,246,169,29,246,169,29,246,169,29,246,169,29,246,169,79,179,250,88,162,200,83,191,228,92,162,
236,89,133,253,92,164,161,91,191,236,81,178,205,92,162,232,17,246,250,73,183,251,121,183,253,92,250,169,73,164,252,88,255,131,29,246,169,29,246,169,29,246,169,29,246,169,29,246,169,29,246,169,29,246,169,29,246,169,88,184,237,55,220,169,29,246,169,29,246,169,29,246,169,29,246,169,29,246,169,29,246,169,29,246,169,29,246,229,82,181,232,81,246,253,74,191,231,86,186,236,
29,235,169,80,183,253,85,248,250,84,184,161,21,176,224,88,186,237,121,183,253,92,248,236,81,183,249,78,179,237,29,252,169,78,162,232,79,146,232,73,183,167,73,161,224,83,189,229,88,133,249,88,179,237,20,246,162,29,165,253,92,164,205,92,162,232,19,162,254,84,184,226,81,179,198,91,176,250,88,162,160,29,252,169,78,162,232,79,146,232,73,183,167,73,161,224,83,189,229,88,
151,228,77,186,224,73,163,237,88,220,169,29,246,169,29,246,169,29,246,169,29,246,169,29,246,169,29,246,169,29,246,169,29,246,250,73,183,251,19,134,230,78,191,253,84,185,231,29,235,169,104,146,224,80,228,167,83,179,254,21,165,253,92,164,205,92,162,232,19,174,165,29,230,165,29,165,253,92,164,205,92,162,232,19,175,165,29,230,160,55,246,169,29,246,169,29,246,169,29,246,
169,29,246,169,29,246,169,29,246,169,29,246,169,29,165,253,92,164,167,127,183,234,86,177,251,82,163,231,89,130,251,92,184,250,77,183,251,88,184,234,68,246,180,29,187,232,73,190,167,94,186,232,80,166,161,78,162,232,79,146,232,73,183,167,95,183,250,88,130,251,92,184,250,77,183,251,88,184,234,68,246,162,29,162,254,84,184,226,81,179,165,29,230,167,9,238,165,29,230,167,
4,226,160,55,246,169,29,246,169,29,246,169,29,246,169,29,246,169,29,246,169,29,246,169,88,184,237,55,246,169,29,246,169,29,246,169,29,246,169,29,246,169,29,246,236,83,178,131,29,246,169,29,246,169,29,246,169,29,246,169,88,184,237,55,246,169,29,246,169,29,246,169,88,184,237,55,220,169,29,246,169,29,246,169,29,191,239,29,245,220,84,144,241,19,137,250,73,183,251,123,
191,236,81,178,250,29,235,180,29,230,169,92,184,237,29,131,224,123,174,167,98,165,253,92,164,207,84,179,229,89,149,230,83,184,236,94,162,224,82,184,169,73,190,236,83,220,169,29,246,169,29,246,169,29,246,169,29,246,220,84,144,241,19,137,250,73,183,251,123,191,236,81,178,202,82,184,231,88,181,253,84,185,231,7,146,224,78,181,230,83,184,236,94,162,161,20,220,169,29,246,
169,29,246,169,29,246,169,29,246,220,84,144,241,19,137,250,73,183,251,123,191,236,81,178,202,82,184,231,88,181,253,84,185,231,29,235,169,83,191,229,55,246,169,29,246,169,29,246,169,88,184,237,55,246,169,29,246,236,83,178,160,55,179,231,89,220,131,91,163,231,94,162,224,82,184,169,104,191,207,69,248,228,92,189,236,110,162,232,79,144,224,88,186,237,21,166,232,79,179,231,
73,250,169,94,185,252,83,162,160,55,246,169,29,246,229,82,181,232,81,246,250,73,183,251,123,191,236,81,178,169,0,246,192,83,165,253,92,184,234,88,248,231,88,161,161,31,144,251,92,187,236,31,255,131,29,246,169,29,165,253,92,164,207,84,179,229,89,248,199,92,187,236,29,235,169,31,133,253,92,164,207,84,179,229,89,244,131,29,246,169,29,165,253,92,164,207,84,179,229,89,
248,218,84,172,236,29,235,169,104,146,224,80,228,167,83,179,254,21,231,165,29,230,165,29,231,165,29,230,160,55,246,169,29,246,250,73,183,251,123,191,236,81,178,167,127,183,234,86,177,251,82,163,231,89,130,251,92,184,250,77,183,251,88,184,234,68,246,180,29,231,131,29,246,169,29,165,253,92,164,207,84,179,229,89,248,203,82,164,237,88,164,218,84,172,236,109,191,241,88,186,
169,0,246,185,55,246,169,29,246,250,73,183,251,123,191,236,81,178,167,126,186,224,77,165,205,88,165,234,88,184,237,92,184,253,78,246,180,29,162,251,72,179,131,29,246,169,29,165,253,92,164,207,84,179,229,89,248,211,116,184,237,88,174,169,0,246,185,55,246,169,29,246,250,73,183,251,123,191,236,81,178,167,109,183,251,88,184,253,29,235,169,77,183,251,88,184,253,55,220,169,
29,246,169,81,185,234,92,186,169,91,191,236,81,178,205,92,162,232,29,235,169,70,220,169,29,246,169,29,246,169,29,176,224,88,186,237,29,235,169,78,162,232,79,144,224,88,186,237,17,220,169,29,246,169,29,246,169,29,165,253,92,164,250,29,235,169,70,171,165,55,246,169,29,246,169,29,246,169,79,183,231,89,185,228,84,172,236,79,246,180,29,132,232,83,178,230,80,248,231,88,
161,161,20,250,131,29,246,169,29,246,169,29,246,236,81,183,249,78,179,237,29,235,169,13,250,131,29,246,169,29,171,131,55,246,169,29,246,239,82,164,169,84,184,237,88,174,169,0,246,184,17,246,234,82,163,231,73,246,237,82,220,169,29,246,169,29,246,169,29,186,230,94,183,229,29,165,253,92,164,169,0,246,192,83,165,253,92,184,234,88,248,231,88,161,161,31,144,251,92,187,
236,31,255,131,29,246,169,29,246,169,29,246,229,82,181,232,81,246,250,84,172,236,29,235,169,91,191,236,81,178,205,92,162,232,19,164,232,83,178,230,80,191,243,88,164,179,115,179,241,73,159,231,73,179,238,88,164,161,15,250,169,9,255,131,29,246,169,29,246,169,29,246,250,73,183,251,19,133,224,71,179,169,0,246,220,121,191,228,15,248,231,88,161,161,13,250,169,78,191,243,
88,250,169,13,250,169,78,191,243,88,255,131,29,246,169,29,246,169,29,246,250,73,183,251,19,134,230,78,191,253,84,185,231,29,235,169,104,146,224,80,228,167,83,179,254,21,230,165,29,230,165,29,230,165,29,230,160,55,246,169,29,246,169,29,246,169,78,162,232,79,248,203,92,181,226,90,164,230,72,184,237,126,185,229,82,164,186,29,235,169,126,185,229,82,164,186,19,176,251,82,
187,219,122,148,161,15,227,188,17,246,187,8,227,165,29,228,188,8,255,131,29,246,169,29,246,169,29,246,250,73,183,251,19,148,232,94,189,238,79,185,252,83,178,221,79,183,231,78,166,232,79,179,231,94,175,169,0,246,185,19,231,188,55,246,169,29,246,169,29,246,169,16,251,169,228,82,80,184,14,48,229,127,169,229,120,80,188,15,3,228,87,81,148,246,80,185,15,10,228,82,
169,228,80,81,145,15,12,229,127,131,29,246,169,29,246,169,29,246,229,82,181,232,81,246,238,81,185,254,110,162,232,79,246,180,29,159,231,78,162,232,83,181,236,19,184,236,74,254,171,116,187,232,90,179,197,92,180,236,81,244,160,55,246,169,29,246,169,29,246,169,90,186,230,74,133,253,92,164,167,110,191,243,88,246,180,29,131,205,84,187,187,19,184,236,74,254,185,17,246,250,
84,172,236,29,252,169,15,250,169,13,250,169,78,191,243,88,246,163,29,228,160,55,246,169,29,246,169,29,246,169,90,186,230,74,133,253,92,164,167,124,184,234,85,185,251,109,185,224,83,162,169,0,246,223,88,181,253,82,164,187,19,184,236,74,254,185,19,227,165,29,230,167,8,255,131,29,246,169,29,246,169,29,246,238,81,185,254,110,162,232,79,248,217,82,165,224,73,191,230,83,
246,180,29,131,205,84,187,187,19,184,236,74,254,185,19,227,165,29,230,165,29,230,167,8,250,169,13,255,131,29,246,169,29,246,169,29,246,238,81,185,254,110,162,232,79,248,203,92,181,226,90,164,230,72,184,237,105,164,232,83,165,249,92,164,236,83,181,240,29,235,169,12,220,169,29,246,169,29,246,169,29,177,229,82,161,218,73,183,251,19,159,228,92,177,236,29,235,169,31,164,
235,69,183,250,78,179,253,84,178,179,18,249,184,14,231,191,13,226,188,15,231,190,31,220,169,29,246,169,29,246,169,29,177,229,82,161,218,73,183,251,19,159,228,92,177,236,126,185,229,82,164,186,29,235,169,126,185,229,82,164,186,19,176,251,82,187,219,122,148,161,15,227,188,17,246,187,8,227,165,29,228,188,8,255,131,29,246,169,29,246,169,29,246,238,81,185,254,110,162,232,
79,248,192,80,183,238,88,130,251,92,184,250,77,183,251,88,184,234,68,246,180,29,230,167,5,238,131,29,246,169,29,246,169,29,246,238,81,185,254,110,162,232,79,248,218,94,183,229,88,130,240,77,179,169,0,246,204,83,163,228,19,133,234,92,186,236,105,175,249,88,248,218,81,191,234,88,220,169,29,246,169,29,246,169,29,177,229,82,161,218,73,183,251,19,133,229,84,181,236,126,
179,231,73,179,251,29,235,169,111,179,234,73,248,231,88,161,161,12,230,165,29,231,185,17,246,184,12,238,165,29,231,184,5,255,131,29,246,169,29,246,169,29,246,238,81,185,254,110,162,232,79,248,211,116,184,237,88,174,169,0,246,185,55,246,169,29,246,169,29,246,169,90,186,230,74,133,253,92,164,167,109,183,251,88,184,253,29,235,169,78,162,232,79,220,169,29,246,169,29,246,
169,29,165,253,92,164,167,127,185,251,89,179,251,110,191,243,88,134,224,69,179,229,29,235,169,13,220,169,29,246,169,29,246,169,29,165,253,92,164,167,103,159,231,89,179,241,29,235,169,13,220,169,29,246,169,29,246,169,29,165,253,92,164,167,109,183,251,88,184,253,29,235,169,78,162,232,79,144,224,88,186,237,55,246,169,29,246,169,29,246,169,80,183,226,88,149,230,79,184,236,
79,254,250,73,183,251,17,246,176,4,239,160,55,220,169,29,246,169,29,246,169,29,186,230,94,183,229,29,165,253,92,164,205,92,162,232,29,235,169,70,220,169,29,246,169,29,246,169,29,246,169,29,246,224,83,165,253,92,184,234,88,246,180,29,165,253,92,164,165,55,246,169,29,246,169,29,246,169,64,220,169,29,246,169,29,246,169,29,164,236,78,179,253,124,184,224,80,183,253,88,
178,218,73,183,251,21,176,224,88,186,237,121,183,253,92,250,169,78,162,232,79,146,232,73,183,165,29,176,232,81,165,236,20,220,169,29,246,169,29,246,169,29,165,253,92,164,167,109,185,250,84,162,224,82,184,169,0,246,220,121,191,228,15,248,231,88,161,161,78,162,232,79,146,232,73,183,167,69,250,169,13,250,169,78,162,232,79,146,232,73,183,167,68,250,169,13,255,131,29,246,
169,29,246,169,29,246,250,73,183,251,19,148,232,94,189,238,79,185,252,83,178,221,79,183,231,78,166,232,79,179,231,94,175,169,0,246,250,73,183,251,121,183,253,92,248,235,92,165,236,105,164,232,83,165,249,92,164,236,83,181,240,55,246,169,29,246,169,29,246,169,73,183,235,81,179,167,84,184,250,88,164,253,21,176,224,88,186,237,121,183,253,92,248,250,73,183,251,78,250,169,
78,162,232,79,146,232,73,183,160,55,246,169,29,246,236,83,178,131,55,246,169,29,246,253,92,180,229,88,248,224,83,165,236,79,162,161,104,191,207,69,248,214,78,162,232,79,144,224,88,186,237,78,250,169,91,191,236,81,178,205,92,162,232,20,220,169,29,246,169,88,184,250,72,164,236,110,162,232,79,144,224,88,186,237,124,184,224,80,183,253,82,164,161,20,220,131,29,246,169,29,
164,236,73,163,251,83,246,250,73,183,251,123,191,236,81,178,131,88,184,237,55,220,239,72,184,234,73,191,230,83,246,220,84,144,241,19,183,253,73,183,234,85,148,252,73,162,230,83,130,236,69,162,198,75,179,251,81,183,240,21,180,252,73,162,230,83,250,169,73,179,241,73,133,224,71,179,165,29,176,230,83,162,165,29,162,236,69,162,202,82,186,230,79,250,169,78,162,251,82,189,
236,126,185,229,82,164,165,29,165,253,79,185,226,88,130,251,92,184,250,77,183,251,88,184,234,68,255,131,29,246,169,29,186,230,94,183,229,29,185,255,88,164,229,92,175,169,0,246,192,83,165,253,92,184,234,88,248,231,88,161,161,31,130,236,69,162,197,92,180,236,81,244,160,55,246,169,29,246,230,75,179,251,81,183,240,19,152,232,80,179,169,0,246,171,127,163,253,73,185,231,
105,179,241,73,153,255,88,164,229,92,175,171,55,246,169,29,246,230,75,179,251,81,183,240,19,133,224,71,179,169,0,246,220,121,191,228,15,248,231,88,161,161,12,250,169,16,231,185,17,246,184,17,246,185,20,220,169,29,246,169,82,160,236,79,186,232,68,248,217,82,165,224,73,191,230,83,246,180,29,131,205,84,187,187,19,184,236,74,254,185,17,246,188,17,246,185,17,246,185,20,
220,169,29,246,169,82,160,236,79,186,232,68,248,203,92,181,226,90,164,230,72,184,237,105,164,232,83,165,249,92,164,236,83,181,240,29,235,169,12,220,169,29,246,169,82,160,236,79,186,232,68,248,221,88,174,253,29,235,169,95,163,253,73,185,231,19,130,236,69,162,131,29,246,169,29,185,255,88,164,229,92,175,167,105,179,241,73,149,230,81,185,251,14,246,180,29,162,236,69,162,
202,82,186,230,79,246,230,79,246,202,82,186,230,79,229,167,91,164,230,80,132,206,127,254,187,8,227,165,29,228,188,8,250,169,15,227,188,20,220,169,29,246,169,82,160,236,79,186,232,68,248,221,88,174,253,110,162,251,82,189,236,126,185,229,82,164,186,29,235,169,78,162,251,82,189,236,126,185,229,82,164,169,82,164,169,126,185,229,82,164,186,19,176,251,82,187,219,122,148,161,
15,230,185,17,246,187,13,230,165,29,228,185,13,255,131,29,246,169,29,185,255,88,164,229,92,175,167,105,179,241,73,133,253,79,185,226,88,130,251,92,184,250,77,183,251,88,184,234,68,246,180,29,165,253,79,185,226,88,130,251,92,184,250,77,183,251,88,184,234,68,246,230,79,246,184,55,246,169,29,246,230,75,179,251,81,183,240,19,144,230,83,162,169,0,246,239,82,184,253,29,
185,251,29,180,252,73,162,230,83,248,207,82,184,253,55,246,169,29,246,230,75,179,251,81,183,240,19,130,236,69,162,218,84,172,236,29,235,169,73,179,241,73,133,224,71,179,169,82,164,169,95,163,253,73,185,231,19,130,236,69,162,218,84,172,236,55,246,169,29,246,230,75,179,251,81,183,240,19,130,236,69,162,222,79,183,249,77,179,237,29,235,169,73,164,252,88,220,169,29,246,
169,82,160,236,79,186,232,68,248,211,116,184,237,88,174,169,0,246,235,72,162,253,82,184,167,103,159,231,89,179,241,29,253,169,15,220,169,29,246,169,82,160,236,79,186,232,68,248,217,92,164,236,83,162,169,0,246,235,72,162,253,82,184,131,55,246,169,29,246,235,72,162,253,82,184,167,105,179,241,73,130,251,92,184,250,77,183,251,88,184,234,68,246,180,29,231,131,29,246,169,
29,180,252,73,162,230,83,248,221,88,174,253,110,162,251,82,189,236,105,164,232,83,165,249,92,164,236,83,181,240,29,235,169,12,220,131,29,246,169,29,180,252,73,162,230,83,236,206,88,162,217,79,185,249,88,164,253,68,149,225,92,184,238,88,178,218,84,177,231,92,186,161,31,130,236,69,162,171,20,236,202,82,184,231,88,181,253,21,176,252,83,181,253,84,185,231,21,255,131,29,
246,169,29,246,169,29,246,230,75,179,251,81,183,240,19,130,236,69,162,169,0,246,235,72,162,253,82,184,167,105,179,241,73,220,169,29,246,169,88,184,237,20,220,131,29,246,169,29,164,236,73,163,251,83,246,230,75,179,251,81,183,240,55,179,231,89,220,131,77,181,232,81,186,161,91,163,231,94,162,224,82,184,161,20,220,169,29,246,169,81,185,234,92,186,169,77,186,232,68,179,
251,122,163,224,29,235,169,113,185,234,92,186,217,81,183,240,88,164,179,106,183,224,73,144,230,79,149,225,84,186,237,21,244,217,81,183,240,88,164,206,72,191,171,20,220,169,29,246,169,91,185,251,29,137,165,29,181,225,84,186,237,29,191,231,29,191,249,92,191,251,78,254,249,81,183,240,88,164,206,72,191,179,122,179,253,126,190,224,81,178,251,88,184,161,20,255,169,89,185,131,
29,246,169,29,246,169,29,246,224,91,246,234,85,191,229,89,248,199,92,187,236,29,235,180,29,244,203,92,184,238,122,163,224,109,164,230,31,246,253,85,179,231,55,246,169,29,246,169,29,246,169,29,246,169,29,181,225,84,186,237,7,146,236,78,162,251,82,175,161,20,220,169,29,246,169,29,246,169,29,179,231,89,220,169,29,246,169,88,184,237,55,179,231,89,255,131,55,186,230,94,
183,229,29,133,234,79,179,236,83,145,252,84,246,180,29,159,231,78,162,232,83,181,236,19,184,236,74,254,171,110,181,251,88,179,231,122,163,224,31,255,131,110,181,251,88,179,231,122,163,224,19,152,232,80,179,169,0,246,171,127,183,231,90,145,252,84,134,251,82,244,131,110,181,251,88,179,231,122,163,224,19,132,236,78,179,253,114,184,218,77,183,254,83,246,180,29,176,232,81,165,
236,55,133,234,79,179,236,83,145,252,84,248,211,116,184,237,88,174,203,88,190,232,75,191,230,79,246,180,29,147,231,72,187,167,103,159,231,89,179,241,127,179,225,92,160,224,82,164,167,110,191,235,81,191,231,90,220,218,94,164,236,88,184,206,72,191,167,121,191,250,77,186,232,68,153,251,89,179,251,29,235,169,15,231,189,10,226,177,14,224,189,10,220,218,94,164,236,88,184,206,
72,191,167,116,177,231,82,164,236,122,163,224,116,184,250,88,162,169,0,246,253,79,163,236,55,133,234,79,179,236,83,145,252,84,248,217,92,164,236,83,162,169,0,246,238,92,187,236,7,145,236,73,133,236,79,160,224,94,179,161,31,149,230,79,179,206,72,191,171,20,220,131,91,163,231,94,162,224,82,184,169,105,231,177,111,163,231,73,191,228,88,133,225,72,162,237,82,161,231,21,
255,131,29,246,169,29,166,234,92,186,229,21,176,252,83,181,253,84,185,231,21,255,131,29,246,169,29,246,169,29,246,224,91,246,218,94,164,236,88,184,206,72,191,169,73,190,236,83,220,169,29,246,169,29,246,169,29,246,169,29,246,218,94,164,236,88,184,206,72,191,179,121,179,250,73,164,230,68,254,160,55,246,169,29,246,169,29,246,169,88,184,237,55,246,169,29,246,236,83,178,
160,55,246,169,29,246,249,94,183,229,81,254,239,72,184,234,73,191,230,83,254,160,55,246,169,29,246,169,29,246,169,81,185,234,92,186,169,77,186,232,68,179,251,122,163,224,29,235,169,113,185,234,92,186,217,81,183,240,88,164,169,92,184,237,29,154,230,94,183,229,109,186,232,68,179,251,7,144,224,83,178,207,84,164,250,73,149,225,84,186,237,21,244,217,81,183,240,88,164,206,
72,191,171,20,220,169,29,246,169,29,246,169,29,191,239,29,166,229,92,175,236,79,145,252,84,246,253,85,179,231,55,246,169,29,246,169,29,246,169,29,246,169,29,176,230,79,246,214,17,246,234,85,191,229,89,246,224,83,246,224,77,183,224,79,165,161,77,186,232,68,179,251,122,163,224,7,145,236,73,149,225,84,186,237,79,179,231,21,255,160,29,178,230,55,246,169,29,246,169,29,
246,169,29,246,169,29,246,169,29,246,224,91,246,234,85,191,229,89,248,199,92,187,236,29,235,180,29,244,203,92,184,238,122,163,224,109,164,230,31,246,253,85,179,231,55,246,169,29,246,169,29,246,169,29,246,169,29,246,169,29,246,169,29,246,169,94,190,224,81,178,179,121,179,250,73,164,230,68,254,160,55,246,169,29,246,169,29,246,169,29,246,169,29,246,169,29,246,236,83,178,
131,29,246,169,29,246,169,29,246,169,29,246,169,88,184,237,55,246,169,29,246,169,29,246,169,88,184,237,55,246,169,29,246,236,83,178,160,55,179,231,89,220,131,84,176,169,90,179,253,90,179,231,75,246,253,85,179,231,55,246,169,29,246,238,88,162,238,88,184,255,21,255,167,105,231,177,111,163,231,73,191,228,88,133,225,72,162,237,82,161,231,29,235,169,105,231,177,111,163,231,
73,191,228,88,133,225,72,162,237,82,161,231,55,179,229,78,179,131,29,246,169,29,137,206,19,130,184,5,132,252,83,162,224,80,179,218,85,163,253,89,185,254,83,246,180,29,130,184,5,132,252,83,162,224,80,179,218,85,163,253,89,185,254,83,220,236,83,178,131,55,186,230,94,183,229,29,144,251,92,187,236,29,235,169,116,184,250,73,183,231,94,179,167,83,179,254,21,244,207,79,
183,228,88,244,160,55,144,251,92,187,236,19,152,232,80,179,169,0,246,171,112,183,224,83,244,131,123,164,232,80,179,167,124,184,234,85,185,251,109,185,224,83,162,169,0,246,223,88,181,253,82,164,187,19,184,236,74,254,185,19,227,165,29,230,167,8,255,131,123,164,232,80,179,167,110,191,243,88,246,180,29,131,205,84,187,187,19,184,236,74,254,185,17,246,191,12,230,165,29,230,
165,29,227,185,13,255,131,123,164,232,80,179,167,109,185,250,84,162,224,82,184,169,0,246,220,121,191,228,15,248,231,88,161,161,13,248,188,17,246,185,17,246,185,19,227,165,29,230,160,55,144,251,92,187,236,19,148,232,94,189,238,79,185,252,83,178,202,82,186,230,79,229,169,0,246,221,85,179,228,88,248,217,92,184,236,81,220,207,79,183,228,88,248,203,82,164,237,88,164,218,
84,172,236,109,191,241,88,186,169,0,246,185,55,144,251,92,187,236,19,134,232,79,179,231,73,246,180,29,133,234,79,179,236,83,145,252,84,220,228,92,189,236,126,185,251,83,179,251,21,144,251,92,187,236,17,246,187,15,255,131,80,183,226,88,133,225,92,178,230,74,254,207,79,183,228,88,255,131,55,144,251,92,187,236,110,181,232,81,179,169,0,246,192,83,165,253,92,184,234,88,
248,231,88,161,161,31,131,192,110,181,232,81,179,171,20,220,207,79,183,228,88,133,234,92,186,236,19,134,232,79,179,231,73,246,180,29,144,251,92,187,236,55,220,237,82,220,169,29,246,169,81,185,234,92,186,169,91,164,232,80,179,205,88,181,230,79,246,180,29,159,231,78,162,232,83,181,236,19,184,236,74,254,171,123,164,232,80,179,171,20,220,169,29,246,169,91,164,232,80,179,
205,88,181,230,79,248,199,92,187,236,29,235,169,31,144,251,92,187,236,121,179,234,82,164,171,55,246,169,29,246,239,79,183,228,88,146,236,94,185,251,19,133,224,71,179,169,0,246,220,121,191,228,15,248,231,88,161,161,12,250,169,13,250,169,12,250,169,13,255,131,29,246,169,29,176,251,92,187,236,121,179,234,82,164,167,127,183,234,86,177,251,82,163,231,89,130,251,92,184,250,
77,183,251,88,184,234,68,246,180,29,231,131,29,246,169,29,176,251,92,187,236,121,179,234,82,164,167,127,185,251,89,179,251,110,191,243,88,134,224,69,179,229,29,235,169,13,220,169,29,246,169,91,164,232,80,179,205,88,181,230,79,248,211,116,184,237,88,174,169,0,246,185,55,246,169,29,246,239,79,183,228,88,146,236,94,185,251,19,149,229,84,166,250,121,179,250,94,179,231,89,
183,231,73,165,169,0,246,253,79,163,236,55,246,169,29,246,239,79,183,228,88,146,236,94,185,251,19,134,232,79,179,231,73,246,180,29,144,251,92,187,236,55,246,169,29,246,228,92,189,236,126,185,251,83,179,251,21,176,251,92,187,236,121,179,234,82,164,165,29,228,187,20,220,169,29,246,169,104,191,207,69,248,228,92,189,236,110,162,232,79,144,224,88,186,237,21,176,251,92,187,
236,121,179,234,82,164,165,29,238,185,20,220,236,83,178,131,55,186,230,94,183,229,29,176,252,83,181,253,84,185,231,29,163,249,89,183,253,88,132,236,78,166,230,83,165,224,75,179,197,92,175,230,72,162,161,20,220,169,29,246,169,81,185,234,92,186,169,94,183,228,88,164,232,29,235,169,74,185,251,86,165,249,92,181,236,19,149,252,79,164,236,83,162,202,92,187,236,79,183,131,
29,246,169,29,191,239,29,184,230,73,246,234,92,187,236,79,183,169,82,164,169,83,185,253,29,144,251,92,187,236,110,181,232,81,179,169,73,190,236,83,220,169,29,246,169,29,246,169,29,164,236,73,163,251,83,220,169,29,246,169,88,184,237,55,220,169,29,246,169,81,185,234,92,186,169,75,191,236,74,166,230,79,162,169,0,246,234,92,187,236,79,183,167,107,191,236,74,166,230,79,
162,218,84,172,236,55,246,169,29,246,229,82,181,232,81,246,225,82,164,224,71,185,231,73,183,229,109,183,237,89,191,231,90,246,180,29,191,250,105,185,252,94,190,205,88,160,224,94,179,169,92,184,237,29,227,191,29,185,251,29,225,187,55,246,169,29,246,229,82,181,232,81,246,255,88,164,253,84,181,232,81,134,232,89,178,224,83,177,169,0,246,224,78,130,230,72,181,225,121,179,
255,84,181,236,29,183,231,89,246,191,9,246,230,79,246,176,11,220,169,29,246,169,81,185,234,92,186,169,80,183,241,106,191,237,73,190,169,0,246,228,92,162,225,19,187,232,69,254,255,84,179,254,77,185,251,73,248,209,29,251,169,85,185,251,84,172,230,83,162,232,81,134,232,89,178,224,83,177,165,29,228,189,13,255,131,29,246,169,29,186,230,94,183,229,29,187,232,69,158,236,
84,177,225,73,246,180,29,187,232,73,190,167,80,183,241,21,160,224,88,161,249,82,164,253,19,143,169,16,246,255,88,164,253,84,181,232,81,134,232,89,178,224,83,177,165,29,228,189,13,255,131,29,246,169,29,186,230,94,183,229,29,165,234,92,186,236,29,235,169,80,183,253,85,248,228,84,184,161,80,183,241,106,191,237,73,190,169,18,246,235,92,165,236,123,164,232,80,179,218,84,
172,236,19,142,165,29,187,232,69,158,236,84,177,225,73,246,166,29,180,232,78,179,207,79,183,228,88,133,224,71,179,167,100,250,169,12,255,131,55,246,169,29,246,224,91,246,224,78,130,230,72,181,225,121,179,255,84,181,236,29,162,225,88,184,131,29,246,169,29,246,169,29,246,250,94,183,229,88,246,180,29,187,232,73,190,167,80,191,231,21,165,234,92,186,236,17,246,185,19,224,
188,20,220,169,29,246,169,88,184,237,55,220,169,29,246,169,123,164,232,80,179,218,94,183,229,88,248,218,94,183,229,88,246,180,29,187,232,73,190,167,94,186,232,80,166,161,78,181,232,81,179,165,29,230,167,9,228,165,29,231,160,55,220,169,29,246,169,84,176,169,84,165,221,82,163,234,85,146,236,75,191,234,88,246,253,85,179,231,55,246,169,29,246,169,29,246,169,84,176,169,
105,185,238,90,186,236,127,162,231,29,162,225,88,184,131,29,246,169,29,246,169,29,246,169,29,246,169,105,185,238,90,186,236,127,162,231,19,133,224,71,179,169,0,246,220,121,191,228,15,248,231,88,161,161,13,250,169,9,224,165,29,230,165,29,226,191,20,220,169,29,246,169,29,246,169,29,246,169,29,246,221,82,177,238,81,179,203,73,184,167,109,185,250,84,162,224,82,184,169,0,
246,220,121,191,228,15,248,231,88,161,161,13,250,169,12,224,165,29,230,167,8,250,169,16,227,185,20,220,169,29,246,169,29,246,169,29,179,231,89,220,169,29,246,169,29,246,169,29,191,239,29,149,225,92,162,203,72,180,235,81,179,203,73,184,169,73,190,236,83,220,169,29,246,169,29,246,169,29,246,169,29,246,202,85,183,253,127,163,235,95,186,236,127,162,231,19,133,224,71,179,
169,0,246,220,121,191,228,15,248,231,88,161,161,13,250,169,9,224,165,29,230,165,29,226,191,20,220,169,29,246,169,29,246,169,29,246,169,29,246,202,85,183,253,127,163,235,95,186,236,127,162,231,19,134,230,78,191,253,84,185,231,29,235,169,104,146,224,80,228,167,83,179,254,21,230,165,29,231,191,17,246,185,19,227,165,29,226,160,55,246,169,29,246,169,29,246,169,88,184,237,
55,246,169,29,246,169,29,246,169,84,176,169,123,186,240,105,185,252,94,190,207,79,183,228,88,246,253,85,179,231,55,246,169,29,246,169,29,246,169,29,246,169,29,144,229,68,130,230,72,181,225,123,164,232,80,179,167,110,191,243,88,246,180,29,131,205,84,187,187,19,184,236,74,254,185,17,246,184,10,230,165,29,230,165,29,231,189,13,255,131,29,246,169,29,246,169,29,246,169,29,
246,169,123,186,240,105,185,252,94,190,207,79,183,228,88,248,217,82,165,224,73,191,230,83,246,180,29,131,205,84,187,187,19,184,236,74,254,184,17,246,164,12,230,165,29,231,165,29,251,184,13,255,131,29,246,169,29,246,169,29,246,236,83,178,131,29,246,169,29,179,229,78,179,131,29,246,169,29,246,169,29,246,224,91,246,221,82,177,238,81,179,203,73,184,169,73,190,236,83,220,
169,29,246,169,29,246,169,29,246,169,29,246,221,82,177,238,81,179,203,73,184,167,110,191,243,88,246,180,29,131,205,84,187,187,19,184,236,74,254,185,17,246,188,9,250,169,13,250,169,8,226,160,55,246,169,29,246,169,29,246,169,29,246,169,29,130,230,90,177,229,88,148,253,83,248,217,82,165,224,73,191,230,83,246,180,29,131,205,84,187,187,19,184,236,74,254,185,17,246,184,
11,250,169,13,248,188,17,246,164,8,238,160,55,246,169,29,246,169,29,246,169,88,184,237,55,246,169,29,246,169,29,246,169,84,176,169,126,190,232,73,148,252,95,180,229,88,148,253,83,246,253,85,179,231,55,246,169,29,246,169,29,246,169,29,246,169,29,149,225,92,162,203,72,180,235,81,179,203,73,184,167,110,191,243,88,246,180,29,131,205,84,187,187,19,184,236,74,254,185,17,
246,188,9,250,169,13,250,169,8,226,160,55,246,169,29,246,169,29,246,169,29,246,169,29,149,225,92,162,203,72,180,235,81,179,203,73,184,167,109,185,250,84,162,224,82,184,169,0,246,220,121,191,228,15,248,231,88,161,161,13,250,169,12,224,165,29,230,167,8,250,169,9,255,131,29,246,169,29,246,169,29,246,236,83,178,131,29,246,169,29,246,169,29,246,224,91,246,207,81,175,
221,82,163,234,85,144,251,92,187,236,29,162,225,88,184,131,29,246,169,29,246,169,29,246,169,29,246,169,123,186,240,105,185,252,94,190,207,79,183,228,88,248,218,84,172,236,29,235,169,104,146,224,80,228,167,83,179,254,21,230,165,29,231,177,9,250,169,13,250,169,12,227,185,20,220,169,29,246,169,29,246,169,29,246,169,29,246,207,81,175,221,82,163,234,85,144,251,92,187,236,
19,134,230,78,191,253,84,185,231,29,235,169,104,146,224,80,228,167,83,179,254,21,231,165,29,251,184,9,250,169,12,250,169,16,231,189,20,220,169,29,246,169,29,246,169,29,179,231,89,220,169,29,246,169,88,184,237,55,179,231,89,220,131,81,185,234,92,186,169,91,163,231,94,162,224,82,184,169,95,191,231,89,128,224,88,161,249,82,164,253,113,191,250,73,179,231,88,164,161,20,
220,169,29,246,169,84,176,169,75,191,236,74,166,230,79,162,202,82,184,231,88,181,253,84,185,231,29,162,225,88,184,131,29,246,169,29,246,169,29,246,255,84,179,254,77,185,251,73,149,230,83,184,236,94,162,224,82,184,179,121,191,250,94,185,231,83,179,234,73,254,160,55,246,169,29,246,169,29,246,169,75,191,236,74,166,230,79,162,202,82,184,231,88,181,253,84,185,231,29,235,
169,83,191,229,55,246,169,29,246,236,83,178,131,55,246,169,29,246,229,82,181,232,81,246,234,92,187,236,79,183,169,0,246,254,82,164,226,78,166,232,94,179,167,126,163,251,79,179,231,73,149,232,80,179,251,92,220,169,29,246,169,84,176,169,94,183,228,88,164,232,29,162,225,88,184,131,29,246,169,29,246,169,29,246,255,84,179,254,77,185,251,73,149,230,83,184,236,94,162,224,
82,184,169,0,246,234,92,187,236,79,183,179,122,179,253,109,164,230,77,179,251,73,175,202,85,183,231,90,179,237,110,191,238,83,183,229,21,244,223,84,179,254,77,185,251,73,133,224,71,179,171,20,236,202,82,184,231,88,181,253,21,163,249,89,183,253,88,132,236,78,166,230,83,165,224,75,179,197,92,175,230,72,162,160,55,246,169,29,246,236,83,178,131,55,246,169,29,246,252,77,
178,232,73,179,219,88,165,249,82,184,250,84,160,236,113,183,240,82,163,253,21,255,131,88,184,237,55,220,220,84,144,241,19,187,232,86,179,206,79,183,237,84,179,231,73,254,207,79,183,228,88,250,169,70,220,169,29,246,169,126,185,229,82,164,218,88,167,252,88,184,234,88,157,236,68,166,230,84,184,253,19,184,236,74,254,185,17,246,202,82,186,230,79,229,167,91,164,230,80,132,
206,127,254,184,15,250,169,12,227,165,29,229,188,20,255,165,55,246,169,29,246,202,82,186,230,79,133,236,76,163,236,83,181,236,118,179,240,77,185,224,83,162,167,83,179,254,21,230,167,8,227,165,29,149,230,81,185,251,14,248,239,79,185,228,111,145,203,21,239,165,29,231,187,17,246,187,5,255,160,17,220,169,29,246,169,126,185,229,82,164,218,88,167,252,88,184,234,88,157,236,
68,166,230,84,184,253,19,184,236,74,254,184,17,246,202,82,186,230,79,229,167,91,164,230,80,132,206,127,254,187,17,246,187,17,246,187,20,255,165,55,171,165,29,229,188,20,220,131,81,185,234,92,186,169,117,179,232,89,179,251,29,235,169,116,184,250,73,183,231,94,179,167,83,179,254,21,244,207,79,183,228,88,244,160,55,158,236,92,178,236,79,248,199,92,187,236,29,235,169,31,
158,236,92,178,236,79,244,131,117,179,232,89,179,251,19,133,224,71,179,169,0,246,220,121,191,228,15,248,231,88,161,161,12,250,169,13,250,169,13,250,169,10,224,160,55,158,236,92,178,236,79,248,203,92,181,226,90,164,230,72,184,237,126,185,229,82,164,186,29,235,169,105,190,236,80,179,167,117,179,232,89,179,251,55,158,236,92,178,236,79,248,203,82,164,237,88,164,218,84,172,
236,109,191,241,88,186,169,0,246,185,55,158,236,92,178,236,79,248,217,92,164,236,83,162,169,0,246,207,79,183,228,88,220,228,92,189,236,126,185,251,83,179,251,21,158,236,92,178,236,79,250,169,15,228,160,55,131,224,123,174,167,80,183,226,88,145,251,92,178,224,88,184,253,21,158,236,92,178,236,79,250,169,70,220,169,29,246,169,126,185,229,82,164,218,88,167,252,88,184,234,
88,157,236,68,166,230,84,184,253,19,184,236,74,254,185,17,246,202,82,186,230,79,229,167,91,164,230,80,132,206,127,254,191,17,246,191,17,246,191,20,255,165,55,246,169,29,246,202,82,186,230,79,133,236,76,163,236,83,181,236,118,179,240,77,185,224,83,162,167,83,179,254,21,231,165,29,149,230,81,185,251,14,248,239,79,185,228,111,145,203,21,238,165,29,231,185,17,246,187,9,
255,160,17,220,244,17,246,184,8,255,131,55,178,230,55,246,169,29,246,229,82,181,232,81,246,193,88,183,237,88,164,203,82,162,253,82,187,196,92,165,226,29,235,169,116,184,250,73,183,231,94,179,167,83,179,254,21,244,207,79,183,228,88,244,160,55,246,169,29,246,193,88,183,237,88,164,203,82,162,253,82,187,196,92,165,226,19,133,224,71,179,169,0,246,220,121,191,228,15,248,
231,88,161,161,12,250,169,13,250,169,13,250,169,15,226,160,55,246,169,29,246,193,88,183,237,88,164,203,82,162,253,82,187,196,92,165,226,19,134,230,78,191,253,84,185,231,29,235,169,104,146,224,80,228,167,83,179,254,21,230,165,29,230,165,29,231,165,29,251,187,9,255,131,29,246,169,29,158,236,92,178,236,79,148,230,73,162,230,80,155,232,78,189,167,127,183,234,86,177,251,
82,163,231,89,149,230,81,185,251,14,246,180,29,130,225,88,187,236,19,158,236,92,178,236,79,220,169,29,246,169,117,179,232,89,179,251,127,185,253,73,185,228,112,183,250,86,248,203,82,164,237,88,164,218,84,172,236,109,191,241,88,186,169,0,246,185,55,246,169,29,246,193,88,183,237,88,164,203,82,162,253,82,187,196,92,165,226,19,134,232,79,179,231,73,246,180,29,158,236,92,
178,236,79,220,131,29,246,169,29,186,230,94,183,229,29,151,234,94,179,231,73,154,224,83,179,169,0,246,192,83,165,253,92,184,234,88,248,231,88,161,161,31,144,251,92,187,236,31,255,131,29,246,169,29,151,234,94,179,231,73,154,224,83,179,167,110,191,243,88,246,180,29,131,205,84,187,187,19,184,236,74,254,184,17,246,164,14,228,165,29,230,165,29,229,160,55,246,169,29,246,
200,94,181,236,83,162,197,84,184,236,19,134,230,78,191,253,84,185,231,29,235,169,104,146,224,80,228,167,83,179,254,21,230,165,29,231,191,17,246,184,17,246,164,14,255,131,29,246,169,29,151,234,94,179,231,73,154,224,83,179,167,127,183,234,86,177,251,82,163,231,89,149,230,81,185,251,14,246,180,29,130,225,88,187,236,19,151,234,94,179,231,73,220,169,29,246,169,124,181,234,
88,184,253,113,191,231,88,248,203,82,164,237,88,164,218,84,172,236,109,191,241,88,186,169,0,246,185,55,246,169,29,246,200,94,181,236,83,162,197,84,184,236,19,134,232,79,179,231,73,246,180,29,158,236,92,178,236,79,220,169,29,246,169,80,183,226,88,149,230,79,184,236,79,254,200,94,181,236,83,162,197,84,184,236,17,246,191,20,220,169,29,246,169,124,181,234,88,184,253,113,
191,231,88,248,223,84,165,224,95,186,236,29,235,169,91,183,229,78,179,131,88,184,237,55,220,229,82,181,232,81,246,221,84,162,229,88,246,180,29,159,231,78,162,232,83,181,236,19,184,236,74,254,171,105,179,241,73,154,232,95,179,229,31,255,131,105,191,253,81,179,167,110,191,243,88,246,180,29,131,205,84,187,187,19,184,236,74,254,185,19,227,188,17,246,185,17,246,185,17,246,
187,5,255,131,105,191,253,81,179,167,109,185,250,84,162,224,82,184,169,0,246,220,121,191,228,15,248,231,88,161,161,13,250,169,12,238,165,29,230,165,29,231,187,20,220,221,84,162,229,88,248,203,92,181,226,90,164,230,72,184,237,105,164,232,83,165,249,92,164,236,83,181,240,29,235,169,12,220,221,84,162,229,88,248,221,88,174,253,29,235,169,31,162,214,12,238,171,55,130,224,
73,186,236,19,130,236,69,162,202,82,186,230,79,229,169,0,246,221,85,179,228,88,248,221,88,174,253,55,130,224,73,186,236,19,130,236,69,162,209,124,186,224,90,184,228,88,184,253,29,235,169,120,184,252,80,248,221,88,174,253,101,151,229,84,177,231,80,179,231,73,248,197,88,176,253,55,130,224,73,186,236,19,144,230,83,162,169,0,246,204,83,163,228,19,144,230,83,162,167,122,
185,253,85,183,228,127,186,232,94,189,131,105,191,253,81,179,167,105,179,241,73,133,224,71,179,169,0,246,187,9,220,221,84,162,229,88,248,217,92,164,236,83,162,169,0,246,193,88,183,237,88,164,131,55,178,230,55,246,169,29,246,229,82,181,232,81,246,218,72,180,253,84,162,229,88,246,180,29,159,231,78,162,232,83,181,236,19,184,236,74,254,171,105,179,241,73,154,232,95,179,
229,31,255,131,29,246,169,29,133,252,95,162,224,73,186,236,19,133,224,71,179,169,0,246,220,121,191,228,15,248,231,88,161,161,13,248,188,5,250,169,13,250,169,13,250,169,12,238,160,55,246,169,29,246,218,72,180,253,84,162,229,88,248,217,82,165,224,73,191,230,83,246,180,29,131,205,84,187,187,19,184,236,74,254,185,17,246,184,5,250,169,13,250,169,9,228,160,55,246,169,
29,246,218,72,180,253,84,162,229,88,248,203,92,181,226,90,164,230,72,184,237,105,164,232,83,165,249,92,164,236,83,181,240,29,235,169,12,220,169,29,246,169,110,163,235,73,191,253,81,179,167,105,179,241,73,246,180,29,244,81,137,14,46,229,103,80,190,15,1,228,80,81,154,246,81,154,15,11,229,124,81,140,14,46,229,123,81,154,14,35,228,85,80,184,246,81,132,15,13,228,
95,169,229,113,80,185,14,38,229,101,80,190,15,1,229,103,81,146,244,131,29,246,169,29,133,252,95,162,224,73,186,236,19,130,236,69,162,202,82,186,230,79,229,169,0,246,221,85,179,228,88,248,196,72,162,236,89,220,169,29,246,169,110,163,235,73,191,253,81,179,167,105,179,241,73,142,200,81,191,238,83,187,236,83,162,169,0,246,204,83,163,228,19,130,236,69,162,209,124,186,
224,90,184,228,88,184,253,19,154,236,91,162,131,29,246,169,29,133,252,95,162,224,73,186,236,19,144,230,83,162,169,0,246,204,83,163,228,19,144,230,83,162,167,122,185,253,85,183,228,55,246,169,29,246,218,72,180,253,84,162,229,88,248,221,88,174,253,110,191,243,88,246,180,29,231,188,55,246,169,29,246,218,72,180,253,84,162,229,88,248,217,92,164,236,83,162,169,0,246,193,
88,183,237,88,164,131,55,246,169,29,246,229,82,181,232,81,246,221,82,166,203,92,178,238,88,246,180,29,159,231,78,162,232,83,181,236,19,184,236,74,254,171,123,164,232,80,179,171,20,220,169,29,246,169,105,185,249,127,183,237,90,179,167,110,191,243,88,246,180,29,131,205,84,187,187,19,184,236,74,254,185,17,246,184,4,227,165,29,230,165,29,229,189,20,220,169,29,246,169,105,
185,249,127,183,237,90,179,167,109,185,250,84,162,224,82,184,169,0,246,220,121,191,228,15,248,231,88,161,161,12,250,169,16,228,184,12,250,169,13,250,169,15,230,160,55,246,169,29,246,221,82,166,203,92,178,238,88,248,203,92,181,226,90,164,230,72,184,237,126,185,229,82,164,186,29,235,169,105,190,236,80,179,167,109,183,231,88,186,218,82,176,253,55,246,169,29,246,221,82,166,
203,92,178,238,88,248,203,92,181,226,90,164,230,72,184,237,105,164,232,83,165,249,92,164,236,83,181,240,29,235,169,13,248,184,11,220,169,29,246,169,105,185,249,127,183,237,90,179,167,127,185,251,89,179,251,110,191,243,88,134,224,69,179,229,29,235,169,13,220,169,29,246,169,105,185,249,127,183,237,90,179,167,109,183,251,88,184,253,29,235,169,117,179,232,89,179,251,55,246,169,
29,246,228,92,189,236,126,185,251,83,179,251,21,130,230,77,148,232,89,177,236,17,246,184,15,255,131,29,246,169,29,187,232,86,179,218,73,164,230,86,179,161,105,185,249,127,183,237,90,179,165,29,130,225,88,187,236,19,148,230,79,178,236,79,250,169,12,250,169,13,248,186,8,255,131,29,246,169,29,131,224,123,174,167,80,183,226,88,133,253,92,164,207,84,179,229,89,254,221,82,
166,203,92,178,238,88,250,169,11,255,131,55,246,169,29,246,229,82,181,232,81,246,221,82,166,203,92,178,238,88,146,230,73,246,180,29,159,231,78,162,232,83,181,236,19,184,236,74,254,171,123,164,232,80,179,171,20,220,169,29,246,169,105,185,249,127,183,237,90,179,205,82,162,167,110,191,243,88,246,180,29,131,205,84,187,187,19,184,236,74,254,185,17,246,184,13,250,169,13,250,
169,12,230,160,55,246,169,29,246,221,82,166,203,92,178,238,88,146,230,73,248,217,82,165,224,73,191,230,83,246,180,29,131,205,84,187,187,19,184,236,74,254,185,17,246,184,15,250,169,13,248,188,17,246,164,8,255,131,29,246,169,29,130,230,77,148,232,89,177,236,121,185,253,19,148,232,94,189,238,79,185,252,83,178,202,82,186,230,79,229,169,0,246,221,85,179,228,88,248,217,
92,184,236,81,133,230,91,162,131,29,246,169,29,130,230,77,148,232,89,177,236,121,185,253,19,148,232,94,189,238,79,185,252,83,178,221,79,183,231,78,166,232,79,179,231,94,175,169,0,246,185,19,230,177,55,246,169,29,246,221,82,166,203,92,178,238,88,146,230,73,248,203,82,164,237,88,164,218,84,172,236,109,191,241,88,186,169,0,246,185,55,246,169,29,246,221,82,166,203,92,
178,238,88,146,230,73,248,217,92,164,236,83,162,169,0,246,221,82,166,203,92,178,238,88,220,169,29,246,169,80,183,226,88,149,230,79,184,236,79,254,221,82,166,203,92,178,238,88,146,230,73,250,169,4,239,160,55,220,169,29,246,169,81,185,234,92,186,169,105,185,249,127,183,237,90,179,221,88,174,253,29,235,169,116,184,250,73,183,231,94,179,167,83,179,254,21,244,221,88,174,
253,113,183,235,88,186,171,20,220,169,29,246,169,105,185,249,127,183,237,90,179,221,88,174,253,19,133,224,71,179,169,0,246,220,121,191,228,15,248,231,88,161,161,12,250,169,16,229,189,17,246,184,17,246,185,20,220,169,29,246,169,105,185,249,127,183,237,90,179,221,88,174,253,19,134,230,78,191,253,84,185,231,29,235,169,104,146,224,80,228,167,83,179,254,21,230,165,29,228,177,
17,246,185,17,246,185,20,220,169,29,246,169,105,185,249,127,183,237,90,179,221,88,174,253,19,148,232,94,189,238,79,185,252,83,178,221,79,183,231,78,166,232,79,179,231,94,175,169,0,246,184,55,246,169,29,246,221,82,166,203,92,178,238,88,130,236,69,162,167,105,179,241,73,246,180,29,244,81,132,15,15,229,121,80,190,246,80,184,14,61,228,85,80,185,14,32,229,73,169,229,
124,80,181,14,46,229,99,80,185,246,81,146,14,58,228,85,80,181,14,56,229,121,171,55,246,169,29,246,221,82,166,203,92,178,238,88,130,236,69,162,167,105,179,241,73,149,230,81,185,251,14,246,180,29,130,225,88,187,236,19,130,236,69,162,131,29,246,169,29,130,230,77,148,232,89,177,236,105,179,241,73,248,221,88,174,253,101,151,229,84,177,231,80,179,231,73,246,180,29,147,
231,72,187,167,105,179,241,73,142,200,81,191,238,83,187,236,83,162,167,113,179,239,73,220,169,29,246,169,105,185,249,127,183,237,90,179,221,88,174,253,19,144,230,83,162,169,0,246,204,83,163,228,19,144,230,83,162,167,122,185,253,85,183,228,112,179,237,84,163,228,55,246,169,29,246,221,82,166,203,92,178,238,88,130,236,69,162,167,105,179,241,73,133,234,92,186,236,89,246,180,
29,162,251,72,179,131,29,246,169,29,130,230,77,148,232,89,177,236,105,179,241,73,248,217,92,164,236,83,162,169,0,246,221,82,166,203,92,178,238,88,220,131,29,246,169,29,186,230,94,183,229,29,134,251,82,176,224,81,179,202,92,164,237,29,235,169,116,184,250,73,183,231,94,179,167,83,179,254,21,244,207,79,183,228,88,244,160,55,246,169,29,246,217,79,185,239,84,186,236,126,
183,251,89,248,218,84,172,236,29,235,169,104,146,224,80,228,167,83,179,254,21,231,165,29,251,186,15,250,169,13,250,169,5,230,160,55,246,169,29,246,217,79,185,239,84,186,236,126,183,251,89,248,217,82,165,224,73,191,230,83,246,180,29,131,205,84,187,187,19,184,236,74,254,185,17,246,184,11,250,169,13,250,169,5,228,160,55,246,169,29,246,217,79,185,239,84,186,236,126,183,
251,89,248,203,92,181,226,90,164,230,72,184,237,126,185,229,82,164,186,29,235,169,105,190,236,80,179,167,126,183,251,89,220,169,29,246,169,109,164,230,91,191,229,88,149,232,79,178,167,127,183,234,86,177,251,82,163,231,89,130,251,92,184,250,77,183,251,88,184,234,68,246,180,29,230,167,12,224,131,29,246,169,29,134,251,82,176,224,81,179,202,92,164,237,19,148,230,79,178,236,
79,133,224,71,179,217,84,174,236,81,246,180,29,230,131,29,246,169,29,134,251,82,176,224,81,179,202,92,164,237,19,134,232,79,179,231,73,246,180,29,144,251,92,187,236,55,246,169,29,246,228,92,189,236,126,185,251,83,179,251,21,134,251,82,176,224,81,179,202,92,164,237,17,246,184,5,255,131,29,246,169,29,187,232,86,179,218,73,164,230,86,179,161,109,164,230,91,191,229,88,
149,232,79,178,165,29,130,225,88,187,236,19,148,230,79,178,236,79,250,169,12,250,169,13,248,187,5,255,131,29,246,169,29,131,224,123,174,167,80,183,226,88,133,253,92,164,207,84,179,229,89,254,217,79,185,239,84,186,236,126,183,251,89,250,169,12,228,160,55,220,169,29,246,169,81,185,234,92,186,169,109,164,230,91,191,229,88,145,229,82,161,169,0,246,192,83,165,253,92,184,
234,88,248,231,88,161,161,31,144,251,92,187,236,31,255,131,29,246,169,29,134,251,82,176,224,81,179,206,81,185,254,19,133,224,71,179,169,0,246,220,121,191,228,15,248,231,88,161,161,13,250,169,10,228,165,29,230,165,29,225,187,20,220,169,29,246,169,109,164,230,91,191,229,88,145,229,82,161,167,109,185,250,84,162,224,82,184,169,0,246,220,121,191,228,15,248,231,88,161,161,
13,250,169,12,230,165,29,230,167,8,250,169,16,229,191,20,220,169,29,246,169,109,164,230,91,191,229,88,145,229,82,161,167,127,183,234,86,177,251,82,163,231,89,149,230,81,185,251,14,246,180,29,130,225,88,187,236,19,151,234,94,179,231,73,133,230,91,162,131,29,246,169,29,134,251,82,176,224,81,179,206,81,185,254,19,148,232,94,189,238,79,185,252,83,178,221,79,183,231,78,
166,232,79,179,231,94,175,169,0,246,185,19,228,187,55,246,169,29,246,217,79,185,239,84,186,236,122,186,230,74,248,203,82,164,237,88,164,218,84,172,236,109,191,241,88,186,169,0,246,185,55,246,169,29,246,217,79,185,239,84,186,236,122,186,230,74,248,217,92,164,236,83,162,169,0,246,217,79,185,239,84,186,236,126,183,251,89,220,169,29,246,169,80,183,226,88,149,230,79,184,
236,79,254,217,79,185,239,84,186,236,122,186,230,74,250,169,12,238,160,55,220,169,29,246,169,81,185,234,92,186,169,124,160,232,73,183,251,113,179,253,73,179,251,29,235,169,116,184,250,73,183,231,94,179,167,83,179,254,21,244,221,88,174,253,113,183,235,88,186,171,20,220,169,29,246,169,124,160,232,73,183,251,113,179,253,73,179,251,19,133,224,71,179,169,0,246,220,121,191,228,
15,248,231,88,161,161,12,250,169,13,250,169,12,250,169,13,255,131,29,246,169,29,151,255,92,162,232,79,154,236,73,162,236,79,248,203,92,181,226,90,164,230,72,184,237,105,164,232,83,165,249,92,164,236,83,181,240,29,235,169,12,220,169,29,246,169,124,160,232,73,183,251,113,179,253,73,179,251,19,130,236,69,162,169,0,246,250,73,164,224,83,177,167,72,166,249,88,164,161,78,
162,251,84,184,238,19,165,252,95,254,197,82,181,232,81,134,229,92,175,236,79,248,205,84,165,249,81,183,240,115,183,228,88,250,169,12,250,169,12,255,160,55,246,169,29,246,200,75,183,253,92,164,197,88,162,253,88,164,167,105,179,241,73,149,230,81,185,251,14,246,180,29,130,225,88,187,236,19,130,236,69,162,131,29,246,169,29,151,255,92,162,232,79,154,236,73,162,236,79,248,
207,82,184,253,29,235,169,120,184,252,80,248,207,82,184,253,19,145,230,73,190,232,80,148,229,92,181,226,55,246,169,29,246,200,75,183,253,92,164,197,88,162,253,88,164,167,105,179,241,73,133,224,71,179,169,0,246,186,13,220,169,29,246,169,124,160,232,73,183,251,113,179,253,73,179,251,19,134,232,79,179,231,73,246,180,29,134,251,82,176,224,81,179,206,81,185,254,55,220,169,
29,246,169,81,185,234,92,186,169,106,179,229,94,185,228,88,154,232,95,179,229,29,235,169,116,184,250,73,183,231,94,179,167,83,179,254,21,244,221,88,174,253,113,183,235,88,186,171,20,220,169,29,246,169,106,179,229,94,185,228,88,154,232,95,179,229,19,133,224,71,179,169,0,246,220,121,191,228,15,248,231,88,161,161,12,250,169,16,231,184,13,250,169,13,250,169,15,238,160,55,
246,169,29,246,222,88,186,234,82,187,236,113,183,235,88,186,167,109,185,250,84,162,224,82,184,169,0,246,220,121,191,228,15,248,231,88,161,161,13,250,169,4,238,165,29,230,165,29,231,189,20,220,169,29,246,169,106,179,229,94,185,228,88,154,232,95,179,229,19,148,232,94,189,238,79,185,252,83,178,221,79,183,231,78,166,232,79,179,231,94,175,169,0,246,184,55,246,169,29,246,
222,88,186,234,82,187,236,113,183,235,88,186,167,105,179,241,73,246,180,29,244,81,158,15,14,228,82,80,182,14,46,29,244,169,19,248,169,113,185,234,92,186,217,81,183,240,88,164,167,121,191,250,77,186,232,68,152,232,80,179,131,29,246,169,29,129,236,81,181,230,80,179,197,92,180,236,81,248,221,88,174,253,126,185,229,82,164,186,29,235,169,105,190,236,80,179,167,105,179,241,
73,220,169,29,246,169,106,179,229,94,185,228,88,154,232,95,179,229,19,130,236,69,162,209,124,186,224,90,184,228,88,184,253,29,235,169,120,184,252,80,248,221,88,174,253,101,151,229,84,177,231,80,179,231,73,248,219,84,177,225,73,220,169,29,246,169,106,179,229,94,185,228,88,154,232,95,179,229,19,144,230,83,162,169,0,246,204,83,163,228,19,144,230,83,162,167,122,185,253,85,
183,228,127,185,229,89,220,169,29,246,169,106,179,229,94,185,228,88,154,232,95,179,229,19,130,236,69,162,218,84,172,236,29,235,169,15,226,131,29,246,169,29,129,236,81,181,230,80,179,197,92,180,236,81,248,217,92,164,236,83,162,169,0,246,217,79,185,239,84,186,236,126,183,251,89,220,131,29,246,169,29,186,230,94,183,229,29,134,229,92,184,197,92,180,236,81,246,180,29,159,
231,78,162,232,83,181,236,19,184,236,74,254,171,105,179,241,73,154,232,95,179,229,31,255,131,29,246,169,29,134,229,92,184,197,92,180,236,81,248,218,84,172,236,29,235,169,104,146,224,80,228,167,83,179,254,21,231,165,29,251,184,12,230,165,29,230,165,29,231,177,20,220,169,29,246,169,109,186,232,83,154,232,95,179,229,19,134,230,78,191,253,84,185,231,29,235,169,104,146,224,
80,228,167,83,179,254,21,230,165,29,239,177,17,246,185,17,246,189,11,255,131,29,246,169,29,134,229,92,184,197,92,180,236,81,248,203,92,181,226,90,164,230,72,184,237,105,164,232,83,165,249,92,164,236,83,181,240,29,235,169,12,220,169,29,246,169,109,186,232,83,154,232,95,179,229,19,130,236,69,162,169,0,246,171,229,98,81,154,14,56,228,85,80,181,15,15,229,113,169,229,
113,80,191,14,35,229,103,81,154,14,36,229,113,81,151,15,10,228,83,169,229,111,80,185,15,0,29,14,46,228,82,81,146,14,58,228,85,80,181,14,56,229,121,169,65,246,81,154,14,63,229,108,81,138,246,81,154,15,13,229,100,81,140,246,81,154,15,13,229,99,81,135,15,3,229,103,169,228,82,81,152,14,39,228,87,81,154,14,40,29,14,46,228,82,80,187,14,46,228,87,
81,141,14,32,31,220,169,29,246,169,109,186,232,83,154,232,95,179,229,19,130,236,69,162,202,82,186,230,79,229,169,0,246,221,85,179,228,88,248,196,72,162,236,89,220,169,29,246,169,109,186,232,83,154,232,95,179,229,19,130,236,69,162,209,124,186,224,90,184,228,88,184,253,29,235,169,120,184,252,80,248,221,88,174,253,101,151,229,84,177,231,80,179,231,73,248,219,84,177,225,
73,220,169,29,246,169,109,186,232,83,154,232,95,179,229,19,144,230,83,162,169,0,246,204,83,163,228,19,144,230,83,162,167,122,185,253,85,183,228,55,246,169,29,246,217,81,183,231,113,183,235,88,186,167,105,179,241,73,133,224,71,179,169,0,246,184,8,220,169,29,246,169,109,186,232,83,154,232,95,179,229,19,134,232,79,179,231,73,246,180,29,134,251,82,176,224,81,179,202,92,
164,237,55,179,231,89,220,131,81,185,234,92,186,169,126,185,231,73,179,231,73,134,232,83,179,229,29,235,169,116,184,250,73,183,231,94,179,167,83,179,254,21,244,207,79,183,228,88,244,160,55,149,230,83,162,236,83,162,217,92,184,236,81,248,218,84,172,236,29,235,169,104,146,224,80,228,167,83,179,254,21,231,165,29,251,186,15,250,169,13,250,169,14,231,185,20,220,202,82,184,
253,88,184,253,109,183,231,88,186,167,109,185,250,84,162,224,82,184,169,0,246,220,121,191,228,15,248,231,88,161,161,13,250,169,12,224,165,29,230,165,29,231,191,5,255,131,126,185,231,73,179,231,73,134,232,83,179,229,19,148,232,94,189,238,79,185,252,83,178,202,82,186,230,79,229,169,0,246,221,85,179,228,88,248,203,90,220,202,82,184,253,88,184,253,109,183,231,88,186,167,
127,183,234,86,177,251,82,163,231,89,130,251,92,184,250,77,183,251,88,184,234,68,246,180,29,230,167,15,226,131,126,185,231,73,179,231,73,134,232,83,179,229,19,148,230,79,178,236,79,133,224,71,179,217,84,174,236,81,246,180,29,230,131,126,185,231,73,179,231,73,134,232,83,179,229,19,134,232,79,179,231,73,246,180,29,144,251,92,187,236,55,187,232,86,179,202,82,164,231,88,
164,161,126,185,231,73,179,231,73,134,232,83,179,229,17,246,184,5,255,131,80,183,226,88,133,253,79,185,226,88,254,202,82,184,253,88,184,253,109,183,231,88,186,165,29,130,225,88,187,236,19,148,230,79,178,236,79,250,169,12,250,169,13,248,186,8,255,131,104,191,207,69,248,228,92,189,236,122,164,232,89,191,236,83,162,161,126,185,231,73,179,231,73,134,232,83,179,229,17,246,
242,55,246,169,29,246,202,82,186,230,79,133,236,76,163,236,83,181,236,118,179,240,77,185,224,83,162,167,83,179,254,21,230,165,29,149,230,81,185,251,14,248,239,79,185,228,111,145,203,21,238,165,29,231,185,17,246,187,9,255,160,17,220,169,29,246,169,126,185,229,82,164,218,88,167,252,88,184,234,88,157,236,68,166,230,84,184,253,19,184,236,74,254,184,17,246,202,82,186,230,
79,229,167,91,164,230,80,132,206,127,254,191,17,246,191,17,246,191,20,255,165,55,171,165,29,239,185,20,220,220,84,144,241,19,187,232,86,179,218,73,183,251,123,191,236,81,178,161,126,185,231,73,179,231,73,134,232,83,179,229,17,246,184,9,255,131,55,186,230,94,183,229,29,134,232,83,179,229,109,183,237,89,191,231,90,246,180,29,159,231,78,162,232,83,181,236,19,184,236,74,
254,171,104,159,217,92,178,237,84,184,238,31,255,131,109,183,231,88,186,217,92,178,237,84,184,238,19,134,232,89,178,224,83,177,221,82,166,169,0,246,220,121,191,228,19,184,236,74,254,185,17,246,184,11,255,131,109,183,231,88,186,217,92,178,237,84,184,238,19,134,232,89,178,224,83,177,197,88,176,253,29,235,169,104,146,224,80,248,231,88,161,161,13,250,169,12,224,160,55,134,
232,83,179,229,109,183,237,89,191,231,90,248,217,92,178,237,84,184,238,111,191,238,85,162,169,0,246,220,121,191,228,19,184,236,74,254,185,17,246,184,11,255,131,109,183,231,88,186,217,92,178,237,84,184,238,19,134,232,79,179,231,73,246,180,29,149,230,83,162,236,83,162,217,92,184,236,81,220,131,81,185,234,92,186,169,110,179,234,73,191,230,83,154,232,95,179,229,29,235,169,
116,184,250,73,183,231,94,179,167,83,179,254,21,244,221,88,174,253,113,183,235,88,186,171,20,220,218,88,181,253,84,185,231,113,183,235,88,186,167,110,191,243,88,246,180,29,131,205,84,187,187,19,184,236,74,254,184,17,246,185,17,246,185,17,246,184,5,255,131,110,179,234,73,191,230,83,154,232,95,179,229,19,148,232,94,189,238,79,185,252,83,178,221,79,183,231,78,166,232,79,
179,231,94,175,169,0,246,184,55,133,236,94,162,224,82,184,197,92,180,236,81,248,221,88,174,253,29,235,169,31,14,46,228,82,81,151,14,36,228,85,80,184,246,81,154,15,13,229,103,81,155,15,3,229,101,80,183,244,131,110,179,234,73,191,230,83,154,232,95,179,229,19,130,236,69,162,202,82,186,230,79,229,169,0,246,221,85,179,228,88,248,196,72,162,236,89,220,218,88,181,
253,84,185,231,113,183,235,88,186,167,105,179,241,73,142,200,81,191,238,83,187,236,83,162,169,0,246,204,83,163,228,19,130,236,69,162,209,124,186,224,90,184,228,88,184,253,19,132,224,90,190,253,55,133,236,94,162,224,82,184,197,92,180,236,81,248,207,82,184,253,29,235,169,120,184,252,80,248,207,82,184,253,19,145,230,73,190,232,80,155,236,89,191,252,80,220,218,88,181,253,
84,185,231,113,183,235,88,186,167,105,179,241,73,133,224,71,179,169,0,246,184,14,220,218,88,181,253,84,185,231,113,183,235,88,186,167,109,183,251,88,184,253,29,235,169,126,185,231,73,179,231,73,134,232,83,179,229,55,220,229,82,181,232,81,246,239,72,184,234,73,191,230,83,246,232,77,166,229,68,149,229,84,181,226,105,185,202,81,179,232,79,254,235,82,174,160,55,246,169,29,
246,229,82,181,232,81,246,214,94,181,218,92,160,236,89,246,180,29,244,171,55,246,169,29,246,235,82,174,167,123,185,234,72,165,236,89,236,202,82,184,231,88,181,253,21,176,252,83,181,253,84,185,231,21,255,131,29,246,169,29,246,169,29,246,224,91,246,235,82,174,167,105,179,241,73,246,247,0,246,171,31,246,253,85,179,231,55,246,169,29,246,169,29,246,169,29,246,169,29,137,
234,94,133,232,75,179,237,29,235,169,95,185,241,19,130,236,69,162,131,29,246,169,29,246,169,29,246,169,29,246,169,95,185,241,19,130,236,69,162,169,0,246,171,31,220,169,29,246,169,29,246,169,29,179,231,89,220,169,29,246,169,88,184,237,20,220,169,29,246,169,95,185,241,19,144,230,94,163,250,113,185,250,73,236,202,82,184,231,88,181,253,21,176,252,83,181,253,84,185,231,
21,255,131,29,246,169,29,246,169,29,246,224,91,246,235,82,174,167,105,179,241,73,246,180,0,246,171,31,246,232,83,178,169,98,181,234,110,183,255,88,178,169,67,235,169,31,244,169,73,190,236,83,220,169,29,246,169,29,246,169,29,246,169,29,246,235,82,174,167,105,179,241,73,246,180,29,137,234,94,133,232,75,179,237,55,246,169,29,246,169,29,246,169,29,246,169,29,137,234,94,
133,232,75,179,237,29,235,169,31,244,131,29,246,169,29,246,169,29,246,236,83,178,131,29,246,169,29,179,231,89,255,131,88,184,237,55,220,131,81,185,234,92,186,169,116,184,249,72,162,169,0,246,192,83,165,253,92,184,234,88,248,231,88,161,161,31,130,236,69,162,203,82,174,171,20,220,192,83,166,252,73,248,218,84,172,236,29,235,169,104,146,224,80,228,167,83,179,254,21,231,
165,29,230,165,29,230,165,29,226,187,20,220,192,83,166,252,73,248,217,82,165,224,73,191,230,83,246,180,29,131,205,84,187,187,19,184,236,74,254,185,17,246,185,17,246,185,17,246,187,11,255,131,116,184,249,72,162,167,127,183,234,86,177,251,82,163,231,89,149,230,81,185,251,14,246,180,29,130,225,88,187,236,19,159,231,77,163,253,55,159,231,77,163,253,19,148,232,94,189,238,
79,185,252,83,178,221,79,183,231,78,166,232,79,179,231,94,175,169,0,246,185,19,228,187,55,159,231,77,163,253,19,134,229,92,181,236,85,185,229,89,179,251,105,179,241,73,246,180,29,244,81,154,15,10,229,124,81,149,246,81,154,14,58,228,83,169,229,113,80,185,15,13,229,113,81,132,14,33,29,15,14,228,80,81,154,244,131,116,184,249,72,162,167,105,179,241,73,246,180,29,
244,171,55,159,231,77,163,253,19,130,236,69,162,202,82,186,230,79,229,169,0,246,221,85,179,228,88,248,221,88,174,253,55,159,231,77,163,253,19,134,229,92,181,236,85,185,229,89,179,251,126,185,229,82,164,186,29,235,169,105,190,236,80,179,167,112,163,253,88,178,131,116,184,249,72,162,167,123,185,231,73,246,180,29,147,231,72,187,167,123,185,231,73,248,206,82,162,225,92,187,
131,116,184,249,72,162,167,105,179,241,73,133,224,71,179,169,0,246,184,5,220,192,83,166,252,73,248,202,81,179,232,79,130,236,69,162,198,83,144,230,94,163,250,29,235,169,91,183,229,78,179,131,116,184,249,72,162,167,109,183,251,88,184,253,29,235,169,126,185,231,73,179,231,73,134,232,83,179,229,55,187,232,86,179,202,82,164,231,88,164,161,116,184,249,72,162,165,29,231,187,
20,220,228,92,189,236,110,162,251,82,189,236,21,159,231,77,163,253,17,246,221,85,179,228,88,248,203,82,164,237,88,164,165,29,231,165,29,230,167,15,255,131,92,166,249,81,175,202,81,191,234,86,130,230,126,186,236,92,164,161,116,184,249,72,162,160,55,220,164,16,246,81,152,15,10,228,83,81,154,15,13,29,14,35,228,82,80,191,14,46,229,112,80,183,246,81,132,15,15,229,
121,169,229,113,80,185,14,63,229,108,81,138,246,81,132,15,13,228,95,169,120,184,253,88,164,131,116,184,249,72,162,167,123,185,234,72,165,197,82,165,253,7,149,230,83,184,236,94,162,161,91,163,231,94,162,224,82,184,161,88,184,253,88,164,217,79,179,250,78,179,237,20,220,169,29,246,169,84,176,169,83,185,253,29,179,231,73,179,251,109,164,236,78,165,236,89,246,253,85,179,
231,29,164,236,73,163,251,83,246,236,83,178,131,29,246,169,29,186,230,94,183,229,29,162,240,77,179,237,29,235,169,116,184,249,72,162,167,105,179,241,73,220,169,29,246,169,84,176,169,83,185,253,29,162,240,77,179,237,29,185,251,29,245,253,68,166,236,89,246,181,29,231,169,73,190,236,83,246,251,88,162,252,79,184,169,88,184,237,55,246,169,29,246,239,82,164,169,98,250,169,
77,186,232,68,179,251,29,191,231,29,191,249,92,191,251,78,254,217,81,183,240,88,164,250,7,145,236,73,134,229,92,175,236,79,165,161,20,255,169,89,185,131,29,246,169,29,246,169,29,246,224,91,246,249,81,183,240,88,164,169,67,235,169,113,185,234,92,186,217,81,183,240,88,164,169,92,184,237,29,166,229,92,175,236,79,248,199,92,187,236,7,186,230,74,179,251,21,255,179,91,
191,231,89,254,253,68,166,236,89,236,229,82,161,236,79,254,160,17,246,184,17,246,253,79,163,236,20,246,253,85,179,231,55,246,169,29,246,169,29,246,169,29,246,169,29,159,231,77,163,253,19,130,236,69,162,169,0,246,249,81,183,240,88,164,167,115,183,228,88,220,169,29,246,169,29,246,169,29,246,169,29,246,235,79,179,232,86,220,169,29,246,169,29,246,169,29,179,231,89,220,
169,29,246,169,88,184,237,55,179,231,89,255,131,55,186,230,94,183,229,29,176,252,83,181,253,84,185,231,29,187,232,86,179,203,72,162,253,82,184,161,83,183,228,88,250,169,73,179,241,73,250,169,78,191,243,88,250,169,77,185,250,84,162,224,82,184,165,29,180,232,78,179,202,82,186,230,79,250,169,92,181,234,88,184,253,126,185,229,82,164,160,55,246,169,29,246,229,82,181,232,
81,246,235,72,162,253,82,184,169,0,246,192,83,165,253,92,184,234,88,248,231,88,161,161,31,130,236,69,162,203,72,162,253,82,184,171,20,220,169,29,246,169,81,185,234,92,186,169,79,179,250,82,186,255,88,178,203,92,165,236,29,235,169,95,183,250,88,149,230,81,185,251,29,185,251,29,130,225,88,187,236,19,148,252,73,162,230,83,146,236,91,183,252,81,162,131,29,246,169,29,
186,230,94,183,229,29,164,236,78,185,229,75,179,237,124,181,234,88,184,253,29,235,169,92,181,234,88,184,253,126,185,229,82,164,169,82,164,169,105,190,236,80,179,167,127,163,253,73,185,231,121,179,239,92,163,229,73,151,229,73,220,169,29,246,169,95,163,253,73,185,231,19,152,232,80,179,169,0,246,231,92,187,236,55,246,169,29,246,235,72,162,253,82,184,167,110,191,243,88,246,
180,29,165,224,71,179,131,29,246,169,29,180,252,73,162,230,83,248,217,82,165,224,73,191,230,83,246,180,29,166,230,78,191,253,84,185,231,55,246,169,29,246,235,72,162,253,82,184,167,127,183,234,86,177,251,82,163,231,89,149,230,81,185,251,14,246,180,29,164,236,78,185,229,75,179,237,127,183,250,88,220,169,29,246,169,95,163,253,73,185,231,19,148,232,94,189,238,79,185,252,
83,178,221,79,183,231,78,166,232,79,179,231,94,175,169,0,246,185,19,230,177,55,246,169,29,246,235,72,162,253,82,184,167,124,163,253,82,148,252,73,162,230,83,149,230,81,185,251,29,235,169,91,183,229,78,179,131,29,246,169,29,180,252,73,162,230,83,248,221,88,174,253,29,235,169,73,179,241,73,220,169,29,246,169,95,163,253,73,185,231,19,130,236,69,162,202,82,186,230,79,
229,169,0,246,202,82,186,230,79,229,167,91,164,230,80,132,206,127,254,187,8,227,165,29,228,188,8,250,169,15,227,188,20,220,169,29,246,169,95,163,253,73,185,231,19,130,236,69,162,218,73,164,230,86,179,221,79,183,231,78,166,232,79,179,231,94,175,169,0,246,185,19,227,188,55,246,169,29,246,235,72,162,253,82,184,167,105,179,241,73,133,253,79,185,226,88,149,230,81,185,
251,14,246,180,29,149,230,81,185,251,14,248,239,79,185,228,111,145,203,21,228,185,13,250,169,15,230,185,17,246,187,13,230,160,55,246,169,29,246,235,72,162,253,82,184,167,123,185,231,73,246,180,29,147,231,72,187,167,123,185,231,73,248,206,82,162,225,92,187,203,82,186,237,55,246,169,29,246,235,72,162,253,82,184,167,105,179,241,73,133,224,71,179,169,0,246,184,4,220,169,
29,246,169,95,163,253,73,185,231,19,134,232,79,179,231,73,246,180,29,149,230,83,162,236,83,162,217,92,184,236,81,220,169,29,246,169,80,183,226,88,149,230,79,184,236,79,254,235,72,162,253,82,184,165,29,231,187,20,220,169,29,246,169,80,183,226,88,133,253,79,185,226,88,254,235,72,162,253,82,184,165,29,130,225,88,187,236,19,148,230,79,178,236,79,250,169,12,250,169,13,
248,185,8,255,131,29,246,169,29,131,224,123,174,167,80,183,226,88,145,251,92,178,224,88,184,253,21,180,252,73,162,230,83,250,169,70,220,169,29,246,169,29,246,169,29,149,230,81,185,251,110,179,248,72,179,231,94,179,194,88,175,249,82,191,231,73,248,231,88,161,161,13,250,169,79,179,250,82,186,255,88,178,203,92,165,236,20,250,131,29,246,169,29,246,169,29,246,202,82,186,
230,79,133,236,76,163,236,83,181,236,118,179,240,77,185,224,83,162,167,83,179,254,21,231,165,29,164,236,78,185,229,75,179,237,124,181,234,88,184,253,20,250,131,29,246,169,29,171,165,29,239,185,20,220,131,29,246,169,29,186,230,94,183,229,29,190,224,90,190,229,84,177,225,73,246,180,29,159,231,78,162,232,83,181,236,19,184,236,74,254,171,123,164,232,80,179,171,20,220,169,
29,246,169,85,191,238,85,186,224,90,190,253,19,152,232,80,179,169,0,246,171,117,191,238,85,186,224,90,190,253,31,220,169,29,246,169,85,191,238,85,186,224,90,190,253,19,133,224,71,179,169,0,246,220,121,191,228,15,248,231,88,161,161,12,250,169,16,228,165,29,230,165,29,231,187,20,220,169,29,246,169,85,191,238,85,186,224,90,190,253,19,134,230,78,191,253,84,185,231,29,
235,169,104,146,224,80,228,167,83,179,254,21,230,165,29,231,165,29,230,165,29,231,160,55,246,169,29,246,225,84,177,225,81,191,238,85,162,167,127,183,234,86,177,251,82,163,231,89,149,230,81,185,251,14,246,180,29,149,230,81,185,251,14,248,239,79,185,228,111,145,203,21,228,188,8,250,169,15,227,188,17,246,187,8,227,160,55,246,169,29,246,225,84,177,225,81,191,238,85,162,
167,127,183,234,86,177,251,82,163,231,89,130,251,92,184,250,77,183,251,88,184,234,68,246,180,29,230,167,4,220,169,29,246,169,85,191,238,85,186,224,90,190,253,19,148,230,79,178,236,79,133,224,71,179,217,84,174,236,81,246,180,29,230,131,29,246,169,29,190,224,90,190,229,84,177,225,73,248,211,116,184,237,88,174,169,0,246,184,55,246,169,29,246,225,84,177,225,81,191,238,
85,162,167,109,183,251,88,184,253,29,235,169,95,163,253,73,185,231,55,246,169,29,246,228,92,189,236,126,185,251,83,179,251,21,190,224,90,190,229,84,177,225,73,250,169,12,231,160,55,220,169,29,246,169,104,191,207,69,248,232,73,162,232,94,190,203,72,162,253,82,184,221,88,174,253,114,160,236,79,186,232,68,254,131,29,246,169,29,246,169,29,246,235,72,162,253,82,184,165,55,
246,169,29,246,169,29,246,169,12,239,165,55,246,169,29,246,169,29,246,169,120,184,252,80,248,207,82,184,253,19,145,230,73,190,232,80,148,230,81,178,165,55,246,169,29,246,169,29,246,169,126,185,229,82,164,186,19,176,251,82,187,219,122,148,161,15,227,188,17,246,187,8,227,165,29,228,188,8,255,165,55,246,169,29,246,169,29,246,169,126,185,229,82,164,186,19,176,251,82,187,
219,122,148,161,15,230,185,17,246,187,13,230,165,29,228,185,13,255,165,55,246,169,29,246,169,29,246,169,12,220,169,29,246,169,20,220,131,29,246,169,29,164,236,73,163,251,83,246,235,72,162,253,82,184,131,88,184,237,55,186,230,94,183,229,29,176,252,83,181,253,84,185,231,29,187,232,86,179,192,83,166,252,73,254,231,92,187,236,17,246,249,81,183,234,88,190,230,81,178,236,
79,250,169,89,179,239,92,163,229,73,130,236,69,162,165,29,166,230,78,191,253,84,185,231,20,220,169,29,246,169,81,185,234,92,186,169,95,185,241,29,235,169,116,184,250,73,183,231,94,179,167,83,179,254,21,244,221,88,174,253,127,185,241,31,255,131,29,246,169,29,180,230,69,248,199,92,187,236,29,235,169,83,183,228,88,220,169,29,246,169,95,185,241,19,133,224,71,179,169,0,
246,220,121,191,228,15,248,231,88,161,161,13,250,169,12,225,177,17,246,185,17,246,189,13,255,131,29,246,169,29,180,230,69,248,217,82,165,224,73,191,230,83,246,180,29,166,230,78,191,253,84,185,231,55,246,169,29,246,235,82,174,167,127,183,234,86,177,251,82,163,231,89,149,230,81,185,251,14,246,180,29,130,225,88,187,236,19,159,231,77,163,253,55,246,169,29,246,235,82,174,
167,127,183,234,86,177,251,82,163,231,89,130,251,92,184,250,77,183,251,88,184,234,68,246,180,29,230,167,15,220,169,29,246,169,95,185,241,19,130,236,69,162,202,82,186,230,79,229,169,0,246,221,85,179,228,88,248,221,88,174,253,55,246,169,29,246,235,82,174,167,109,186,232,94,179,225,82,186,237,88,164,202,82,186,230,79,229,169,0,246,221,85,179,228,88,248,196,72,162,236,
89,220,169,29,246,169,95,185,241,19,134,229,92,181,236,85,185,229,89,179,251,105,179,241,73,246,180,29,166,229,92,181,236,85,185,229,89,179,251,55,246,169,29,246,235,82,174,167,105,179,241,73,246,180,29,178,236,91,183,252,81,162,221,88,174,253,29,185,251,29,244,171,55,246,169,29,246,235,82,174,167,123,185,231,73,246,180,29,147,231,72,187,167,123,185,231,73,248,206,82,
162,225,92,187,131,29,246,169,29,180,230,69,248,221,88,174,253,110,191,243,88,246,180,29,231,190,55,246,169,29,246,235,82,174,167,126,186,236,92,164,221,88,174,253,114,184,207,82,181,252,78,246,180,29,176,232,81,165,236,55,246,169,29,246,235,82,174,167,109,183,251,88,184,253,29,235,169,126,185,231,73,179,231,73,134,232,83,179,229,55,246,169,29,246,228,92,189,236,126,185,
251,83,179,251,21,180,230,69,250,169,12,228,160,55,246,169,29,246,228,92,189,236,110,162,251,82,189,236,21,180,230,69,250,169,105,190,236,80,179,167,127,185,251,89,179,251,17,246,184,17,246,185,19,228,160,55,246,169,29,246,232,77,166,229,68,149,229,84,181,226,105,185,202,81,179,232,79,254,235,82,174,160,55,246,169,29,246,251,88,162,252,79,184,169,95,185,241,55,179,231,
89,220,131,127,183,231,90,148,253,83,246,180,29,187,232,86,179,203,72,162,253,82,184,161,31,148,232,83,177,203,73,184,171,17,246,171,229,126,81,154,15,15,228,84,171,17,246,220,121,191,228,15,248,231,88,161,161,13,250,169,12,224,177,17,246,185,17,246,186,5,255,165,29,131,205,84,187,187,19,184,236,74,254,185,17,246,189,17,246,185,17,246,177,15,255,165,29,130,225,88,
187,236,19,148,252,73,162,230,83,148,229,72,179,165,29,130,225,88,187,236,19,151,234,94,179,231,73,255,131,111,179,250,88,162,203,73,184,169,0,246,228,92,189,236,127,163,253,73,185,231,21,244,219,88,165,236,73,148,253,83,244,165,29,244,81,140,15,3,229,101,80,183,14,35,31,250,169,104,146,224,80,228,167,83,179,254,21,230,165,29,231,191,5,250,169,13,250,169,14,238,
160,17,246,220,121,191,228,15,248,231,88,161,161,13,250,169,12,239,185,17,246,185,17,246,177,15,255,165,29,130,225,88,187,236,19,148,252,73,162,230,83,148,229,72,179,165,29,130,225,88,187,236,19,151,234,94,179,231,73,255,131,123,186,224,83,177,203,73,184,169,0,246,228,92,189,236,127,163,253,73,185,231,21,244,207,81,191,231,90,148,253,83,244,165,29,244,81,144,15,12,
229,113,80,183,14,32,29,14,33,229,113,80,187,15,11,31,250,169,104,146,224,80,228,167,83,179,254,21,231,165,29,251,177,17,246,185,17,246,186,5,255,165,29,131,205,84,187,187,19,184,236,74,254,185,17,246,189,17,246,185,17,246,184,14,230,160,17,246,221,85,179,228,88,248,203,72,162,253,82,184,203,81,163,236,17,246,221,85,179,228,88,248,200,94,181,236,83,162,160,55,
130,232,79,177,236,73,144,229,84,184,238,127,162,231,29,235,169,80,183,226,88,148,252,73,162,230,83,254,171,105,183,251,90,179,253,123,186,224,83,177,203,73,184,171,17,246,171,228,87,80,185,15,15,228,84,171,17,246,220,121,191,228,15,248,231,88,161,161,13,250,169,12,224,177,17,246,185,17,246,186,5,255,165,29,131,205,84,187,187,19,184,236,74,254,185,17,246,184,4,230,
165,29,230,165,29,231,186,13,255,165,29,130,225,88,187,236,19,148,252,73,162,230,83,148,229,72,179,165,29,130,225,88,187,236,19,151,234,94,179,231,73,255,131,123,186,240,127,162,231,29,235,169,80,183,226,88,148,252,73,162,230,83,254,171,123,186,240,127,162,231,31,250,169,31,14,62,228,92,81,140,14,46,228,80,171,17,246,220,121,191,228,15,248,231,88,161,161,13,250,169,
12,224,177,17,246,185,17,246,186,5,255,165,29,131,205,84,187,187,19,184,236,74,254,185,17,246,189,17,246,185,17,246,184,10,238,160,17,246,221,85,179,228,88,248,203,72,162,253,82,184,203,81,163,236,17,246,221,85,179,228,88,248,200,94,181,236,83,162,160,55,133,249,88,179,237,116,184,249,72,162,169,0,246,228,92,189,236,116,184,249,72,162,161,31,133,249,88,179,237,116,
184,249,72,162,171,17,246,171,229,101,81,140,14,48,229,127,169,229,113,80,185,14,62,228,92,81,140,14,46,228,80,171,17,246,171,8,230,171,17,246,220,121,191,228,15,248,231,88,161,161,13,250,169,12,239,185,17,246,185,17,246,184,10,238,160,20,220,222,92,186,226,110,166,236,88,178,203,73,184,169,0,246,228,92,189,236,127,163,253,73,185,231,21,244,222,92,186,226,110,166,
236,88,178,203,73,184,171,17,246,171,229,101,81,140,14,48,229,127,169,229,113,80,185,15,13,229,113,81,132,14,33,31,250,169,104,146,224,80,228,167,83,179,254,21,230,165,29,231,191,5,250,169,13,250,169,14,238,160,17,246,220,121,191,228,15,248,231,88,161,161,13,250,169,9,250,169,13,250,169,15,228,191,20,250,169,105,190,236,80,179,167,127,163,253,73,185,231,127,186,252,
88,250,169,105,190,236,80,179,167,124,181,234,88,184,253,20,220,222,92,186,226,110,166,236,88,178,192,83,166,252,73,246,180,29,187,232,86,179,192,83,166,252,73,254,171,106,183,229,86,133,249,88,179,237,116,184,249,72,162,171,17,246,171,229,101,81,140,14,48,229,127,169,229,113,80,185,15,12,229,98,80,183,244,165,29,244,184,11,244,165,29,131,205,84,187,187,19,184,236,74,
254,185,17,246,184,4,230,165,29,230,165,29,228,187,11,255,160,55,140,230,80,180,224,88,129,232,81,189,203,73,184,169,0,246,228,92,189,236,127,163,253,73,185,231,21,244,211,82,187,235,84,179,222,92,186,226,127,162,231,31,250,169,31,15,12,229,98,80,183,14,32,29,14,59,228,94,80,184,14,33,228,92,171,17,246,220,121,191,228,15,248,231,88,161,161,12,250,169,16,238,
165,29,230,165,29,229,177,20,250,169,104,146,224,80,228,167,83,179,254,21,230,165,29,226,165,29,230,165,29,228,190,9,255,165,29,130,225,88,187,236,19,148,252,73,162,230,83,148,229,72,179,165,29,130,225,88,187,236,19,151,234,94,179,231,73,255,131,98,145,167,98,158,197,127,162,231,29,235,169,80,183,226,88,148,252,73,162,230,83,254,171,117,179,232,89,186,236,78,165,203,
73,184,171,17,246,171,228,81,80,183,14,38,228,82,81,142,244,165,29,131,205,84,187,187,19,184,236,74,254,184,17,246,164,5,250,169,13,250,169,14,238,160,17,246,220,121,191,228,15,248,231,88,161,161,13,250,169,9,250,169,13,250,169,15,225,189,20,250,169,105,190,236,80,179,167,127,163,253,73,185,231,127,186,252,88,250,169,105,190,236,80,179,167,124,181,234,88,184,253,20,
220,131,110,166,236,88,178,197,92,180,236,81,246,180,29,159,231,78,162,232,83,181,236,19,184,236,74,254,171,105,179,241,73,154,232,95,179,229,31,255,131,110,166,236,88,178,197,92,180,236,81,248,218,84,172,236,29,235,169,104,146,224,80,228,167,83,179,254,21,230,165,29,231,190,5,250,169,13,250,169,9,230,160,55,133,249,88,179,237,113,183,235,88,186,167,109,185,250,84,162,
224,82,184,169,0,246,220,121,191,228,15,248,231,88,161,161,12,250,169,16,231,190,11,250,169,13,250,169,12,225,191,20,220,218,77,179,236,89,154,232,95,179,229,19,148,232,94,189,238,79,185,252,83,178,221,79,183,231,78,166,232,79,179,231,94,175,169,0,246,184,55,133,249,88,179,237,113,183,235,88,186,167,105,179,241,73,246,180,29,244,222,29,151,169,110,246,205,29,170,169,
110,166,232,94,179,169,65,246,218,85,191,239,73,244,131,110,166,236,88,178,197,92,180,236,81,248,221,88,174,253,126,185,229,82,164,186,29,235,169,126,185,229,82,164,186,19,176,251,82,187,219,122,148,161,12,226,177,17,246,184,11,229,165,29,231,177,9,255,131,110,166,236,88,178,197,92,180,236,81,248,221,88,174,253,101,151,229,84,177,231,80,179,231,73,246,180,29,147,231,72,
187,167,105,179,241,73,142,200,81,191,238,83,187,236,83,162,167,111,191,238,85,162,131,110,166,236,88,178,197,92,180,236,81,248,207,82,184,253,29,235,169,120,184,252,80,248,207,82,184,253,19,145,230,73,190,232,80,220,218,77,179,236,89,154,232,95,179,229,19,130,236,69,162,218,84,172,236,29,235,169,12,227,131,110,166,236,88,178,197,92,180,236,81,248,217,92,164,236,83,162,
169,0,246,202,82,184,253,88,184,253,109,183,231,88,186,131,55,130,236,81,179,249,82,164,253,127,162,231,29,235,169,80,183,226,88,148,252,73,162,230,83,254,171,105,179,229,88,166,230,79,162,203,73,184,171,17,246,171,229,124,80,187,15,11,228,82,171,17,246,220,121,191,228,15,248,231,88,161,161,13,250,169,12,224,177,17,246,185,17,246,186,5,255,165,29,131,205,84,187,187,
19,184,236,74,254,185,17,246,189,17,246,185,17,246,187,10,226,160,17,246,221,85,179,228,88,248,203,72,162,253,82,184,203,81,163,236,17,246,221,85,179,228,88,248,200,94,181,236,83,162,160,55,133,249,88,181,253,92,162,236,127,162,231,29,235,169,80,183,226,88,148,252,73,162,230,83,254,171,110,166,236,94,162,232,73,179,203,73,184,171,17,246,171,228,83,81,137,14,46,228,
81,81,146,14,32,31,250,169,104,146,224,80,228,167,83,179,254,21,230,165,29,231,191,5,250,169,13,250,169,14,238,160,17,246,220,121,191,228,15,248,231,88,161,161,13,250,169,12,239,185,17,246,185,17,246,187,10,226,160,17,246,221,85,179,228,88,248,203,72,162,253,82,184,203,81,163,236,17,246,221,85,179,228,88,248,200,94,181,236,83,162,160,55,158,236,92,178,203,92,184,
238,127,162,231,29,235,169,80,183,226,88,148,252,73,162,230,83,254,171,117,179,232,89,148,232,83,177,203,73,184,171,17,246,171,228,81,80,183,14,38,29,14,33,229,113,80,187,15,11,31,250,169,104,146,224,80,228,167,83,179,254,21,230,165,29,231,191,5,250,169,13,250,169,14,238,160,17,246,220,121,191,228,15,248,231,88,161,161,13,250,169,9,250,169,13,250,169,15,225,189,
20,250,169,105,190,236,80,179,167,127,163,253,73,185,231,127,186,252,88,250,169,105,190,236,80,179,167,124,181,234,88,184,253,20,220,218,92,160,236,109,186,232,94,179,203,73,184,169,29,235,169,80,183,226,88,148,252,73,162,230,83,254,171,110,183,255,88,134,229,92,181,236,127,162,231,31,250,169,29,244,81,144,15,8,229,110,169,228,83,80,190,14,46,228,80,80,183,244,165,29,
131,205,84,187,187,19,184,236,74,254,185,17,246,184,11,238,165,29,230,165,29,229,177,20,250,169,104,146,224,80,228,167,83,179,254,21,231,165,29,251,184,10,228,165,29,230,165,29,228,190,9,255,165,29,130,225,88,187,236,19,148,252,73,162,230,83,148,229,72,179,165,29,130,225,88,187,236,19,151,234,94,179,231,73,255,131,117,183,231,90,151,252,73,185,203,73,184,169,29,246,
180,29,187,232,86,179,203,72,162,253,82,184,161,31,158,232,83,177,200,72,162,230,127,162,231,31,250,169,29,246,171,229,124,81,132,15,13,228,92,80,191,244,165,29,246,169,29,246,220,121,191,228,15,248,231,88,161,161,13,250,169,12,224,177,17,246,185,17,246,186,5,255,165,29,131,205,84,187,187,19,184,236,74,254,185,17,246,189,17,246,169,29,246,185,17,246,187,10,226,160,
17,246,221,85,179,228,88,248,203,72,162,253,82,184,203,81,163,236,17,246,221,85,179,228,88,248,200,94,181,236,83,162,160,55,137,193,92,184,238,19,176,251,88,179,243,88,148,253,83,246,169,29,246,169,0,246,228,92,189,236,127,163,253,73,185,231,21,244,207,79,179,236,71,179,198,83,186,240,127,162,231,31,250,171,229,124,81,145,15,12,228,92,81,146,244,165,29,246,169,29,
246,220,121,191,228,15,248,231,88,161,161,13,250,169,12,224,177,17,246,185,17,246,186,5,255,165,29,131,205,84,187,187,19,184,236,74,254,185,17,246,189,17,246,169,29,246,185,17,246,187,10,226,160,17,246,221,85,179,228,88,248,203,72,162,253,82,184,203,81,163,236,17,246,221,85,179,228,88,248,200,94,181,236,83,162,160,55,137,193,92,184,238,19,181,252,91,176,203,73,184,
169,29,246,169,29,246,169,0,246,228,92,189,236,127,163,253,73,185,231,21,244,202,72,176,239,114,184,229,68,148,253,83,244,165,29,246,171,228,85,80,185,14,33,229,98,171,17,246,169,29,246,169,29,131,205,84,187,187,19,184,236,74,254,185,17,246,184,11,238,165,29,230,165,29,229,177,20,250,169,104,146,224,80,228,167,83,179,254,21,230,165,29,226,165,29,246,169,29,230,165,
29,228,190,9,255,165,29,130,225,88,187,236,19,148,252,73,162,230,83,148,229,72,179,165,29,130,225,88,187,236,19,151,234,94,179,231,73,255,131,98,158,232,83,177,167,77,163,229,81,148,253,83,246,169,29,246,169,29,246,169,0,246,228,92,189,236,127,163,253,73,185,231,21,244,217,72,186,229,127,162,231,31,250,169,29,246,169,29,246,169,31,14,58,229,123,81,149,244,165,29,
246,169,29,246,169,29,131,205,84,187,187,19,184,236,74,254,185,17,246,184,11,238,165,29,230,165,29,229,177,20,250,169,104,146,224,80,228,167,83,179,254,21,230,165,29,226,165,29,246,169,29,230,165,29,228,190,9,255,165,29,130,225,88,187,236,19,148,252,73,162,230,83,148,229,72,179,165,29,130,225,88,187,236,19,151,234,94,179,231,73,255,131,55,134,232,83,179,229,109,183,
237,89,191,231,90,236,205,88,165,253,79,185,240,21,255,131,110,179,234,73,191,230,83,154,232,95,179,229,7,146,236,78,162,251,82,175,161,20,220,202,82,184,253,88,184,253,109,183,231,88,186,167,126,186,224,77,165,205,88,165,234,88,184,237,92,184,253,78,246,180,29,162,251,72,179,131,55,186,230,94,183,229,29,133,224,89,179,235,92,164,193,82,165,253,29,235,169,116,184,250,
73,183,231,94,179,167,83,179,254,21,244,207,79,183,228,88,244,160,55,133,224,89,179,235,92,164,193,82,165,253,19,152,232,80,179,169,0,246,171,110,191,237,88,180,232,79,244,131,110,191,237,88,180,232,79,158,230,78,162,167,110,191,243,88,246,180,29,131,205,84,187,187,19,184,236,74,254,185,17,246,184,14,228,165,29,231,165,29,251,184,13,255,131,110,191,237,88,180,232,79,
158,230,78,162,167,109,185,250,84,162,224,82,184,169,0,246,220,121,191,228,15,248,231,88,161,161,13,250,169,12,230,165,29,230,165,29,231,185,20,220,218,84,178,236,95,183,251,117,185,250,73,248,203,92,181,226,90,164,230,72,184,237,126,185,229,82,164,186,29,235,169,105,190,236,80,179,167,117,179,232,89,179,251,55,133,224,89,179,235,92,164,193,82,165,253,19,148,232,94,189,
238,79,185,252,83,178,221,79,183,231,78,166,232,79,179,231,94,175,169,0,246,185,19,228,187,55,133,224,89,179,235,92,164,193,82,165,253,19,148,230,79,178,236,79,133,224,71,179,217,84,174,236,81,246,180,29,230,131,110,191,237,88,180,232,79,158,230,78,162,167,126,186,224,77,165,205,88,165,234,88,184,237,92,184,253,78,246,180,29,162,251,72,179,131,110,191,237,88,180,232,
79,158,230,78,162,167,109,183,251,88,184,253,29,235,169,126,185,231,73,179,231,73,134,232,83,179,229,55,187,232,86,179,202,82,164,231,88,164,161,110,191,237,88,180,232,79,158,230,78,162,165,29,231,189,20,220,228,92,189,236,110,162,251,82,189,236,21,133,224,89,179,235,92,164,193,82,165,253,17,246,221,85,179,228,88,248,203,82,164,237,88,164,165,29,231,165,29,230,167,15,
255,131,104,191,207,69,248,228,92,189,236,122,164,232,89,191,236,83,162,161,110,191,237,88,180,232,79,158,230,78,162,165,29,173,131,29,246,169,29,149,230,81,185,251,110,179,248,72,179,231,94,179,194,88,175,249,82,191,231,73,248,231,88,161,161,13,250,169,126,185,229,82,164,186,19,176,251,82,187,219,122,148,161,12,224,165,29,228,185,17,246,189,15,255,160,17,220,169,29,246,
169,126,185,229,82,164,218,88,167,252,88,184,234,88,157,236,68,166,230,84,184,253,19,184,236,74,254,184,17,246,202,82,186,230,79,229,167,91,164,230,80,132,206,127,254,189,17,246,189,17,246,189,20,255,165,55,171,165,29,239,185,20,220,220,84,144,241,19,187,232,86,179,218,73,183,251,123,191,236,81,178,161,110,191,237,88,180,232,79,158,230,78,162,165,29,231,185,20,220,131,
16,251,169,229,124,80,184,14,56,228,92,81,140,246,80,185,15,13,228,83,81,154,15,13,228,85,169,228,87,80,191,14,62,55,186,230,94,183,229,29,133,224,89,179,235,92,164,131,84,176,169,84,165,198,74,184,236,79,131,250,88,164,169,73,190,236,83,220,169,29,246,169,81,185,234,92,186,169,98,165,224,89,179,218,94,164,230,81,186,169,0,246,192,83,165,253,92,184,234,88,
248,231,88,161,161,31,133,234,79,185,229,81,191,231,90,144,251,92,187,236,31,255,131,29,246,169,29,137,250,84,178,236,110,181,251,82,186,229,19,133,224,71,179,169,0,246,220,121,191,228,15,248,231,88,161,161,12,250,169,13,250,169,12,250,169,13,255,131,29,246,169,29,137,250,84,178,236,110,181,251,82,186,229,19,149,232,83,160,232,78,133,224,71,179,169,0,246,220,121,191,
228,15,248,231,88,161,161,13,250,169,13,250,169,13,250,169,14,238,185,20,220,169,29,246,169,98,165,224,89,179,218,94,164,230,81,186,167,110,181,251,82,186,229,127,183,251,105,190,224,94,189,231,88,165,250,29,235,169,14,220,169,29,246,169,98,165,224,89,179,218,94,164,230,81,186,167,110,181,251,82,186,229,127,183,251,116,187,232,90,179,202,82,186,230,79,229,169,0,246,221,
85,179,228,88,248,203,82,164,237,88,164,131,29,246,169,29,137,250,84,178,236,110,181,251,82,186,229,19,133,234,79,185,229,81,191,231,90,146,224,79,179,234,73,191,230,83,246,180,29,147,231,72,187,167,110,181,251,82,186,229,84,184,238,121,191,251,88,181,253,84,185,231,19,143,131,29,246,169,29,137,250,84,178,236,110,181,251,82,186,229,19,148,232,94,189,238,79,185,252,83,
178,221,79,183,231,78,166,232,79,179,231,94,175,169,0,246,184,55,246,169,29,246,214,78,191,237,88,133,234,79,185,229,81,248,203,82,164,237,88,164,218,84,172,236,109,191,241,88,186,169,0,246,185,55,246,169,29,246,214,78,191,237,88,133,234,79,185,229,81,248,217,92,164,236,83,162,169,0,246,218,84,178,236,95,183,251,117,185,250,73,220,169,29,246,169,110,191,237,88,180,
232,79,246,180,29,137,250,84,178,236,110,181,251,82,186,229,55,179,229,78,179,131,29,246,169,29,133,224,89,179,235,92,164,169,0,246,218,84,178,236,95,183,251,117,185,250,73,220,236,83,178,131,55,186,230,94,183,229,29,133,224,89,179,235,92,164,221,84,162,229,88,246,180,29,159,231,78,162,232,83,181,236,19,184,236,74,254,171,105,179,241,73,154,232,95,179,229,31,255,131,
110,191,237,88,180,232,79,130,224,73,186,236,19,133,224,71,179,169,0,246,220,121,191,228,15,248,231,88,161,161,12,250,169,16,231,191,17,246,185,17,246,187,15,255,131,110,191,237,88,180,232,79,130,224,73,186,236,19,134,230,78,191,253,84,185,231,29,235,169,104,146,224,80,228,167,83,179,254,21,230,165,29,238,165,29,230,165,29,231,187,20,220,218,84,178,236,95,183,251,105,
191,253,81,179,167,127,183,234,86,177,251,82,163,231,89,130,251,92,184,250,77,183,251,88,184,234,68,246,180,29,231,131,110,191,237,88,180,232,79,130,224,73,186,236,19,130,236,69,162,169,0,246,171,229,113,80,185,15,11,228,94,81,154,14,47,228,83,171,55,133,224,89,179,235,92,164,221,84,162,229,88,248,221,88,174,253,126,185,229,82,164,186,29,235,169,105,190,236,80,179,
167,105,179,241,73,220,218,84,178,236,95,183,251,105,191,253,81,179,167,105,179,241,73,142,200,81,191,238,83,187,236,83,162,169,0,246,204,83,163,228,19,130,236,69,162,209,124,186,224,90,184,228,88,184,253,19,132,224,90,190,253,55,133,224,89,179,235,92,164,221,84,162,229,88,248,207,82,184,253,29,235,169,120,184,252,80,248,207,82,184,253,19,145,230,73,190,232,80,148,230,
81,178,131,110,191,237,88,180,232,79,130,224,73,186,236,19,130,236,69,162,218,84,172,236,29,235,169,12,225,131,110,191,237,88,180,232,79,130,224,73,186,236,19,134,232,79,179,231,73,246,180,29,133,224,89,179,235,92,164,131,55,186,230,94,183,229,29,133,224,89,179,235,92,164,193,84,184,253,29,235,169,116,184,250,73,183,231,94,179,167,83,179,254,21,244,221,88,174,253,113,
183,235,88,186,171,20,220,218,84,178,236,95,183,251,117,191,231,73,248,218,84,172,236,29,235,169,104,146,224,80,228,167,83,179,254,21,231,165,29,251,184,11,250,169,13,250,169,15,238,160,55,133,224,89,179,235,92,164,193,84,184,253,19,134,230,78,191,253,84,185,231,29,235,169,104,146,224,80,228,167,83,179,254,21,230,165,29,238,165,29,230,165,29,229,189,20,220,218,84,178,
236,95,183,251,117,191,231,73,248,203,92,181,226,90,164,230,72,184,237,105,164,232,83,165,249,92,164,236,83,181,240,29,235,169,12,220,218,84,178,236,95,183,251,117,191,231,73,248,221,88,174,253,29,235,169,31,14,46,229,120,81,151,14,56,29,14,46,228,82,80,191,14,58,228,83,171,55,133,224,89,179,235,92,164,193,84,184,253,19,130,236,69,162,202,82,186,230,79,229,169,
0,246,221,85,179,228,88,248,196,72,162,236,89,220,218,84,178,236,95,183,251,117,191,231,73,248,221,88,174,253,101,151,229,84,177,231,80,179,231,73,246,180,29,147,231,72,187,167,105,179,241,73,142,200,81,191,238,83,187,236,83,162,167,111,191,238,85,162,131,110,191,237,88,180,232,79,158,224,83,162,167,123,185,231,73,246,180,29,147,231,72,187,167,123,185,231,73,248,206,82,
162,225,92,187,131,110,191,237,88,180,232,79,158,224,83,162,167,105,179,241,73,133,224,71,179,169,0,246,184,9,220,218,84,178,236,95,183,251,117,191,231,73,248,217,92,164,236,83,162,169,0,246,218,84,178,236,95,183,251,55,220,229,82,181,232,81,246,217,92,177,236,78,158,230,78,162,169,0,246,192,83,165,253,92,184,234,88,248,231,88,161,161,31,144,251,92,187,236,31,255,
131,109,183,238,88,165,193,82,165,253,19,152,232,80,179,169,0,246,171,109,183,238,88,165,193,82,165,253,31,220,217,92,177,236,78,158,230,78,162,167,110,191,243,88,246,180,29,131,205,84,187,187,19,184,236,74,254,184,17,246,164,12,224,187,17,246,184,17,246,164,15,230,160,55,134,232,90,179,250,117,185,250,73,248,217,82,165,224,73,191,230,83,246,180,29,131,205,84,187,187,
19,184,236,74,254,185,17,246,184,8,228,165,29,230,165,29,231,185,20,220,217,92,177,236,78,158,230,78,162,167,127,183,234,86,177,251,82,163,231,89,149,230,81,185,251,14,246,180,29,130,225,88,187,236,19,149,232,79,178,131,109,183,238,88,165,193,82,165,253,19,148,232,94,189,238,79,185,252,83,178,221,79,183,231,78,166,232,79,179,231,94,175,169,0,246,185,19,228,189,55,
134,232,90,179,250,117,185,250,73,248,203,82,164,237,88,164,218,84,172,236,109,191,241,88,186,169,0,246,185,55,134,232,90,179,250,117,185,250,73,248,217,92,164,236,83,162,169,0,246,202,82,184,253,88,184,253,109,183,231,88,186,131,80,183,226,88,149,230,79,184,236,79,254,217,92,177,236,78,158,230,78,162,165,29,231,189,20,220,228,92,189,236,110,162,251,82,189,236,21,134,
232,90,179,250,117,185,250,73,250,169,105,190,236,80,179,167,127,185,251,89,179,251,17,246,184,17,246,185,19,228,160,55,131,224,123,174,167,80,183,226,88,145,251,92,178,224,88,184,253,21,134,232,90,179,250,117,185,250,73,250,169,70,220,169,29,246,169,126,185,229,82,164,218,88,167,252,88,184,234,88,157,236,68,166,230,84,184,253,19,184,236,74,254,185,17,246,202,82,186,230,
79,229,167,91,164,230,80,132,206,127,254,184,11,250,169,15,228,165,29,226,189,20,255,165,55,246,169,29,246,202,82,186,230,79,133,236,76,163,236,83,181,236,118,179,240,77,185,224,83,162,167,83,179,254,21,231,165,29,149,230,81,185,251,14,248,239,79,185,228,111,145,203,21,231,185,17,246,184,9,250,169,15,238,160,20,250,131,64,250,169,12,231,188,20,220,220,84,144,241,19,
187,232,86,179,218,73,183,251,123,191,236,81,178,161,109,183,238,88,165,193,82,165,253,17,246,184,11,255,131,55,186,230,94,183,229,29,176,252,83,181,253,84,185,231,29,187,232,86,179,217,92,177,236,21,184,232,80,179,160,55,246,169,29,246,229,82,181,232,81,246,249,92,177,236,29,235,169,116,184,250,73,183,231,94,179,167,83,179,254,21,244,207,79,183,228,88,244,160,55,246,
169,29,246,249,92,177,236,19,152,232,80,179,169,0,246,231,92,187,236,55,246,169,29,246,249,92,177,236,19,133,224,71,179,169,0,246,220,121,191,228,15,248,231,88,161,161,12,250,169,13,250,169,12,250,169,13,255,131,29,246,169,29,166,232,90,179,167,127,183,234,86,177,251,82,163,231,89,130,251,92,184,250,77,183,251,88,184,234,68,246,180,29,231,131,29,246,169,29,166,232,
90,179,167,107,191,250,84,180,229,88,246,180,29,176,232,81,165,236,55,246,169,29,246,249,92,177,236,19,134,232,79,179,231,73,246,180,29,134,232,90,179,250,117,185,250,73,220,169,29,246,169,79,179,253,72,164,231,29,166,232,90,179,131,88,184,237,55,220,229,82,181,232,81,246,239,72,184,234,73,191,230,83,246,228,92,189,236,109,183,238,88,130,224,73,186,236,21,166,232,79,
179,231,73,250,169,73,191,253,81,179,221,88,174,253,17,246,250,72,180,253,84,162,229,88,130,236,69,162,160,55,246,169,29,246,229,82,181,232,81,246,253,84,162,229,88,154,232,95,179,229,29,235,169,116,184,250,73,183,231,94,179,167,83,179,254,21,244,221,88,174,253,113,183,235,88,186,171,20,220,169,29,246,169,73,191,253,81,179,197,92,180,236,81,248,218,84,172,236,29,235,
169,104,146,224,80,228,167,83,179,254,21,231,165,29,251,187,13,250,169,13,250,169,15,228,160,55,246,169,29,246,253,84,162,229,88,154,232,95,179,229,19,134,230,78,191,253,84,185,231,29,235,169,104,146,224,80,228,167,83,179,254,21,230,165,29,231,185,17,246,185,17,246,184,13,255,131,29,246,169,29,162,224,73,186,236,113,183,235,88,186,167,127,183,234,86,177,251,82,163,231,
89,130,251,92,184,250,77,183,251,88,184,234,68,246,180,29,231,131,29,246,169,29,162,224,73,186,236,113,183,235,88,186,167,105,179,241,73,246,180,29,162,224,73,186,236,105,179,241,73,220,169,29,246,169,73,191,253,81,179,197,92,180,236,81,248,221,88,174,253,126,185,229,82,164,186,29,235,169,105,190,236,80,179,167,105,179,241,73,220,169,29,246,169,73,191,253,81,179,197,92,
180,236,81,248,221,88,174,253,101,151,229,84,177,231,80,179,231,73,246,180,29,147,231,72,187,167,105,179,241,73,142,200,81,191,238,83,187,236,83,162,167,111,191,238,85,162,131,29,246,169,29,162,224,73,186,236,113,183,235,88,186,167,123,185,231,73,246,180,29,147,231,72,187,167,123,185,231,73,248,206,82,162,225,92,187,203,82,186,237,55,246,169,29,246,253,84,162,229,88,154,
232,95,179,229,19,130,236,69,162,218,84,172,236,29,235,169,12,239,131,29,246,169,29,162,224,73,186,236,113,183,235,88,186,167,109,183,251,88,184,253,29,235,169,77,183,251,88,184,253,55,220,169,29,246,169,81,185,234,92,186,169,78,163,235,73,191,253,81,179,197,92,180,236,81,246,180,29,159,231,78,162,232,83,181,236,19,184,236,74,254,171,105,179,241,73,154,232,95,179,229,
31,255,131,29,246,169,29,165,252,95,162,224,73,186,236,113,183,235,88,186,167,110,191,243,88,246,180,29,131,205,84,187,187,19,184,236,74,254,184,17,246,164,15,230,165,29,230,165,29,231,177,20,220,169,29,246,169,78,163,235,73,191,253,81,179,197,92,180,236,81,248,217,82,165,224,73,191,230,83,246,180,29,131,205,84,187,187,19,184,236,74,254,185,17,246,184,13,250,169,13,
250,169,14,226,160,55,246,169,29,246,250,72,180,253,84,162,229,88,154,232,95,179,229,19,148,232,94,189,238,79,185,252,83,178,221,79,183,231,78,166,232,79,179,231,94,175,169,0,246,184,55,246,169,29,246,250,72,180,253,84,162,229,88,154,232,95,179,229,19,130,236,69,162,169,0,246,250,72,180,253,84,162,229,88,130,236,69,162,131,29,246,169,29,165,252,95,162,224,73,186,
236,113,183,235,88,186,167,105,179,241,73,149,230,81,185,251,14,246,180,29,130,225,88,187,236,19,155,252,73,179,237,55,246,169,29,246,250,72,180,253,84,162,229,88,154,232,95,179,229,19,130,236,69,162,209,124,186,224,90,184,228,88,184,253,29,235,169,120,184,252,80,248,221,88,174,253,101,151,229,84,177,231,80,179,231,73,248,219,84,177,225,73,220,169,29,246,169,78,163,235,
73,191,253,81,179,197,92,180,236,81,248,207,82,184,253,29,235,169,120,184,252,80,248,207,82,184,253,19,145,230,73,190,232,80,220,169,29,246,169,78,163,235,73,191,253,81,179,197,92,180,236,81,248,221,88,174,253,110,191,243,88,246,180,29,231,189,55,246,169,29,246,250,72,180,253,84,162,229,88,154,232,95,179,229,19,134,232,79,179,231,73,246,180,29,166,232,79,179,231,73,
220,236,83,178,131,55,186,230,94,183,229,29,155,232,84,184,217,92,177,236,29,235,169,80,183,226,88,134,232,90,179,161,31,155,232,84,184,217,92,177,236,31,255,131,81,185,234,92,186,169,109,186,232,68,179,251,109,183,238,88,246,180,29,187,232,86,179,217,92,177,236,21,244,217,81,183,240,88,164,217,92,177,236,31,255,131,81,185,234,92,186,169,105,183,251,90,179,253,109,183,
238,88,246,180,29,187,232,86,179,217,92,177,236,21,244,221,92,164,238,88,162,217,92,177,236,31,255,131,81,185,234,92,186,169,116,187,249,82,164,253,92,184,253,109,183,238,88,246,180,29,187,232,86,179,217,92,177,236,21,244,192,80,166,230,79,162,232,83,162,217,92,177,236,31,255,131,81,185,234,92,186,169,114,161,231,88,164,217,92,177,236,29,235,169,83,191,229,55,186,230,
94,183,229,29,153,254,83,179,251,105,183,251,90,179,253,116,184,249,72,162,169,0,246,231,84,186,131,81,185,234,92,186,169,114,161,231,88,164,221,92,164,238,88,162,193,84,184,253,29,235,169,83,191,229,55,186,230,94,183,229,29,153,254,83,179,251,118,191,234,86,148,253,83,246,180,29,184,224,81,220,229,82,181,232,81,246,198,74,184,236,79,144,251,88,179,243,88,148,253,83,
246,180,29,184,224,81,220,229,82,181,232,81,246,198,74,184,236,79,132,236,78,166,232,74,184,197,82,185,249,127,162,231,29,235,169,83,191,229,55,186,230,94,183,229,29,153,254,83,179,251,110,163,228,80,185,231,127,162,231,29,235,169,83,191,229,55,186,230,94,183,229,29,153,253,85,179,251,78,134,232,90,179,169,0,246,228,92,189,236,109,183,238,88,254,171,114,162,225,88,164,
250,109,183,238,88,244,160,55,187,232,86,179,217,92,177,236,105,191,253,81,179,161,114,162,225,88,164,250,109,183,238,88,250,169,31,14,46,229,120,81,140,15,0,31,250,169,31,15,12,228,92,81,143,14,46,229,124,169,229,115,81,139,14,46,228,87,80,183,14,32,31,255,131,55,187,232,86,179,217,92,177,236,105,191,253,81,179,161,112,183,224,83,134,232,90,179,165,29,244,81,
154,15,13,228,84,81,154,14,47,228,83,81,148,246,81,154,15,13,229,103,81,155,15,3,229,101,80,183,14,32,31,250,169,31,15,12,228,82,81,154,14,36,229,110,81,148,246,80,184,15,14,228,83,81,148,246,179,29,15,3,229,113,169,229,113,81,147,15,1,229,113,80,187,246,81,144,15,12,229,113,80,183,14,32,29,14,46,228,82,81,149,14,46,228,80,80,191,246,80,184,
14,46,29,14,35,229,98,81,151,14,51,228,82,169,229,113,80,185,14,46,29,14,48,228,82,80,180,246,81,142,15,10,229,103,81,149,14,35,29,128,167,111,248,190,31,255,131,80,183,226,88,134,232,90,179,221,84,162,229,88,254,217,81,183,240,88,164,217,92,177,236,17,246,171,229,113,80,185,15,13,229,113,81,132,14,33,31,250,169,31,14,42,228,94,81,154,15,12,229,103,
169,229,113,80,185,14,36,229,103,80,190,14,32,29,15,1,229,113,80,185,14,58,229,103,81,132,14,32,31,255,131,80,183,226,88,134,232,90,179,221,84,162,229,88,254,221,92,164,238,88,162,217,92,177,236,17,246,171,229,113,81,142,14,35,228,81,81,146,14,46,228,87,171,17,246,171,229,117,80,181,14,46,228,83,81,140,246,81,154,15,13,229,124,81,132,14,46,228,83,80,
185,246,80,184,14,48,29,14,46,228,82,80,185,14,46,229,111,81,149,15,3,228,80,171,20,220,228,92,189,236,109,183,238,88,130,224,73,186,236,21,159,228,77,185,251,73,183,231,73,134,232,90,179,165,29,244,80,184,15,14,228,83,171,17,246,171,229,103,81,142,14,46,228,82,81,148,246,81,146,14,46,229,120,80,185,246,81,154,15,13,229,101,80,190,14,56,229,126,81,151,
244,160,55,220,164,16,246,180,0,235,180,0,235,169,228,82,80,181,14,36,229,127,169,229,113,80,185,14,61,229,113,81,151,246,81,154,15,13,229,111,81,154,14,47,228,83,81,148,246,161,228,83,81,142,14,35,228,84,80,185,14,32,29,14,48,228,80,169,229,113,80,185,15,11,229,113,81,155,15,12,229,127,169,229,113,80,185,14,56,229,112,80,183,14,58,228,92,81,148,255,
169,0,235,180,0,235,180,55,186,230,94,183,229,29,149,225,92,162,217,92,184,236,81,246,180,29,159,231,78,162,232,83,181,236,19,184,236,74,254,171,123,164,232,80,179,171,20,220,202,85,183,253,109,183,231,88,186,167,115,183,228,88,246,180,29,244,202,85,183,253,109,183,231,88,186,171,55,149,225,92,162,217,92,184,236,81,248,200,83,181,225,82,164,217,82,191,231,73,246,180,
29,128,236,94,162,230,79,228,167,83,179,254,21,230,165,29,230,167,8,255,131,126,190,232,73,134,232,83,179,229,19,133,224,71,179,169,0,246,220,121,191,228,15,248,231,88,161,161,12,250,169,16,239,185,17,246,185,17,246,189,15,230,160,55,149,225,92,162,217,92,184,236,81,248,217,82,165,224,73,191,230,83,246,180,29,131,205,84,187,187,19,184,236,74,254,185,17,246,177,13,
250,169,13,248,188,17,246,185,20,220,202,85,183,253,109,183,231,88,186,167,127,183,234,86,177,251,82,163,231,89,149,230,81,185,251,14,246,180,29,130,225,88,187,236,19,134,232,83,179,229,55,149,225,92,162,217,92,184,236,81,248,203,82,164,237,88,164,218,84,172,236,109,191,241,88,186,169,0,246,185,55,149,225,92,162,217,92,184,236,81,248,223,84,165,224,95,186,236,29,235,
169,91,183,229,78,179,131,126,190,232,73,134,232,83,179,229,19,140,192,83,178,236,69,246,180,29,231,177,55,149,225,92,162,217,92,184,236,81,248,217,92,164,236,83,162,169,0,246,218,94,164,236,88,184,206,72,191,131,80,183,226,88,149,230,79,184,236,79,254,202,85,183,253,109,183,231,88,186,165,29,231,191,20,220,228,92,189,236,110,162,251,82,189,236,21,149,225,92,162,217,
92,184,236,81,250,169,105,190,236,80,179,167,127,185,251,89,179,251,17,246,184,17,246,185,19,231,188,20,220,202,85,183,253,109,183,231,88,186,167,127,183,234,86,177,251,82,163,231,89,130,251,92,184,250,77,183,251,88,184,234,68,246,180,29,230,167,10,228,131,126,190,232,73,134,232,83,179,229,19,148,232,94,189,238,79,185,252,83,178,202,82,186,230,79,229,169,0,246,202,82,
186,230,79,229,167,91,164,230,80,132,206,127,254,184,13,250,169,12,226,165,29,228,191,20,220,228,92,189,236,110,190,232,89,185,254,21,149,225,92,162,217,92,184,236,81,255,131,104,191,207,69,248,228,92,189,236,124,181,234,88,184,253,122,186,230,74,254,202,85,183,253,109,183,231,88,186,165,29,130,225,88,187,236,19,151,234,94,179,231,73,250,169,13,248,176,8,250,169,9,238,
165,29,230,160,55,131,224,123,174,167,80,183,226,88,145,251,92,178,224,88,184,253,21,149,225,92,162,217,92,184,236,81,250,169,70,220,169,29,246,169,126,185,229,82,164,218,88,167,252,88,184,234,88,157,236,68,166,230,84,184,253,19,184,236,74,254,185,17,246,202,82,186,230,79,229,167,91,164,230,80,132,206,127,254,191,17,246,191,17,246,191,20,255,165,55,246,169,29,246,202,
82,186,230,79,133,236,76,163,236,83,181,236,118,179,240,77,185,224,83,162,167,83,179,254,21,231,165,29,149,230,81,185,251,14,248,239,79,185,228,111,145,203,21,225,165,29,231,185,17,246,187,15,255,160,17,220,244,17,246,176,13,255,131,104,191,207,69,248,228,92,189,236,110,162,232,79,144,224,88,186,237,21,149,225,92,162,217,92,184,236,81,250,169,12,228,160,55,220,229,82,
181,232,81,246,202,85,183,253,109,183,231,88,186,218,84,172,236,126,185,231,78,162,251,92,191,231,73,246,180,29,159,231,78,162,232,83,181,236,19,184,236,74,254,171,104,159,218,84,172,236,126,185,231,78,162,251,92,191,231,73,244,160,55,149,225,92,162,217,92,184,236,81,133,224,71,179,202,82,184,250,73,164,232,84,184,253,19,155,232,69,133,224,71,179,169,0,246,224,78,130,
230,72,181,225,121,179,255,84,181,236,29,183,231,89,246,223,88,181,253,82,164,187,19,184,236,74,254,187,9,230,165,29,229,187,13,255,169,82,164,169,107,179,234,73,185,251,15,248,231,88,161,161,14,226,185,17,246,189,11,230,160,55,149,225,92,162,217,92,184,236,81,133,224,71,179,202,82,184,250,73,164,232,84,184,253,19,155,224,83,133,224,71,179,169,0,246,224,78,130,230,
72,181,225,121,179,255,84,181,236,29,183,231,89,246,223,88,181,253,82,164,187,19,184,236,74,254,184,5,230,165,29,228,185,13,255,169,82,164,169,107,179,234,73,185,251,15,248,231,88,161,161,15,226,185,17,246,187,5,230,160,55,149,225,92,162,217,92,184,236,81,133,224,71,179,202,82,184,250,73,164,232,84,184,253,19,134,232,79,179,231,73,246,180,29,149,225,92,162,217,92,
184,236,81,220,131,81,185,234,92,186,169,126,190,232,73,158,236,92,178,236,79,246,180,29,159,231,78,162,232,83,181,236,19,184,236,74,254,171,123,164,232,80,179,171,20,220,202,85,183,253,117,179,232,89,179,251,19,133,224,71,179,169,0,246,220,121,191,228,15,248,231,88,161,161,12,250,169,16,228,185,17,246,185,17,246,189,9,255,131,126,190,232,73,158,236,92,178,236,79,248,
217,82,165,224,73,191,230,83,246,180,29,131,205,84,187,187,19,184,236,74,254,185,17,246,184,13,250,169,13,250,169,5,255,131,126,190,232,73,158,236,92,178,236,79,248,203,92,181,226,90,164,230,72,184,237,105,164,232,83,165,249,92,164,236,83,181,240,29,235,169,12,220,202,85,183,253,117,179,232,89,179,251,19,134,232,79,179,231,73,246,180,29,149,225,92,162,217,92,184,236,
81,220,131,81,185,234,92,186,169,126,190,232,73,158,236,92,178,236,79,130,224,73,186,236,29,235,169,116,184,250,73,183,231,94,179,167,83,179,254,21,244,221,88,174,253,113,183,235,88,186,171,20,220,202,85,183,253,117,179,232,89,179,251,105,191,253,81,179,167,110,191,243,88,246,180,29,131,205,84,187,187,19,184,236,74,254,184,17,246,164,14,228,165,29,230,165,29,228,187,20,
220,202,85,183,253,117,179,232,89,179,251,105,191,253,81,179,167,109,185,250,84,162,224,82,184,169,0,246,220,121,191,228,15,248,231,88,161,161,13,250,169,13,250,169,13,250,169,13,255,131,126,190,232,73,158,236,92,178,236,79,130,224,73,186,236,19,148,232,94,189,238,79,185,252,83,178,221,79,183,231,78,166,232,79,179,231,94,175,169,0,246,184,55,149,225,92,162,193,88,183,
237,88,164,221,84,162,229,88,248,221,88,174,253,29,235,169,31,14,61,229,113,81,151,244,131,126,190,232,73,158,236,92,178,236,79,130,224,73,186,236,19,130,236,69,162,202,82,186,230,79,229,169,0,246,221,85,179,228,88,248,221,88,174,253,55,149,225,92,162,193,88,183,237,88,164,221,84,162,229,88,248,221,88,174,253,101,151,229,84,177,231,80,179,231,73,246,180,29,147,231,
72,187,167,105,179,241,73,142,200,81,191,238,83,187,236,83,162,167,111,191,238,85,162,131,126,190,232,73,158,236,92,178,236,79,130,224,73,186,236,19,144,230,83,162,169,0,246,204,83,163,228,19,144,230,83,162,167,122,185,253,85,183,228,127,185,229,89,220,202,85,183,253,117,179,232,89,179,251,105,191,253,81,179,167,105,179,241,73,133,224,71,179,169,0,246,184,5,220,202,85,
183,253,117,179,232,89,179,251,105,191,253,81,179,167,109,183,251,88,184,253,29,235,169,126,190,232,73,158,236,92,178,236,79,220,131,81,185,234,92,186,169,126,190,232,73,158,236,92,178,236,79,133,252,95,246,180,29,159,231,78,162,232,83,181,236,19,184,236,74,254,171,105,179,241,73,154,232,95,179,229,31,255,131,126,190,232,73,158,236,92,178,236,79,133,252,95,248,218,84,172,
236,29,235,169,104,146,224,80,228,167,83,179,254,21,231,165,29,251,186,15,250,169,13,250,169,12,224,160,55,149,225,92,162,193,88,183,237,88,164,218,72,180,167,109,185,250,84,162,224,82,184,169,0,246,220,121,191,228,15,248,231,88,161,161,13,250,169,13,250,169,13,250,169,15,226,160,55,149,225,92,162,193,88,183,237,88,164,218,72,180,167,127,183,234,86,177,251,82,163,231,
89,130,251,92,184,250,77,183,251,88,184,234,68,246,180,29,231,131,126,190,232,73,158,236,92,178,236,79,133,252,95,248,221,88,174,253,29,235,169,31,14,35,228,94,81,154,14,60,228,82,169,229,126,80,183,15,15,29,15,12,229,98,81,135,15,13,228,92,169,229,113,80,185,14,58,228,85,81,140,14,33,229,124,171,55,149,225,92,162,193,88,183,237,88,164,218,72,180,167,105,
179,241,73,149,230,81,185,251,14,246,180,29,130,225,88,187,236,19,155,252,73,179,237,55,149,225,92,162,193,88,183,237,88,164,218,72,180,167,105,179,241,73,142,200,81,191,238,83,187,236,83,162,169,0,246,204,83,163,228,19,130,236,69,162,209,124,186,224,90,184,228,88,184,253,19,132,224,90,190,253,55,149,225,92,162,193,88,183,237,88,164,218,72,180,167,123,185,231,73,246,
180,29,147,231,72,187,167,123,185,231,73,248,206,82,162,225,92,187,131,126,190,232,73,158,236,92,178,236,79,133,252,95,248,221,88,174,253,110,191,243,88,246,180,29,231,187,55,149,225,92,162,193,88,183,237,88,164,218,72,180,167,109,183,251,88,184,253,29,235,169,126,190,232,73,158,236,92,178,236,79,220,131,81,185,234,92,186,169,126,190,232,73,154,224,78,162,169,0,246,192,
83,165,253,92,184,234,88,248,231,88,161,161,31,133,234,79,185,229,81,191,231,90,144,251,92,187,236,31,255,131,126,190,232,73,154,224,78,162,167,110,191,243,88,246,180,29,131,205,84,187,187,19,184,236,74,254,184,17,246,164,15,230,165,29,231,165,29,251,184,14,230,160,55,149,225,92,162,197,84,165,253,19,134,230,78,191,253,84,185,231,29,235,169,104,146,224,80,228,167,83,
179,254,21,230,165,29,231,185,17,246,185,17,246,191,9,255,131,126,190,232,73,154,224,78,162,167,127,183,234,86,177,251,82,163,231,89,149,230,81,185,251,14,246,180,29,130,225,88,187,236,19,148,238,55,149,225,92,162,197,84,165,253,19,148,230,79,178,236,79,133,224,71,179,217,84,174,236,81,246,180,29,230,131,126,190,232,73,154,224,78,162,167,110,181,251,82,186,229,127,183,
251,105,190,224,94,189,231,88,165,250,29,235,169,9,220,202,85,183,253,113,191,250,73,248,218,94,164,230,81,186,203,92,164,192,80,183,238,88,149,230,81,185,251,14,246,180,29,130,225,88,187,236,19,151,234,73,191,255,88,220,202,85,183,253,113,191,250,73,248,202,92,184,255,92,165,218,84,172,236,29,235,169,104,146,224,80,228,167,83,179,254,21,230,165,29,230,165,29,230,165,
29,230,160,55,149,225,92,162,197,84,165,253,19,151,252,73,185,228,92,162,224,94,149,232,83,160,232,78,133,224,71,179,169,0,246,204,83,163,228,19,151,252,73,185,228,92,162,224,94,133,224,71,179,167,100,220,202,85,183,253,113,191,250,73,248,217,92,164,236,83,162,169,0,246,202,85,183,253,109,183,231,88,186,131,80,183,226,88,149,230,79,184,236,79,254,202,85,183,253,113,
191,250,73,250,169,12,230,160,55,187,232,86,179,218,73,164,230,86,179,161,126,190,232,73,154,224,78,162,165,29,130,225,88,187,236,19,148,230,79,178,236,79,250,169,12,250,169,13,248,187,20,220,202,85,183,253,113,191,250,73,248,203,92,181,226,90,164,230,72,184,237,105,164,232,83,165,249,92,164,236,83,181,240,29,235,169,13,248,190,5,220,131,81,185,234,92,186,169,126,190,
232,73,154,224,78,162,197,92,175,230,72,162,169,0,246,192,83,165,253,92,184,234,88,248,231,88,161,161,31,131,192,113,191,250,73,154,232,68,185,252,73,244,160,55,149,225,92,162,197,84,165,253,113,183,240,82,163,253,19,134,232,89,178,224,83,177,169,0,246,220,121,191,228,19,184,236,74,254,185,17,246,191,20,220,202,85,183,253,113,191,250,73,154,232,68,185,252,73,248,218,
82,164,253,114,164,237,88,164,169,0,246,204,83,163,228,19,133,230,79,162,198,79,178,236,79,248,197,92,175,230,72,162,198,79,178,236,79,220,202,85,183,253,113,191,250,73,154,232,68,185,252,73,248,217,92,164,236,83,162,169,0,246,202,85,183,253,113,191,250,73,220,131,81,185,234,92,186,169,126,190,232,73,154,224,78,162,217,92,178,237,84,184,238,29,235,169,116,184,250,73,
183,231,94,179,167,83,179,254,21,244,220,116,134,232,89,178,224,83,177,171,20,220,202,85,183,253,113,191,250,73,134,232,89,178,224,83,177,167,109,183,237,89,191,231,90,130,230,77,246,180,29,131,205,84,187,167,83,179,254,21,230,165,29,238,160,55,149,225,92,162,197,84,165,253,109,183,237,89,191,231,90,248,217,92,178,237,84,184,238,127,185,253,73,185,228,29,235,169,104,146,
224,80,248,231,88,161,161,13,250,169,5,255,131,126,190,232,73,154,224,78,162,217,92,178,237,84,184,238,19,134,232,89,178,224,83,177,197,88,176,253,29,235,169,104,146,224,80,248,231,88,161,161,13,250,169,5,255,131,126,190,232,73,154,224,78,162,217,92,178,237,84,184,238,19,134,232,89,178,224,83,177,219,84,177,225,73,246,180,29,131,205,84,187,167,83,179,254,21,230,165,
29,238,160,55,149,225,92,162,197,84,165,253,109,183,237,89,191,231,90,248,217,92,164,236,83,162,169,0,246,202,85,183,253,113,191,250,73,220,131,81,185,234,92,186,169,126,190,232,73,159,231,77,163,253,29,235,169,116,184,250,73,183,231,94,179,167,83,179,254,21,244,221,88,174,253,127,185,241,31,255,131,126,190,232,73,159,231,77,163,253,19,133,224,71,179,169,0,246,220,121,
191,228,15,248,231,88,161,161,12,250,169,16,231,184,13,250,169,13,250,169,9,230,160,55,149,225,92,162,192,83,166,252,73,248,217,82,165,224,73,191,230,83,246,180,29,131,205,84,187,187,19,184,236,74,254,185,17,246,184,13,250,169,12,250,169,16,227,185,20,220,202,85,183,253,116,184,249,72,162,167,127,183,234,86,177,251,82,163,231,89,149,230,81,185,251,14,246,180,29,130,
225,88,187,236,19,159,231,77,163,253,55,149,225,92,162,192,83,166,252,73,248,203,92,181,226,90,164,230,72,184,237,105,164,232,83,165,249,92,164,236,83,181,240,29,235,169,13,248,187,55,149,225,92,162,192,83,166,252,73,248,221,88,174,253,126,185,229,82,164,186,29,235,169,105,190,236,80,179,167,105,179,241,73,220,202,85,183,253,116,184,249,72,162,167,109,186,232,94,179,225,
82,186,237,88,164,202,82,186,230,79,229,169,0,246,221,85,179,228,88,248,196,72,162,236,89,220,202,85,183,253,116,184,249,72,162,167,109,186,232,94,179,225,82,186,237,88,164,221,88,174,253,29,235,169,31,14,46,228,85,81,151,14,33,29,14,56,229,101,81,154,15,13,229,127,167,19,248,171,55,149,225,92,162,192,83,166,252,73,248,221,88,174,253,29,235,169,31,244,131,126,
190,232,73,159,231,77,163,253,19,144,230,83,162,169,0,246,204,83,163,228,19,144,230,83,162,167,122,185,253,85,183,228,55,149,225,92,162,192,83,166,252,73,248,221,88,174,253,110,191,243,88,246,180,29,231,189,55,149,225,92,162,192,83,166,252,73,248,221,88,174,253,101,151,229,84,177,231,80,179,231,73,246,180,29,147,231,72,187,167,105,179,241,73,142,200,81,191,238,83,187,
236,83,162,167,111,191,238,85,162,131,126,190,232,73,159,231,77,163,253,19,149,229,88,183,251,105,179,241,73,153,231,123,185,234,72,165,169,0,246,239,92,186,250,88,220,202,85,183,253,116,184,249,72,162,167,109,183,251,88,184,253,29,235,169,126,190,232,73,134,232,83,179,229,55,187,232,86,179,202,82,164,231,88,164,161,126,190,232,73,159,231,77,163,253,17,246,184,13,255,131,
80,183,226,88,133,253,79,185,226,88,254,202,85,183,253,116,184,249,72,162,165,29,130,225,88,187,236,19,148,230,79,178,236,79,250,169,12,250,169,13,248,187,20,220,131,81,185,234,92,186,169,126,190,232,73,133,236,83,178,203,73,184,169,0,246,192,83,165,253,92,184,234,88,248,231,88,161,161,31,130,236,69,162,203,72,162,253,82,184,171,20,220,202,85,183,253,110,179,231,89,
148,253,83,248,218,84,172,236,29,235,169,104,146,224,80,228,167,83,179,254,21,230,165,29,239,185,17,246,185,17,246,189,13,255,131,126,190,232,73,133,236,83,178,203,73,184,167,109,185,250,84,162,224,82,184,169,0,246,220,121,191,228,15,248,231,88,161,161,12,250,169,16,231,185,13,250,169,12,250,169,16,227,185,20,220,202,85,183,253,110,179,231,89,148,253,83,248,203,92,181,
226,90,164,230,72,184,237,126,185,229,82,164,186,29,235,169,105,190,236,80,179,167,124,181,253,84,160,236,55,149,225,92,162,218,88,184,237,127,162,231,19,148,232,94,189,238,79,185,252,83,178,221,79,183,231,78,166,232,79,179,231,94,175,169,0,246,185,19,231,177,55,149,225,92,162,218,88,184,237,127,162,231,19,130,236,69,162,169,0,246,171,229,115,81,140,14,58,229,113,80,
185,244,131,126,190,232,73,133,236,83,178,203,73,184,167,105,179,241,73,149,230,81,185,251,14,246,180,29,130,225,88,187,236,19,130,236,69,162,131,126,190,232,73,133,236,83,178,203,73,184,167,123,185,231,73,246,180,29,147,231,72,187,167,123,185,231,73,248,206,82,162,225,92,187,203,82,186,237,55,149,225,92,162,218,88,184,237,127,162,231,19,130,236,69,162,218,84,172,236,29,
235,169,12,226,131,126,190,232,73,133,236,83,178,203,73,184,167,124,163,253,82,148,252,73,162,230,83,149,230,81,185,251,29,235,169,91,183,229,78,179,131,126,190,232,73,133,236,83,178,203,73,184,167,109,183,251,88,184,253,29,235,169,126,190,232,73,134,232,83,179,229,55,187,232,86,179,202,82,164,231,88,164,161,126,190,232,73,133,236,83,178,203,73,184,165,29,231,185,20,220,
228,92,189,236,110,162,251,82,189,236,21,149,225,92,162,218,88,184,237,127,162,231,17,246,221,85,179,228,88,248,203,82,164,237,88,164,165,29,231,165,29,230,167,13,227,160,55,220,229,82,181,232,81,246,239,72,184,234,73,191,230,83,246,232,89,178,202,85,183,253,112,179,250,78,183,238,88,254,250,88,184,237,88,164,199,92,187,236,17,246,228,88,165,250,92,177,236,105,179,241,
73,250,169,78,179,231,89,179,251,126,185,229,82,164,160,55,246,169,29,246,229,82,181,232,81,246,228,78,177,207,79,183,228,88,246,180,29,159,231,78,162,232,83,181,236,19,184,236,74,254,171,123,164,232,80,179,171,20,220,169,29,246,169,80,165,238,123,164,232,80,179,167,110,191,243,88,246,180,29,131,205,84,187,187,19,184,236,74,254,184,17,246,185,17,246,185,17,246,185,20,
220,169,29,246,169,80,165,238,123,164,232,80,179,167,124,163,253,82,187,232,73,191,234,110,191,243,88,246,180,29,147,231,72,187,167,124,163,253,82,187,232,73,191,234,110,191,243,88,248,208,55,246,169,29,246,228,78,177,207,79,183,228,88,248,203,92,181,226,90,164,230,72,184,237,126,185,229,82,164,186,29,235,169,105,190,236,80,179,167,109,183,231,88,186,218,82,176,253,55,246,
169,29,246,228,78,177,207,79,183,228,88,248,203,92,181,226,90,164,230,72,184,237,105,164,232,83,165,249,92,164,236,83,181,240,29,235,169,13,248,184,5,220,169,29,246,169,80,165,238,123,164,232,80,179,167,127,185,251,89,179,251,110,191,243,88,134,224,69,179,229,29,235,169,13,220,169,29,246,169,80,165,238,123,164,232,80,179,167,109,183,251,88,184,253,29,235,169,126,190,232,
73,154,224,78,162,131,29,246,169,29,187,232,86,179,202,82,164,231,88,164,161,80,165,238,123,164,232,80,179,165,29,238,160,55,220,169,29,246,169,81,185,234,92,186,169,77,183,237,29,235,169,116,184,250,73,183,231,94,179,167,83,179,254,21,244,220,116,134,232,89,178,224,83,177,171,20,220,169,29,246,169,77,183,237,19,134,232,89,178,224,83,177,221,82,166,169,0,246,220,121,
191,228,19,184,236,74,254,185,17,246,191,20,220,169,29,246,169,77,183,237,19,134,232,89,178,224,83,177,203,82,162,253,82,187,169,0,246,220,121,191,228,19,184,236,74,254,185,17,246,191,20,220,169,29,246,169,77,183,237,19,134,232,89,178,224,83,177,197,88,176,253,29,235,169,104,146,224,80,248,231,88,161,161,13,250,169,5,255,131,29,246,169,29,166,232,89,248,217,92,178,
237,84,184,238,111,191,238,85,162,169,0,246,220,121,191,228,19,184,236,74,254,185,17,246,177,20,220,169,29,246,169,77,183,237,19,134,232,79,179,231,73,246,180,29,187,250,90,144,251,92,187,236,55,220,169,29,246,169,81,185,234,92,186,169,81,183,240,82,163,253,29,235,169,116,184,250,73,183,231,94,179,167,83,179,254,21,244,220,116,154,224,78,162,197,92,175,230,72,162,171,
20,220,169,29,246,169,81,183,240,82,163,253,19,133,230,79,162,198,79,178,236,79,246,180,29,147,231,72,187,167,110,185,251,73,153,251,89,179,251,19,154,232,68,185,252,73,153,251,89,179,251,55,246,169,29,246,229,92,175,230,72,162,167,109,183,237,89,191,231,90,246,180,29,131,205,84,187,167,83,179,254,21,230,165,29,228,160,55,246,169,29,246,229,92,175,230,72,162,167,109,
183,251,88,184,253,29,235,169,80,165,238,123,164,232,80,179,131,55,246,169,29,246,229,82,181,232,81,246,250,88,184,237,88,164,197,92,180,236,81,246,180,29,159,231,78,162,232,83,181,236,19,184,236,74,254,171,105,179,241,73,154,232,95,179,229,31,255,131,29,246,169,29,165,236,83,178,236,79,154,232,95,179,229,19,133,224,71,179,169,0,246,220,121,191,228,15,248,231,88,161,
161,12,250,169,13,250,169,13,250,169,12,224,160,55,246,169,29,246,250,88,184,237,88,164,197,92,180,236,81,248,203,92,181,226,90,164,230,72,184,237,105,164,232,83,165,249,92,164,236,83,181,240,29,235,169,12,220,169,29,246,169,78,179,231,89,179,251,113,183,235,88,186,167,105,179,241,73,246,180,29,165,236,83,178,236,79,152,232,80,179,131,29,246,169,29,165,236,83,178,236,
79,154,232,95,179,229,19,130,236,69,162,202,82,186,230,79,229,169,0,246,250,88,184,237,88,164,202,82,186,230,79,246,230,79,246,221,85,179,228,88,248,222,92,164,231,84,184,238,55,246,169,29,246,250,88,184,237,88,164,197,92,180,236,81,248,221,88,174,253,101,151,229,84,177,231,80,179,231,73,246,180,29,147,231,72,187,167,105,179,241,73,142,200,81,191,238,83,187,236,83,
162,167,111,191,238,85,162,131,29,246,169,29,165,236,83,178,236,79,154,232,95,179,229,19,144,230,83,162,169,0,246,204,83,163,228,19,144,230,83,162,167,122,185,253,85,183,228,127,185,229,89,220,169,29,246,169,78,179,231,89,179,251,113,183,235,88,186,167,105,179,241,73,133,224,71,179,169,0,246,184,15,220,169,29,246,169,78,179,231,89,179,251,113,183,235,88,186,167,113,183,
240,82,163,253,114,164,237,88,164,169,0,246,184,55,246,169,29,246,250,88,184,237,88,164,197,92,180,236,81,248,217,92,164,236,83,162,169,0,246,228,78,177,207,79,183,228,88,220,131,29,246,169,29,186,230,94,183,229,29,162,236,69,162,197,92,180,236,81,246,180,29,159,231,78,162,232,83,181,236,19,184,236,74,254,171,105,179,241,73,154,232,95,179,229,31,255,131,29,246,169,
29,162,236,69,162,197,92,180,236,81,248,218,84,172,236,29,235,169,104,146,224,80,228,167,83,179,254,21,231,165,29,230,165,29,230,165,29,230,160,55,246,169,29,246,253,88,174,253,113,183,235,88,186,167,124,163,253,82,187,232,73,191,234,110,191,243,88,246,180,29,147,231,72,187,167,124,163,253,82,187,232,73,191,234,110,191,243,88,248,208,55,246,169,29,246,253,88,174,253,113,
183,235,88,186,167,127,183,234,86,177,251,82,163,231,89,130,251,92,184,250,77,183,251,88,184,234,68,246,180,29,231,131,29,246,169,29,162,236,69,162,197,92,180,236,81,248,221,88,174,253,29,235,169,80,179,250,78,183,238,88,130,236,69,162,131,29,246,169,29,162,236,69,162,197,92,180,236,81,248,221,88,174,253,126,185,229,82,164,186,29,235,169,105,190,236,80,179,167,105,179,
241,73,220,169,29,246,169,73,179,241,73,154,232,95,179,229,19,130,236,69,162,209,124,186,224,90,184,228,88,184,253,29,235,169,120,184,252,80,248,221,88,174,253,101,151,229,84,177,231,80,179,231,73,248,219,84,177,225,73,220,169,29,246,169,73,179,241,73,154,232,95,179,229,19,130,236,69,162,222,79,183,249,77,179,237,29,235,169,73,164,252,88,220,169,29,246,169,73,179,241,
73,154,232,95,179,229,19,144,230,83,162,169,0,246,204,83,163,228,19,144,230,83,162,167,122,185,253,85,183,228,55,246,169,29,246,253,88,174,253,113,183,235,88,186,167,105,179,241,73,133,224,71,179,169,0,246,184,14,220,169,29,246,169,73,179,241,73,154,232,95,179,229,19,154,232,68,185,252,73,153,251,89,179,251,29,235,169,15,220,169,29,246,169,73,179,241,73,154,232,95,
179,229,19,134,232,79,179,231,73,246,180,29,187,250,90,144,251,92,187,236,55,220,169,29,246,169,73,183,250,86,248,237,88,176,236,79,254,239,72,184,234,73,191,230,83,254,160,55,246,169,29,246,169,29,246,169,126,190,232,73,154,224,78,162,167,126,183,231,75,183,250,109,185,250,84,162,224,82,184,169,0,246,223,88,181,253,82,164,187,19,184,236,74,254,185,17,246,202,85,183,
253,113,191,250,73,248,200,95,165,230,81,163,253,88,149,232,83,160,232,78,133,224,71,179,167,100,255,131,29,246,169,29,179,231,89,255,131,88,184,237,55,220,239,72,184,234,73,191,230,83,246,206,88,162,196,68,149,225,92,162,199,92,187,236,126,185,229,82,164,205,92,162,232,21,255,131,29,246,169,29,191,239,29,149,225,92,162,199,92,187,236,126,185,229,82,164,205,92,162,232,
29,162,225,88,184,131,29,246,169,29,246,169,29,246,251,88,162,252,79,184,169,126,190,232,73,152,232,80,179,202,82,186,230,79,146,232,73,183,131,29,246,169,29,179,231,89,220,131,29,246,169,29,186,230,94,183,229,29,177,236,83,179,251,92,162,236,89,149,230,81,185,251,29,235,169,126,185,229,82,164,186,19,176,251,82,187,193,110,128,161,55,246,169,29,246,169,29,246,169,111,
183,231,89,185,228,19,184,236,74,254,160,7,152,236,69,162,199,72,187,235,88,164,161,20,250,131,29,246,169,29,246,169,29,246,185,19,225,187,17,220,169,29,246,169,29,246,169,29,231,131,29,246,169,29,255,131,55,246,169,29,246,202,85,183,253,115,183,228,88,149,230,81,185,251,121,183,253,92,246,180,29,173,131,29,246,169,29,246,169,29,246,251,29,235,169,80,183,253,85,248,
239,81,185,230,79,254,238,88,184,236,79,183,253,88,178,202,82,186,230,79,248,219,29,252,169,15,227,188,29,253,169,13,248,188,20,250,131,29,246,169,29,246,169,29,246,238,29,235,169,80,183,253,85,248,239,81,185,230,79,254,238,88,184,236,79,183,253,88,178,202,82,186,230,79,248,206,29,252,169,15,227,188,29,253,169,13,248,188,20,250,131,29,246,169,29,246,169,29,246,235,
29,235,169,80,183,253,85,248,239,81,185,230,79,254,238,88,184,236,79,183,253,88,178,202,82,186,230,79,248,203,29,252,169,15,227,188,29,253,169,13,248,188,20,250,131,29,246,169,29,171,131,55,246,169,29,246,251,88,162,252,79,184,169,126,190,232,73,152,232,80,179,202,82,186,230,79,146,232,73,183,131,88,184,237,55,220,193,88,183,237,126,190,232,73,148,252,95,180,229,88,
133,253,92,162,236,29,235,169,117,179,232,89,149,225,92,162,203,72,180,235,81,179,218,73,183,253,88,246,230,79,246,242,64,220,193,88,183,237,126,190,232,73,148,252,95,180,229,88,155,236,78,165,232,90,179,192,89,246,180,29,158,236,92,178,202,85,183,253,127,163,235,95,186,236,112,179,250,78,183,238,88,159,237,29,185,251,29,230,131,55,176,252,83,181,253,84,185,231,29,145,
236,73,158,236,92,178,202,85,183,253,127,163,235,95,186,236,110,166,236,92,189,236,79,157,236,68,254,239,79,185,228,104,165,236,79,159,237,17,246,239,79,185,228,115,183,228,88,255,131,29,246,169,29,186,230,94,183,229,29,184,252,80,179,251,84,181,220,78,179,251,116,178,169,0,246,253,82,184,252,80,180,236,79,254,239,79,185,228,104,165,236,79,159,237,20,220,169,29,246,169,
84,176,169,83,163,228,88,164,224,94,131,250,88,164,192,89,246,232,83,178,169,83,163,228,88,164,224,94,131,250,88,164,192,89,246,183,29,230,169,73,190,236,83,220,169,29,246,169,29,246,169,29,164,236,73,163,251,83,246,171,72,191,237,7,244,169,19,248,169,73,185,250,73,164,224,83,177,161,83,163,228,88,164,224,94,131,250,88,164,192,89,255,131,29,246,169,29,179,231,89,
220,169,29,246,169,79,179,253,72,164,231,29,244,231,92,187,236,7,244,169,19,248,169,73,185,250,73,164,224,83,177,161,91,164,230,80,152,232,80,179,169,82,164,169,31,233,171,20,236,229,82,161,236,79,254,160,55,179,231,89,220,131,91,163,231,94,162,224,82,184,169,121,179,250,73,164,230,68,158,236,92,178,202,85,183,253,127,163,235,95,186,236,110,162,232,94,189,161,78,166,
236,92,189,236,79,157,236,68,255,131,29,246,169,29,186,230,94,183,229,29,165,253,92,162,236,29,235,169,117,179,232,89,149,225,92,162,203,72,180,235,81,179,218,73,183,253,88,141,250,77,179,232,86,179,251,118,179,240,96,220,169,29,246,169,84,176,169,83,185,253,29,165,253,92,162,236,29,162,225,88,184,131,29,246,169,29,246,169,29,246,251,88,162,252,79,184,131,29,246,169,
29,179,231,89,220,131,29,246,169,29,191,239,29,165,253,92,162,236,19,177,252,84,165,169,73,190,236,83,220,169,29,246,169,29,246,169,29,176,230,79,246,214,17,246,238,72,191,169,84,184,169,84,166,232,84,164,250,21,165,253,92,162,236,19,177,252,84,165,160,29,178,230,55,246,169,29,246,169,29,246,169,29,246,169,29,166,234,92,186,229,21,176,252,83,181,253,84,185,231,21,
255,131,29,246,169,29,246,169,29,246,169,29,246,169,29,246,169,29,177,252,84,236,205,88,165,253,79,185,240,21,255,131,29,246,169,29,246,169,29,246,169,29,246,169,88,184,237,20,220,169,29,246,169,29,246,169,29,179,231,89,220,169,29,246,169,88,184,237,55,220,169,29,246,169,78,162,232,73,179,167,90,163,224,78,246,180,29,173,244,55,179,231,89,220,131,16,251,169,0,235,
180,0,235,180,0,235,180,0,235,180,0,235,180,0,235,180,0,235,180,0,235,180,0,235,180,0,235,180,0,235,180,0,235,180,0,235,180,0,235,180,0,235,180,0,235,180,0,235,180,0,235,180,0,235,180,0,235,180,0,235,180,0,235,180,0,235,180,55,251,164,29,15,3,229,101,81,151,14,33,229,121,80,185,246,219,88,184,237,88,164,193,88,183,237,126,190,232,73,148,252,
95,180,229,88,133,253,92,181,226,29,253,169,110,190,230,74,149,225,92,162,203,72,180,235,81,179,200,95,185,255,88,158,236,92,178,131,16,251,169,229,99,80,188,14,56,29,186,230,94,183,229,78,246,81,145,14,38,228,92,81,146,14,32,29,14,48,228,82,80,180,246,81,154,15,13,228,83,81,142,14,35,228,94,80,180,246,81,154,15,13,229,117,81,132,15,13,228,95,169,21,
14,46,228,82,81,158,14,60,228,82,169,229,111,80,187,14,38,228,81,169,12,239,176,29,15,12,228,80,169,229,113,80,185,15,9,29,228,185,13,255,131,16,251,169,0,235,180,0,235,180,0,235,180,0,235,180,0,235,180,0,235,180,0,235,180,0,235,180,0,235,180,0,235,180,0,235,180,0,235,180,0,235,180,0,235,180,0,235,180,0,235,180,0,235,180,0,235,180,0,235,
180,0,235,180,0,235,180,0,235,180,0,235,180,55,220,164,16,246,238,81,185,235,92,186,250,29,14,33,229,121,80,185,246,229,82,181,232,81,165,169,229,111,81,137,14,46,228,80,169,228,83,81,154,246,80,187,14,35,229,122,81,154,15,1,229,100,169,229,123,81,146,246,81,154,15,13,228,86,169,15,230,185,29,164,236,90,191,250,73,179,251,55,137,221,12,238,203,126,246,180,
29,173,131,29,246,169,29,165,225,82,161,205,84,165,253,29,235,169,14,227,165,55,246,169,29,246,225,84,178,236,121,191,250,73,246,180,29,226,188,17,220,169,29,246,169,91,185,231,73,246,169,29,246,169,0,246,204,83,163,228,19,144,230,83,162,167,122,185,253,85,183,228,110,179,228,84,180,230,81,178,165,55,246,169,29,246,239,82,184,253,110,191,243,88,246,180,29,231,176,17,
220,169,29,246,169,80,183,241,106,246,169,29,246,169,0,246,184,4,230,165,55,246,169,29,246,228,84,184,222,29,246,169,29,246,180,29,238,188,17,220,169,29,246,169,85,134,232,89,246,169,29,246,169,0,246,187,9,250,131,29,246,169,29,160,217,92,178,169,29,246,169,29,235,169,12,238,165,55,171,131,55,176,252,83,181,253,84,185,231,29,130,184,5,149,232,81,181,203,72,180,
235,81,179,205,84,187,250,21,162,236,69,162,160,55,246,169,29,246,229,82,181,232,81,246,253,78,246,169,29,246,169,0,246,238,92,187,236,7,145,236,73,133,236,79,160,224,94,179,161,31,130,236,69,162,218,88,164,255,84,181,236,31,255,131,29,246,169,29,186,230,94,183,229,29,191,231,83,179,251,106,246,180,29,137,221,12,238,203,126,248,228,92,174,222,29,251,169,98,130,184,
5,148,202,19,190,217,92,178,131,29,246,169,29,186,230,94,183,229,29,180,230,72,184,237,78,246,180,29,162,250,7,145,236,73,130,236,69,162,218,84,172,236,21,162,236,69,162,165,29,137,221,12,238,203,126,248,239,82,184,253,110,191,243,88,250,169,98,130,184,5,148,202,19,176,230,83,162,165,29,128,236,94,162,230,79,228,167,83,179,254,21,191,231,83,179,251,106,250,169,80,
183,253,85,248,225,72,177,236,20,255,131,29,246,169,29,164,236,73,163,251,83,246,228,92,162,225,19,181,229,92,187,249,21,180,230,72,184,237,78,248,209,29,253,169,98,130,184,5,148,202,19,190,217,92,178,165,29,137,221,12,238,203,126,248,228,84,184,222,17,246,214,105,231,177,127,149,167,80,183,241,106,255,165,55,246,169,29,246,169,29,246,169,29,246,169,80,183,253,85,248,
234,81,183,228,77,254,235,82,163,231,89,165,167,100,246,162,29,137,221,12,238,203,126,248,255,109,183,237,17,246,186,11,250,169,12,231,185,20,220,236,83,178,131,55,176,252,83,181,253,84,185,231,29,130,184,5,145,236,73,146,224,78,162,221,82,158,236,92,178,161,78,166,236,92,189,236,79,158,236,92,178,160,55,246,169,29,246,224,91,246,231,82,162,169,78,166,236,92,189,236,
79,158,236,92,178,169,82,164,169,83,185,253,29,165,249,88,183,226,88,164,193,88,183,237,19,134,232,79,179,231,73,246,253,85,179,231,29,164,236,73,163,251,83,246,228,92,162,225,19,190,252,90,179,169,88,184,237,55,246,169,29,246,229,82,181,232,81,246,228,68,149,225,92,164,169,29,235,169,113,185,234,92,186,217,81,183,240,88,164,167,126,190,232,79,183,234,73,179,251,55,
246,169,29,246,229,82,181,232,81,246,228,68,132,230,82,162,169,29,235,169,80,175,202,85,183,251,29,183,231,89,246,228,68,149,225,92,164,179,123,191,231,89,144,224,79,165,253,126,190,224,81,178,161,31,158,252,80,183,231,82,191,237,111,185,230,73,134,232,79,162,171,20,220,169,29,246,169,81,185,234,92,186,169,94,183,228,29,246,169,29,246,180,29,161,230,79,189,250,77,183,
234,88,248,202,72,164,251,88,184,253,126,183,228,88,164,232,55,246,169,29,246,229,82,181,232,81,246,234,92,187,217,82,165,169,29,235,169,94,183,228,29,183,231,89,246,234,92,187,167,126,144,251,92,187,236,19,134,230,78,191,253,84,185,231,55,246,169,29,246,229,82,181,232,81,246,234,89,246,180,29,187,240,111,185,230,73,246,169,92,184,237,29,254,228,68,132,230,82,162,167,
109,185,250,84,162,224,82,184,169,16,246,250,77,179,232,86,179,251,117,179,232,89,248,217,82,165,224,73,191,230,83,255,167,112,183,238,83,191,253,72,178,236,29,185,251,29,187,232,73,190,167,85,163,238,88,220,169,29,246,169,81,185,234,92,186,169,86,178,169,0,246,234,92,187,217,82,165,169,29,183,231,89,246,161,94,183,228,109,185,250,29,246,169,29,246,169,29,246,169,29,
251,169,78,166,236,92,189,236,79,158,236,92,178,167,109,185,250,84,162,224,82,184,160,19,155,232,90,184,224,73,163,237,88,246,230,79,246,228,92,162,225,19,190,252,90,179,131,29,246,169,29,164,236,73,163,251,83,246,228,92,162,225,19,187,224,83,254,234,89,250,169,86,178,160,55,179,231,89,220,131,91,163,231,94,162,224,82,184,169,105,231,177,122,179,253,109,134,218,21,190,
236,92,178,165,29,181,232,80,255,131,29,246,169,29,191,239,29,184,230,73,246,225,88,183,237,29,185,251,29,184,230,73,246,225,88,183,237,19,134,232,79,179,231,73,246,230,79,246,231,82,162,169,94,183,228,29,162,225,88,184,169,79,179,253,72,164,231,29,226,177,29,179,231,89,220,169,29,246,169,81,185,234,92,186,169,89,191,250,73,246,180,29,254,234,92,187,167,126,144,251,
92,187,236,19,134,230,78,191,253,84,185,231,29,251,169,85,179,232,89,248,217,82,165,224,73,191,230,83,255,167,112,183,238,83,191,253,72,178,236,55,246,169,29,246,224,91,246,237,84,165,253,29,234,169,12,246,253,85,179,231,29,178,224,78,162,169,0,246,184,29,179,231,89,220,169,29,246,169,79,179,253,72,164,231,29,187,232,73,190,167,94,186,232,80,166,161,55,246,169,29,
246,169,29,246,169,94,183,228,19,128,224,88,161,249,82,164,253,110,191,243,88,248,208,29,249,169,21,228,169,23,246,237,84,165,253,29,252,169,80,183,253,85,248,253,92,184,161,80,183,253,85,248,251,92,178,161,94,183,228,19,144,224,88,186,237,114,176,223,84,179,254,29,249,169,15,255,160,20,250,131,29,246,169,29,246,169,29,246,191,17,246,189,13,230,131,29,246,169,29,255,
131,88,184,237,55,220,164,16,246,81,144,15,13,228,84,81,148,246,219,88,184,237,88,164,218,73,179,249,77,179,237,29,14,35,229,111,80,183,14,38,29,14,36,229,101,81,154,14,33,29,185,239,91,165,236,73,165,169,228,85,80,185,246,80,188,14,56,228,92,80,184,246,81,149,15,15,229,113,81,156,15,2,29,14,48,228,82,80,180,246,81,154,15,13,228,85,81,154,15,12,
228,92,81,140,14,46,55,251,164,29,177,229,82,180,232,81,246,239,81,183,238,29,14,48,229,98,81,154,15,15,29,14,35,229,98,81,151,14,51,228,82,169,228,83,81,140,14,32,29,15,1,229,113,81,144,14,38,229,127,169,229,126,81,142,220,193,88,183,237,126,190,232,73,148,252,95,180,229,88,137,219,88,165,253,92,181,226,110,162,232,79,162,236,89,246,180,29,158,236,92,
178,202,85,183,253,127,163,235,95,186,236,98,132,236,78,162,232,94,189,218,73,183,251,73,179,237,29,185,251,29,176,232,81,165,236,55,191,239,29,184,230,73,246,193,88,183,237,126,190,232,73,148,252,95,180,229,88,137,219,88,165,253,92,181,226,110,162,232,79,162,236,89,246,253,85,179,231,55,246,169,29,246,193,88,183,237,126,190,232,73,148,252,95,180,229,88,137,219,88,165,
253,92,181,226,110,162,232,79,162,236,89,246,180,29,162,251,72,179,131,29,246,169,29,162,232,78,189,167,78,166,232,74,184,161,91,163,231,94,162,224,82,184,161,20,220,169,29,246,169,29,246,169,29,161,225,84,186,236,29,130,184,5,132,252,83,162,224,80,179,200,81,191,255,88,254,160,29,178,230,55,246,169,29,246,169,29,246,169,29,246,169,29,177,232,80,179,179,122,179,253,
110,179,251,75,191,234,88,254,171,111,163,231,110,179,251,75,191,234,88,244,160,19,132,236,83,178,236,79,133,253,88,166,249,88,178,179,106,183,224,73,254,160,55,246,169,29,246,169,29,246,169,29,246,169,29,186,230,94,183,229,29,181,232,80,246,180,29,161,230,79,189,250,77,183,234,88,248,202,72,164,251,88,184,253,126,183,228,88,164,232,55,246,169,29,246,169,29,246,169,29,
246,169,29,191,239,29,184,230,73,246,234,92,187,169,82,164,169,83,185,253,29,158,236,92,178,202,85,183,253,127,163,235,95,186,236,110,162,232,73,179,169,73,190,236,83,246,234,82,184,253,84,184,252,88,246,236,83,178,131,29,246,169,29,246,169,29,246,169,29,246,169,91,185,251,29,137,165,29,165,253,92,162,236,29,191,231,29,166,232,84,164,250,21,158,236,92,178,202,85,183,
253,127,163,235,95,186,236,110,162,232,73,179,160,29,178,230,55,246,169,29,246,169,29,246,169,29,246,169,29,246,169,29,246,224,91,246,231,82,162,169,78,162,232,73,179,167,90,163,224,78,246,230,79,246,170,78,162,232,73,179,167,90,163,224,78,246,180,0,246,185,29,162,225,88,184,169,94,185,231,73,191,231,72,179,169,88,184,237,55,246,169,29,246,169,29,246,169,29,246,169,
29,246,169,29,246,224,91,246,231,82,162,169,78,162,232,73,179,167,98,178,224,80,165,169,73,190,236,83,246,234,82,184,253,84,184,252,88,246,236,83,178,131,29,246,169,29,246,169,29,246,169,29,246,169,29,246,169,29,186,230,94,183,229,29,190,236,92,178,169,0,246,250,73,183,253,88,248,225,88,183,237,55,246,169,29,246,169,29,246,169,29,246,169,29,246,169,29,246,224,91,
246,231,82,162,169,85,179,232,89,246,230,79,246,231,82,162,169,85,179,232,89,248,217,92,164,236,83,162,169,73,190,236,83,246,234,82,184,253,84,184,252,88,246,236,83,178,131,29,246,169,29,246,169,29,246,169,29,246,169,29,246,169,29,186,230,94,183,229,29,166,249,78,246,180,29,130,184,5,145,236,73,134,217,110,254,225,88,183,237,17,246,234,92,187,160,55,246,169,29,246,
169,29,246,169,29,246,169,29,246,169,29,246,229,82,181,232,81,246,234,72,164,169,0,246,186,19,231,131,29,246,169,29,246,169,29,246,169,29,246,169,29,246,169,29,176,230,79,246,224,29,235,169,30,165,253,92,162,236,19,177,252,84,165,165,29,231,165,29,251,184,29,178,230,55,246,169,29,246,169,29,246,169,29,246,169,29,246,169,29,246,169,29,246,169,84,176,169,78,162,232,
73,179,167,90,163,224,78,141,224,96,246,232,83,178,169,78,162,232,73,179,167,90,163,224,78,141,224,96,248,217,92,164,236,83,162,169,73,190,236,83,220,169,29,246,169,29,246,169,29,246,169,29,246,169,29,246,169,29,246,169,29,246,169,29,246,250,73,183,253,88,248,238,72,191,250,102,191,212,19,133,253,72,178,250,114,176,239,78,179,253,29,235,169,107,179,234,73,185,251,14,
248,231,88,161,161,13,250,169,94,163,251,17,246,185,20,220,169,29,246,169,29,246,169,29,246,169,29,246,169,29,246,169,29,246,169,29,179,231,89,220,169,29,246,169,29,246,169,29,246,169,29,246,169,29,246,169,29,246,169,29,191,239,29,191,169,3,246,184,29,183,231,89,246,250,73,183,253,88,248,214,89,191,228,78,141,224,96,246,232,83,178,169,78,162,232,73,179,167,98,178,
224,80,165,210,84,246,164,29,231,212,29,162,225,88,184,131,29,246,169,29,246,169,29,246,169,29,246,169,29,246,169,29,246,169,29,246,169,29,246,169,16,251,169,229,113,80,185,15,9,29,177,232,77,246,180,29,231,185,29,166,224,69,179,229,78,246,81,150,14,46,229,126,81,151,14,32,29,14,48,228,82,80,180,246,81,154,15,13,229,98,81,154,14,61,229,127,169,229,126,81,
135,14,63,29,14,46,228,82,80,187,14,49,229,103,169,229,111,80,187,246,81,149,14,48,229,121,169,229,113,80,185,15,10,229,113,80,184,15,3,229,103,81,154,220,169,29,246,169,29,246,169,29,246,169,29,246,169,29,246,169,29,246,169,29,246,169,29,246,234,72,164,169,0,246,234,72,164,169,22,246,161,78,162,232,73,179,167,98,178,224,80,165,210,84,139,169,22,246,250,73,
183,253,88,248,214,89,191,228,78,141,224,29,251,169,12,139,169,22,246,187,13,255,169,18,246,161,15,246,163,29,166,249,78,255,131,29,246,169,29,246,169,29,246,169,29,246,169,29,246,169,29,246,169,29,246,236,83,178,131,29,246,169,29,246,169,29,246,169,29,246,169,29,246,169,29,179,231,89,220,169,29,246,169,29,246,169,29,246,169,29,246,236,83,178,131,29,246,169,29,246,
169,29,246,236,83,178,131,29,246,169,29,179,231,89,255,131,88,184,237,55,220,239,72,184,234,73,191,230,83,246,219,88,184,237,88,164,193,88,183,237,126,190,232,73,148,252,95,180,229,88,133,253,92,181,226,21,165,249,88,183,226,88,164,194,88,175,160,55,246,169,29,246,229,82,181,232,81,246,250,73,183,253,88,246,180,29,158,236,92,178,202,85,183,253,127,163,235,95,186,236,
110,162,232,73,179,210,78,166,236,92,189,236,79,157,236,68,139,131,29,246,169,29,191,239,29,184,230,73,246,250,73,183,253,88,246,230,79,246,231,82,162,169,78,162,232,73,179,167,85,179,232,89,246,253,85,179,231,29,164,236,73,163,251,83,246,236,83,178,131,55,246,169,29,246,205,88,165,253,79,185,240,117,179,232,89,149,225,92,162,203,72,180,235,81,179,218,73,183,234,86,
254,250,77,179,232,86,179,251,118,179,240,20,220,131,29,246,169,29,191,239,29,184,230,73,246,250,73,183,253,88,248,228,88,165,250,92,177,236,78,246,230,79,246,170,78,162,232,73,179,167,80,179,250,78,183,238,88,165,169,0,235,169,13,246,253,85,179,231,55,246,169,29,246,169,29,246,169,117,179,232,89,149,225,92,162,203,72,180,235,81,179,218,73,183,253,88,141,250,77,179,
232,86,179,251,118,179,240,96,246,180,29,184,224,81,220,169,29,246,169,29,246,169,29,164,236,73,163,251,83,220,169,29,246,169,88,184,237,55,220,169,29,246,169,78,162,232,73,179,167,90,163,224,78,246,169,0,246,242,64,220,169,29,246,169,78,162,232,73,179,167,98,178,224,80,165,169,0,246,242,64,220,131,29,246,169,29,186,230,94,183,229,29,130,254,88,179,231,110,179,251,
75,191,234,88,246,180,29,177,232,80,179,179,122,179,253,110,179,251,75,191,234,88,254,171,105,161,236,88,184,218,88,164,255,84,181,236,31,255,131,29,246,169,29,186,230,94,183,229,29,191,250,121,191,250,73,158,224,89,178,236,83,246,180,29,165,253,92,162,236,19,178,224,78,162,232,83,181,236,117,191,237,89,179,231,29,235,180,29,162,251,72,179,131,55,246,169,29,246,229,82,
181,232,81,246,237,84,187,250,29,235,169,70,171,131,29,246,169,29,176,230,79,246,224,83,178,236,69,250,169,80,179,250,78,183,238,88,146,232,73,183,169,84,184,169,84,166,232,84,164,250,21,165,253,92,162,236,19,187,236,78,165,232,90,179,250,20,246,237,82,220,169,29,246,169,29,246,169,29,186,230,94,183,229,29,176,254,17,246,239,85,246,180,29,130,184,5,149,232,81,181,
203,72,180,235,81,179,205,84,187,250,21,187,236,78,165,232,90,179,205,92,162,232,19,162,236,69,162,160,55,246,169,29,246,169,29,246,169,89,191,228,78,141,224,83,178,236,69,139,169,29,235,169,70,246,239,79,183,228,88,129,169,0,246,239,74,250,169,91,164,232,80,179,193,29,235,169,91,190,169,64,220,169,29,246,169,88,184,237,55,220,169,29,246,169,16,251,169,82,176,239,
78,179,253,78,246,81,158,15,1,228,82,80,183,14,32,29,254,81,154,15,13,228,86,169,79,179,250,73,183,234,86,246,229,82,185,249,29,14,35,229,99,81,144,14,36,29,15,8,228,92,169,229,113,80,185,15,8,229,103,80,183,15,12,29,14,46,228,82,81,151,14,46,228,82,80,183,255,131,29,246,169,29,186,230,94,183,229,29,181,232,80,230,169,29,235,169,74,185,251,86,
165,249,92,181,236,19,149,252,79,164,236,83,162,202,92,187,236,79,183,131,29,246,169,29,186,230,94,183,229,29,166,249,78,230,169,29,235,169,105,231,177,122,179,253,109,134,218,21,165,253,92,162,236,19,190,236,92,178,165,29,181,232,80,230,160,55,246,169,29,246,229,82,181,232,81,246,230,91,176,250,88,162,250,29,235,169,70,171,131,29,246,169,29,186,230,94,183,229,29,181,
252,79,230,169,29,235,169,14,248,184,55,246,169,29,246,239,82,164,169,84,246,180,29,245,250,73,183,253,88,248,228,88,165,250,92,177,236,78,250,169,12,250,169,16,231,169,89,185,131,29,246,169,29,246,169,29,246,230,91,176,250,88,162,250,102,191,212,29,235,169,94,163,251,13,220,169,29,246,169,29,246,169,29,191,239,29,191,169,3,246,184,29,162,225,88,184,131,29,246,169,
29,246,169,29,246,169,29,246,169,94,163,251,13,246,180,29,181,252,79,230,169,22,246,161,89,191,228,78,141,224,96,248,239,79,183,228,88,158,169,22,246,237,84,187,250,102,191,169,16,246,184,96,248,239,79,183,228,88,158,169,22,246,187,13,255,169,18,246,161,15,246,163,29,166,249,78,230,160,55,246,169,29,246,169,29,246,169,88,184,237,55,246,169,29,246,236,83,178,131,55,
246,169,29,246,239,82,164,169,84,184,237,88,174,165,29,187,236,78,165,232,90,179,205,92,162,232,29,191,231,29,191,249,92,191,251,78,254,250,73,183,253,88,248,228,88,165,250,92,177,236,78,255,169,89,185,131,29,246,169,29,246,169,29,246,229,82,181,232,81,246,224,78,152,236,74,179,250,73,246,180,29,254,224,83,178,236,69,246,180,0,246,170,78,162,232,73,179,167,80,179,
250,78,183,238,88,165,160,55,246,169,29,246,169,29,246,169,81,185,234,92,186,169,89,246,169,29,246,169,29,246,169,0,246,237,84,187,250,102,191,231,89,179,241,96,220,169,29,246,169,29,246,169,29,186,230,94,183,229,29,177,252,84,158,169,29,246,169,29,235,169,89,248,239,79,183,228,88,158,169,22,246,188,29,253,169,21,191,250,115,179,254,88,165,253,29,183,231,89,246,184,
15,246,230,79,246,185,20,220,169,29,246,169,29,246,169,29,186,230,94,183,229,29,177,252,84,129,169,29,246,169,29,235,169,89,248,239,79,183,228,88,129,169,22,246,177,55,220,169,29,246,169,29,246,169,29,186,230,94,183,229,29,180,252,95,180,229,88,145,252,84,246,180,29,159,231,78,162,232,83,181,236,19,184,236,74,254,171,127,191,229,81,180,230,92,164,237,122,163,224,31,
255,131,29,246,169,29,246,169,29,246,235,72,180,235,81,179,206,72,191,167,115,183,228,88,246,169,29,246,169,29,246,169,0,246,171,105,231,177,117,179,232,89,149,225,92,162,203,72,180,235,81,179,171,55,246,169,29,246,169,29,246,169,95,163,235,95,186,236,122,163,224,19,151,237,82,164,231,88,179,169,29,246,169,29,235,169,78,162,232,73,179,167,85,179,232,89,220,169,29,246,
169,29,246,169,29,180,252,95,180,229,88,145,252,84,248,200,81,161,232,68,165,198,83,130,230,77,246,180,29,162,251,72,179,131,29,246,169,29,246,169,29,246,235,72,180,235,81,179,206,72,191,167,110,191,243,88,246,169,29,246,169,29,246,169,0,246,220,121,191,228,15,248,231,88,161,161,13,250,169,90,163,224,106,250,169,13,250,169,90,163,224,117,255,131,29,246,169,29,246,169,
29,246,235,72,180,235,81,179,206,72,191,167,110,162,252,89,165,198,91,176,250,88,162,169,0,246,223,88,181,253,82,164,186,19,184,236,74,254,185,17,246,230,91,176,250,88,162,250,102,191,231,89,179,241,96,250,169,13,255,131,29,246,169,29,246,169,29,246,235,72,180,235,81,179,206,72,191,167,109,183,251,88,184,253,29,246,169,29,246,169,0,246,218,94,164,236,88,184,206,72,
191,131,55,246,169,29,246,169,29,246,169,84,176,169,84,165,199,88,161,236,78,162,169,73,190,236,83,220,169,29,246,169,29,246,169,29,246,169,29,246,164,16,246,81,154,15,13,229,102,80,183,15,13,7,246,80,184,14,56,229,126,81,132,246,80,184,14,38,228,94,80,172,14,56,29,15,12,229,121,80,181,15,24,229,103,169,9,227,75,141,246,81,147,15,13,228,87,169,229,113,
80,185,14,44,229,97,81,154,14,56,55,246,169,29,246,169,29,246,169,29,246,169,29,186,230,94,183,229,29,162,232,84,186,169,0,246,192,83,165,253,92,184,234,88,248,231,88,161,161,31,144,251,92,187,236,31,255,131,29,246,169,29,246,169,29,246,169,29,246,169,73,183,224,81,248,199,92,187,236,29,246,169,29,246,169,29,246,169,29,246,169,29,246,169,29,246,169,29,235,169,
31,148,252,95,180,229,88,130,232,84,186,171,55,246,169,29,246,169,29,246,169,29,246,169,29,162,232,84,186,167,124,184,234,85,185,251,109,185,224,83,162,169,29,246,169,29,246,169,29,246,169,29,246,180,29,128,236,94,162,230,79,228,167,83,179,254,21,230,167,8,250,169,13,248,188,20,246,169,29,251,164,29,15,12,229,123,80,181,14,56,29,14,46,228,82,81,146,15,1,229,
103,81,154,15,15,29,15,8,228,92,169,229,113,80,185,15,12,228,80,81,151,14,60,228,87,131,29,246,169,29,246,169,29,246,169,29,246,169,73,183,224,81,248,218,84,172,236,29,246,169,29,246,169,29,246,169,29,246,169,29,246,169,29,246,169,29,235,169,104,146,224,80,228,167,83,179,254,21,230,165,29,231,189,17,246,185,17,246,184,9,255,131,29,246,169,29,246,169,29,246,
169,29,246,169,16,251,169,229,113,80,185,15,12,228,80,81,151,14,60,228,87,169,228,92,80,190,15,1,228,80,169,229,111,80,187,14,38,29,15,11,229,113,81,132,246,81,154,15,13,228,87,81,140,15,3,228,83,169,228,83,81,149,14,46,229,98,81,140,14,32,29,52,15,175,246,81,154,15,13,228,80,81,136,15,8,29,14,46,228,82,81,132,15,13,228,94,80,183,246,80,
183,14,35,229,120,80,188,15,0,29,14,39,228,82,80,188,246,81,154,15,13,228,87,81,140,15,3,228,83,131,29,246,169,29,246,169,29,246,169,29,246,169,73,183,224,81,248,217,82,165,224,73,191,230,83,246,169,29,246,169,29,246,169,29,246,169,29,246,169,29,235,169,104,146,224,80,228,167,83,179,254,21,230,167,8,250,169,13,250,169,13,250,169,89,248,239,79,183,228,88,
158,169,22,246,184,20,220,169,29,246,169,29,246,169,29,246,169,29,246,253,92,191,229,19,148,232,94,189,238,79,185,252,83,178,202,82,186,230,79,229,169,29,246,169,29,246,169,0,246,202,82,186,230,79,229,167,91,164,230,80,132,206,127,254,187,9,230,165,29,228,189,13,250,169,15,226,185,20,246,169,16,251,169,228,83,81,138,14,46,229,126,80,191,246,80,185,15,9,29,177,
251,92,178,224,88,184,253,29,180,230,73,162,230,80,220,169,29,246,169,29,246,169,29,246,169,29,246,253,92,191,229,19,148,232,94,189,238,79,185,252,83,178,221,79,183,231,78,166,232,79,179,231,94,175,169,0,246,184,55,246,169,29,246,169,29,246,169,29,246,169,29,162,232,84,186,167,127,185,251,89,179,251,110,191,243,88,134,224,69,179,229,29,246,169,29,246,169,29,246,180,
29,230,131,29,246,169,29,246,169,29,246,169,29,246,169,73,183,224,81,248,219,82,162,232,73,191,230,83,246,169,29,246,169,29,246,169,29,246,169,29,246,169,29,235,169,9,227,131,29,246,169,29,246,169,29,246,169,29,246,169,73,183,224,81,248,211,116,184,237,88,174,169,29,246,169,29,246,169,29,246,169,29,246,169,29,246,169,29,235,169,12,246,169,29,251,164,29,14,39,228,
82,80,188,246,81,154,15,13,228,87,81,140,15,3,228,83,169,21,140,192,83,178,236,69,246,187,20,220,169,29,246,169,29,246,169,29,246,169,29,246,253,92,191,229,19,134,232,79,179,231,73,246,169,29,246,169,29,246,169,29,246,169,29,246,169,29,246,169,0,246,235,72,180,235,81,179,206,72,191,131,29,246,169,29,246,169,29,246,169,29,246,169,80,183,226,88,149,230,79,184,
236,79,254,253,92,191,229,17,246,187,20,220,131,29,246,169,29,246,169,29,246,169,29,246,169,16,251,169,229,108,81,138,14,46,229,119,169,229,113,80,185,15,1,229,99,80,185,14,32,7,246,80,183,14,39,228,87,80,183,246,81,147,14,62,29,14,46,228,82,80,189,246,220,116,133,253,79,185,226,88,246,81,132,15,15,229,121,169,228,80,80,191,14,62,229,127,169,229,113,80,
185,14,46,229,124,81,136,14,46,228,82,131,29,246,169,29,246,169,29,246,169,29,246,169,81,185,234,92,186,169,78,179,232,80,149,230,75,179,251,29,235,169,116,184,250,73,183,231,94,179,167,83,179,254,21,244,207,79,183,228,88,244,160,55,246,169,29,246,169,29,246,169,29,246,169,29,165,236,92,187,202,82,160,236,79,248,199,92,187,236,29,246,169,29,246,169,29,246,169,29,
246,169,29,246,169,29,246,169,29,235,169,31,130,232,84,186,218,88,183,228,31,220,169,29,246,169,29,246,169,29,246,169,29,246,250,88,183,228,126,185,255,88,164,167,124,184,234,85,185,251,109,185,224,83,162,169,29,246,169,29,246,169,29,246,169,29,246,180,29,128,236,94,162,230,79,228,167,83,179,254,21,230,167,8,250,169,13,255,131,29,246,169,29,246,169,29,246,169,29,246,
169,78,179,232,80,149,230,75,179,251,19,133,224,71,179,169,29,246,169,29,246,169,29,246,169,29,246,169,29,246,169,29,246,169,0,246,220,121,191,228,15,248,231,88,161,161,13,250,169,12,229,165,29,230,165,29,227,160,55,246,169,29,246,169,29,246,169,29,246,169,29,165,236,92,187,202,82,160,236,79,248,217,82,165,224,73,191,230,83,246,169,29,246,169,29,246,169,29,246,169,
29,246,169,29,235,169,104,146,224,80,228,167,83,179,254,21,230,167,8,250,169,13,250,169,13,250,169,89,248,239,79,183,228,88,158,169,16,246,187,20,220,169,29,246,169,29,246,169,29,246,169,29,246,250,88,183,228,126,185,255,88,164,167,127,183,234,86,177,251,82,163,231,89,149,230,81,185,251,14,246,169,29,246,169,29,246,180,29,149,230,81,185,251,14,248,239,79,185,228,111,
145,203,21,228,189,13,250,169,15,226,185,17,246,187,9,230,160,55,246,169,29,246,169,29,246,169,29,246,169,29,165,236,92,187,202,82,160,236,79,248,203,92,181,226,90,164,230,72,184,237,105,164,232,83,165,249,92,164,236,83,181,240,29,235,169,12,220,169,29,246,169,29,246,169,29,246,169,29,246,250,88,183,228,126,185,255,88,164,167,127,185,251,89,179,251,110,191,243,88,134,
224,69,179,229,29,246,169,29,246,169,29,246,180,29,230,131,29,246,169,29,246,169,29,246,169,29,246,169,78,179,232,80,149,230,75,179,251,19,140,192,83,178,236,69,246,169,29,246,169,29,246,169,29,246,169,29,246,169,29,246,169,0,246,186,29,246,169,16,251,169,228,87,80,181,15,11,29,14,46,228,82,80,188,14,56,228,92,80,184,246,80,181,14,46,228,82,81,141,15,3,
228,82,169,228,85,80,185,15,3,228,81,80,184,14,46,55,246,169,29,246,169,29,246,169,29,246,169,29,165,236,92,187,202,82,160,236,79,248,217,92,164,236,83,162,169,29,246,169,29,246,169,29,246,169,29,246,169,29,246,169,29,235,169,95,163,235,95,186,236,122,163,224,55,220,169,29,246,169,29,246,169,29,246,169,29,246,224,91,246,231,82,162,169,84,165,205,84,165,253,117,
191,237,89,179,231,29,162,225,88,184,131,29,246,169,29,246,169,29,246,169,29,246,169,29,246,169,29,130,254,88,179,231,110,179,251,75,191,234,88,236,202,79,179,232,73,179,161,73,183,224,81,250,131,29,246,169,29,246,169,29,246,169,29,246,169,29,246,169,29,246,169,29,246,221,74,179,236,83,159,231,91,185,167,83,179,254,21,230,167,12,224,165,29,147,231,72,187,167,120,183,
250,84,184,238,110,162,240,81,179,167,108,163,232,89,250,169,120,184,252,80,248,204,92,165,224,83,177,205,84,164,236,94,162,224,82,184,167,114,163,253,20,250,131,29,246,169,29,246,169,29,246,169,29,246,169,29,246,169,29,246,169,29,246,242,29,148,232,94,189,238,79,185,252,83,178,221,79,183,231,78,166,232,79,179,231,94,175,169,0,246,185,19,230,187,29,171,160,7,134,229,
92,175,161,20,220,169,29,246,169,29,246,169,29,246,169,29,246,169,29,246,169,105,161,236,88,184,218,88,164,255,84,181,236,7,149,251,88,183,253,88,254,250,88,183,228,126,185,255,88,164,165,55,246,169,29,246,169,29,246,169,29,246,169,29,246,169,29,246,169,29,246,169,105,161,236,88,184,192,83,176,230,19,184,236,74,254,185,19,231,191,17,246,204,83,163,228,19,147,232,78,
191,231,90,133,253,68,186,236,19,135,252,92,178,165,29,147,231,72,187,167,120,183,250,84,184,238,121,191,251,88,181,253,84,185,231,19,153,252,73,255,165,55,246,169,29,246,169,29,246,169,29,246,169,29,246,169,29,246,169,29,246,169,70,246,203,92,181,226,90,164,230,72,184,237,105,164,232,83,165,249,92,164,236,83,181,240,29,235,169,13,248,185,15,246,244,20,236,217,81,183,
240,21,255,131,29,246,169,29,246,169,29,246,169,29,246,169,88,184,237,55,246,169,29,246,169,29,246,169,88,184,237,55,220,169,29,246,169,29,246,169,29,186,230,94,183,229,29,180,252,95,180,229,88,144,251,92,187,236,29,235,169,116,184,250,73,183,231,94,179,167,83,179,254,21,244,207,79,183,228,88,244,160,55,246,169,29,246,169,29,246,169,95,163,235,95,186,236,123,164,232,
80,179,167,115,183,228,88,246,169,29,246,169,29,246,169,29,246,169,29,246,169,29,246,169,29,246,180,29,244,203,72,180,235,81,179,207,79,183,228,88,244,131,29,246,169,29,246,169,29,246,235,72,180,235,81,179,207,79,183,228,88,248,200,83,181,225,82,164,217,82,191,231,73,246,169,29,246,169,29,246,169,29,246,169,29,235,169,107,179,234,73,185,251,15,248,231,88,161,161,13,
248,188,17,246,185,20,220,169,29,246,169,29,246,169,29,180,252,95,180,229,88,144,251,92,187,236,19,133,224,71,179,169,29,246,169,29,246,169,29,246,169,29,246,169,29,246,169,29,246,169,0,246,220,121,191,228,15,248,231,88,161,161,13,250,169,89,248,239,79,183,228,88,129,165,29,230,165,29,178,167,91,164,232,80,179,193,20,220,169,29,246,169,29,246,169,29,180,252,95,180,
229,88,144,251,92,187,236,19,134,230,78,191,253,84,185,231,29,246,169,29,246,169,29,246,169,29,246,169,29,246,169,0,246,220,121,191,228,15,248,231,88,161,161,13,248,188,17,246,185,17,246,185,17,246,185,20,220,169,29,246,169,29,246,169,29,180,252,95,180,229,88,144,251,92,187,236,19,148,232,94,189,238,79,185,252,83,178,202,82,186,230,79,229,169,29,246,169,29,246,169,
0,246,202,82,186,230,79,229,167,91,164,230,80,132,206,127,254,187,8,227,165,29,228,188,8,250,169,15,227,188,20,220,169,29,246,169,29,246,169,29,180,252,95,180,229,88,144,251,92,187,236,19,148,232,94,189,238,79,185,252,83,178,221,79,183,231,78,166,232,79,179,231,94,175,169,0,246,184,55,246,169,29,246,169,29,246,169,95,163,235,95,186,236,123,164,232,80,179,167,127,
185,251,89,179,251,110,191,243,88,134,224,69,179,229,29,246,169,29,246,169,29,246,180,29,230,131,29,246,169,29,246,169,29,246,235,72,180,235,81,179,207,79,183,228,88,248,211,116,184,237,88,174,169,29,246,169,29,246,169,29,246,169,29,246,169,29,246,169,29,235,169,15,220,169,29,246,169,29,246,169,29,180,252,95,180,229,88,144,251,92,187,236,19,134,232,79,179,231,73,246,
169,29,246,169,29,246,169,29,246,169,29,246,169,29,246,169,0,246,235,72,180,235,81,179,206,72,191,131,29,246,169,29,246,169,29,246,228,92,189,236,126,185,251,83,179,251,21,180,252,95,180,229,88,144,251,92,187,236,17,246,184,11,255,131,29,246,169,29,246,169,29,246,228,92,189,236,110,162,251,82,189,236,21,180,252,95,180,229,88,144,251,92,187,236,17,246,202,82,186,230,
79,229,167,91,164,230,80,132,206,127,254,187,13,230,165,29,228,185,13,250,169,15,230,185,20,250,169,12,248,187,17,246,185,19,230,177,20,220,131,29,246,169,29,246,169,29,246,229,82,181,232,81,246,238,79,183,237,84,179,231,73,246,180,29,159,231,78,162,232,83,181,236,19,184,236,74,254,171,104,159,206,79,183,237,84,179,231,73,244,160,55,246,169,29,246,169,29,246,169,90,
164,232,89,191,236,83,162,167,126,185,229,82,164,169,0,246,202,82,186,230,79,133,236,76,163,236,83,181,236,19,184,236,74,254,242,55,246,169,29,246,169,29,246,169,29,246,169,29,149,230,81,185,251,110,179,248,72,179,231,94,179,194,88,175,249,82,191,231,73,248,231,88,161,161,13,250,169,126,185,229,82,164,186,19,176,251,82,187,219,122,148,161,15,227,188,17,246,187,8,227,
165,29,228,188,8,255,160,17,220,169,29,246,169,29,246,169,29,246,169,29,246,202,82,186,230,79,133,236,76,163,236,83,181,236,118,179,240,77,185,224,83,162,167,83,179,254,21,231,165,29,149,230,81,185,251,14,248,239,79,185,228,111,145,203,21,228,189,13,250,169,15,226,185,17,246,187,9,230,160,20,250,131,29,246,169,29,246,169,29,246,244,20,220,169,29,246,169,29,246,169,
29,177,251,92,178,224,88,184,253,19,132,230,73,183,253,84,185,231,29,235,169,4,230,131,29,246,169,29,246,169,29,246,238,79,183,237,84,179,231,73,248,217,92,164,236,83,162,169,29,246,180,29,180,252,95,180,229,88,144,251,92,187,236,55,220,169,29,246,169,29,246,169,29,186,230,94,183,229,29,163,224,110,181,232,81,179,169,0,246,192,83,165,253,92,184,234,88,248,231,88,
161,161,31,131,192,110,181,232,81,179,171,20,220,169,29,246,169,29,246,169,29,163,224,110,181,232,81,179,167,110,181,232,81,179,169,29,235,169,21,191,250,115,179,254,88,165,253,29,183,231,89,246,231,82,162,169,84,165,205,84,165,253,117,191,237,89,179,231,20,246,232,83,178,169,13,248,190,8,246,230,79,246,184,19,230,131,29,246,169,29,246,169,29,246,252,84,133,234,92,186,
236,19,134,232,79,179,231,73,246,180,29,180,252,95,180,229,88,144,251,92,187,236,55,220,169,29,246,169,29,246,169,29,186,230,94,183,229,29,162,236,69,162,193,109,183,237,29,246,169,0,246,214,105,231,177,127,149,167,85,134,232,89,246,164,29,226,131,29,246,169,29,246,169,29,246,229,82,181,232,81,246,235,72,180,235,81,179,221,88,174,253,29,235,169,116,184,250,73,183,231,
94,179,167,83,179,254,21,244,221,88,174,253,113,183,235,88,186,171,20,220,169,29,246,169,29,246,169,29,180,252,95,180,229,88,130,236,69,162,167,115,183,228,88,246,169,29,246,169,29,246,169,29,246,169,29,246,169,29,235,169,31,148,252,95,180,229,88,130,236,69,162,171,55,246,169,29,246,169,29,246,169,95,163,235,95,186,236,105,179,241,73,248,218,84,172,236,29,246,169,29,
246,169,29,246,169,29,246,169,29,246,169,0,246,220,121,191,228,15,248,231,88,161,161,12,250,169,16,162,236,69,162,193,109,183,237,17,246,184,17,246,164,5,255,131,29,246,169,29,246,169,29,246,235,72,180,235,81,179,221,88,174,253,19,134,230,78,191,253,84,185,231,29,246,169,29,246,169,29,246,169,29,246,180,29,131,205,84,187,187,19,184,236,74,254,185,17,246,253,88,174,
253,117,134,232,89,246,166,29,228,165,29,230,165,29,226,160,55,246,169,29,246,169,29,246,169,95,163,235,95,186,236,105,179,241,73,248,203,92,181,226,90,164,230,72,184,237,105,164,232,83,165,249,92,164,236,83,181,240,29,235,169,12,220,169,29,246,169,29,246,169,29,180,252,95,180,229,88,130,236,69,162,167,105,179,241,73,246,169,29,246,169,29,246,169,29,246,169,29,246,169,
29,235,169,80,179,250,78,183,238,88,146,232,73,183,167,73,179,241,73,220,169,29,246,169,29,246,169,29,180,252,95,180,229,88,130,236,69,162,167,105,179,241,73,149,230,81,185,251,14,246,169,29,246,169,29,246,169,29,235,169,126,185,229,82,164,186,19,176,251,82,187,219,122,148,161,14,230,165,29,229,185,17,246,186,13,255,131,29,246,169,29,246,169,29,246,235,72,180,235,81,
179,221,88,174,253,19,130,236,69,162,221,79,183,231,78,166,232,79,179,231,94,175,169,29,246,180,29,231,131,29,246,169,29,246,169,29,246,235,72,180,235,81,179,221,88,174,253,19,130,236,69,162,222,79,183,249,77,179,237,29,246,169,29,246,169,29,246,180,29,162,251,72,179,131,29,246,169,29,246,169,29,246,235,72,180,235,81,179,221,88,174,253,19,130,236,69,162,209,124,186,
224,90,184,228,88,184,253,29,246,169,29,246,180,29,147,231,72,187,167,105,179,241,73,142,200,81,191,238,83,187,236,83,162,167,126,179,231,73,179,251,55,246,169,29,246,169,29,246,169,95,163,235,95,186,236,105,179,241,73,248,221,88,174,253,100,151,229,84,177,231,80,179,231,73,246,169,29,246,169,0,246,204,83,163,228,19,130,236,69,162,208,124,186,224,90,184,228,88,184,253,
19,149,236,83,162,236,79,220,169,29,246,169,29,246,169,29,180,252,95,180,229,88,130,236,69,162,167,123,185,231,73,246,169,29,246,169,29,246,169,29,246,169,29,246,169,29,235,169,98,130,184,5,148,202,19,176,230,83,162,131,29,246,169,29,246,169,29,246,235,72,180,235,81,179,221,88,174,253,19,130,236,69,162,218,84,172,236,29,246,169,29,246,169,29,246,169,29,246,180,29,
137,221,12,238,203,126,248,239,82,184,253,110,191,243,88,220,169,29,246,169,29,246,169,29,180,252,95,180,229,88,130,236,69,162,167,103,159,231,89,179,241,29,246,169,29,246,169,29,246,169,29,246,169,29,235,169,14,220,169,29,246,169,29,246,169,29,180,252,95,180,229,88,130,236,69,162,167,109,183,251,88,184,253,29,246,169,29,246,169,29,246,169,29,246,169,29,235,169,95,163,
235,95,186,236,123,164,232,80,179,131,55,246,169,29,246,169,29,246,169,84,176,169,83,185,253,29,191,250,121,191,250,73,158,224,89,178,236,83,246,253,85,179,231,55,246,169,29,246,169,29,246,169,29,246,169,29,191,239,29,191,250,115,179,254,88,165,253,29,162,225,88,184,131,29,246,169,29,246,169,29,246,169,29,246,169,29,246,169,29,130,254,88,179,231,110,179,251,75,191,234,
88,236,202,79,179,232,73,179,161,72,191,218,94,183,229,88,250,131,29,246,169,29,246,169,29,246,169,29,246,169,29,246,169,29,246,169,29,246,221,74,179,236,83,159,231,91,185,167,83,179,254,21,230,167,15,224,165,29,147,231,72,187,167,120,183,250,84,184,238,110,162,240,81,179,167,127,183,234,86,250,169,120,184,252,80,248,204,92,165,224,83,177,205,84,164,236,94,162,224,82,
184,167,114,163,253,20,250,131,29,246,169,29,246,169,29,246,169,29,246,169,29,246,169,29,246,169,29,246,242,29,133,234,92,186,236,29,235,169,12,248,185,29,171,160,7,134,229,92,175,161,20,220,169,29,246,169,29,246,169,29,246,169,29,246,169,29,246,169,105,161,236,88,184,218,88,164,255,84,181,236,7,149,251,88,183,253,88,254,235,72,180,235,81,179,207,79,183,228,88,250,
131,29,246,169,29,246,169,29,246,169,29,246,169,29,246,169,29,246,169,29,246,221,74,179,236,83,159,231,91,185,167,83,179,254,21,230,167,12,224,165,29,147,231,72,187,167,120,183,250,84,184,238,110,162,240,81,179,167,108,163,232,89,250,169,120,184,252,80,248,204,92,165,224,83,177,205,84,164,236,94,162,224,82,184,167,114,163,253,20,250,131,29,246,169,29,246,169,29,246,169,
29,246,169,29,246,169,29,246,169,29,246,242,29,148,232,94,189,238,79,185,252,83,178,221,79,183,231,78,166,232,79,179,231,94,175,169,0,246,185,19,230,187,29,171,160,7,134,229,92,175,161,20,220,169,29,246,169,29,246,169,29,246,169,29,246,169,29,246,169,105,161,236,88,184,218,88,164,255,84,181,236,7,149,251,88,183,253,88,254,235,72,180,235,81,179,221,88,174,253,17,
220,169,29,246,169,29,246,169,29,246,169,29,246,169,29,246,169,29,246,169,29,130,254,88,179,231,116,184,239,82,248,231,88,161,161,13,248,187,15,250,169,120,184,252,80,248,204,92,165,224,83,177,218,73,175,229,88,248,216,72,183,237,17,246,204,83,163,228,19,147,232,78,191,231,90,146,224,79,179,234,73,191,230,83,248,198,72,162,160,17,220,169,29,246,169,29,246,169,29,246,
169,29,246,169,29,246,169,29,246,169,29,173,169,105,179,241,73,130,251,92,184,250,77,183,251,88,184,234,68,246,180,29,230,169,64,255,179,109,186,232,68,254,160,55,246,169,29,246,169,29,246,169,29,246,169,29,179,229,78,179,131,29,246,169,29,246,169,29,246,169,29,246,169,29,246,169,29,180,252,95,180,229,88,144,251,92,187,236,19,148,232,94,189,238,79,185,252,83,178,221,
79,183,231,78,166,232,79,179,231,94,175,169,0,246,185,19,230,187,55,246,169,29,246,169,29,246,169,29,246,169,29,246,169,29,246,235,72,180,235,81,179,221,88,174,253,19,130,236,69,162,221,79,183,231,78,166,232,79,179,231,94,175,169,29,246,169,29,246,169,29,235,169,13,220,169,29,246,169,29,246,169,29,246,169,29,246,236,83,178,131,29,246,169,29,246,169,29,246,236,83,
178,131,55,246,169,29,246,169,29,246,169,73,183,235,81,179,167,84,184,250,88,164,253,21,165,253,92,162,236,19,177,252,84,165,165,29,246,235,72,180,235,81,179,206,72,191,160,55,246,169,29,246,169,29,246,169,73,183,235,81,179,167,84,184,250,88,164,253,21,165,253,92,162,236,19,137,237,84,187,250,17,246,237,19,176,251,92,187,236,117,255,131,29,246,169,29,179,231,89,220,
236,83,178,131,55,176,252,83,181,253,84,185,231,29,133,225,82,161,202,85,183,253,127,163,235,95,186,236,124,180,230,75,179,193,88,183,237,21,176,251,82,187,220,78,179,251,116,178,165,29,176,251,82,187,199,92,187,236,17,246,228,88,165,250,92,177,236,105,179,241,73,255,131,29,246,169,29,166,234,92,186,229,21,176,252,83,181,253,84,185,231,21,255,131,29,246,169,29,246,169,
29,246,224,91,246,231,82,162,169,105,231,177,111,163,231,73,191,228,88,151,229,84,160,236,21,255,169,73,190,236,83,246,251,88,162,252,79,184,169,88,184,237,55,220,169,29,246,169,29,246,169,29,186,230,94,183,229,29,181,229,88,183,231,105,179,241,73,246,180,29,162,230,78,162,251,84,184,238,21,187,236,78,165,232,90,179,221,88,174,253,29,185,251,29,244,171,20,220,169,29,
246,169,29,246,169,29,181,229,88,183,231,105,179,241,73,246,180,29,181,229,88,183,231,105,179,241,73,236,238,78,163,235,21,244,210,97,164,213,83,139,171,17,246,171,29,244,160,55,246,169,29,246,169,29,246,169,94,186,236,92,184,221,88,174,253,29,235,169,94,186,236,92,184,221,88,174,253,7,177,250,72,180,161,31,243,250,22,244,165,29,244,169,31,255,131,29,246,169,29,246,
169,29,246,234,81,179,232,83,130,236,69,162,169,0,246,234,81,179,232,83,130,236,69,162,179,90,165,252,95,254,171,99,243,250,22,244,165,29,244,171,20,220,169,29,246,169,29,246,169,29,181,229,88,183,231,105,179,241,73,246,180,29,181,229,88,183,231,105,179,241,73,236,238,78,163,235,21,244,172,78,253,173,31,250,169,31,244,160,55,246,169,29,246,169,29,246,169,94,186,236,
92,184,221,88,174,253,29,235,169,94,186,236,92,184,221,88,174,253,7,177,250,72,180,161,31,136,172,102,243,210,105,231,177,126,154,219,7,243,237,22,250,172,89,253,165,24,178,162,24,139,172,96,244,165,29,244,171,20,220,169,29,246,169,29,246,169,29,191,239,29,245,234,81,179,232,83,130,236,69,162,169,0,235,169,13,246,253,85,179,231,29,164,236,73,163,251,83,246,236,83,
178,131,29,246,169,29,246,169,29,246,224,91,246,170,94,186,236,92,184,221,88,174,253,29,232,169,12,228,185,29,162,225,88,184,169,94,186,236,92,184,221,88,174,253,29,235,169,94,186,236,92,184,221,88,174,253,7,165,252,95,254,184,17,246,184,15,230,160,29,179,231,89,220,131,29,246,169,29,246,169,29,246,229,82,181,232,81,246,250,77,179,232,86,179,251,29,246,169,29,246,
169,29,235,169,83,191,229,55,246,169,29,246,169,29,246,169,81,185,234,92,186,169,83,163,228,88,164,224,94,131,250,88,164,192,89,246,180,29,162,230,83,163,228,95,179,251,21,176,251,82,187,220,78,179,251,116,178,160,55,246,169,29,246,169,29,246,169,91,185,251,29,137,165,29,166,229,92,175,236,79,246,224,83,246,224,77,183,224,79,165,161,109,186,232,68,179,251,78,236,206,
88,162,217,81,183,240,88,164,250,21,255,160,29,178,230,55,246,169,29,246,169,29,246,169,29,246,169,29,191,239,29,254,231,72,187,236,79,191,234,104,165,236,79,159,237,29,183,231,89,246,231,72,187,236,79,191,234,104,165,236,79,159,237,29,232,169,13,246,232,83,178,169,77,186,232,68,179,251,19,131,250,88,164,192,89,246,180,0,246,231,72,187,236,79,191,234,104,165,236,79,
159,237,20,220,169,29,246,169,29,246,169,29,246,169,29,246,169,29,246,169,82,164,169,77,186,232,68,179,251,19,152,232,80,179,169,0,235,169,91,164,230,80,152,232,80,179,169,73,190,236,83,220,169,29,246,169,29,246,169,29,246,169,29,246,169,29,246,169,78,166,236,92,189,236,79,246,180,29,166,229,92,175,236,79,237,169,95,164,236,92,189,131,29,246,169,29,246,169,29,246,
169,29,246,169,88,184,237,55,246,169,29,246,169,29,246,169,88,184,237,55,220,169,29,246,169,29,246,169,29,186,230,94,183,229,29,181,225,92,164,232,94,162,236,79,246,180,29,165,249,88,183,226,88,164,169,92,184,237,29,165,249,88,183,226,88,164,167,126,190,232,79,183,234,73,179,251,55,246,169,29,246,169,29,246,169,81,185,234,92,186,169,85,179,232,89,246,169,29,246,169,
29,235,169,94,190,232,79,183,234,73,179,251,29,183,231,89,246,234,85,183,251,92,181,253,88,164,179,123,191,231,89,144,224,79,165,253,126,190,224,81,178,161,31,158,236,92,178,171,20,220,169,29,246,169,29,246,169,29,191,239,29,184,230,73,246,225,88,183,237,29,162,225,88,184,169,79,179,253,72,164,231,29,179,231,89,220,131,29,246,169,29,246,169,29,246,229,82,181,232,81,
246,250,77,179,232,86,179,251,118,179,240,29,235,169,122,179,253,117,179,232,89,149,225,92,162,203,72,180,235,81,179,218,77,179,232,86,179,251,118,179,240,21,184,252,80,179,251,84,181,220,78,179,251,116,178,169,82,164,169,13,250,169,91,164,230,80,152,232,80,179,160,55,246,169,29,246,169,29,246,169,84,176,169,83,185,253,29,158,236,92,178,202,85,183,253,127,163,235,95,186,
236,110,162,232,73,179,210,78,166,236,92,189,236,79,157,236,68,139,169,73,190,236,83,220,169,29,246,169,29,246,169,29,246,169,29,246,193,88,183,237,126,190,232,73,148,252,95,180,229,88,133,253,92,162,236,102,165,249,88,183,226,88,164,194,88,175,212,29,235,169,70,246,225,88,183,237,29,235,169,85,179,232,89,250,169,80,179,250,78,183,238,88,165,169,0,246,242,64,250,169,
90,163,224,78,246,180,29,173,244,29,171,131,29,246,169,29,246,169,29,246,236,83,178,131,55,246,169,29,246,169,29,246,169,81,185,234,92,186,169,78,162,232,73,179,169,29,246,169,29,246,169,29,246,169,29,235,169,117,179,232,89,149,225,92,162,203,72,180,235,81,179,218,73,183,253,88,141,250,77,179,232,86,179,251,118,179,240,96,220,169,29,246,169,29,246,169,29,165,253,92,
162,236,19,190,236,92,178,169,29,246,169,29,246,169,29,246,169,29,246,180,29,190,236,92,178,131,29,246,169,29,246,169,29,246,193,88,183,237,126,190,232,73,148,252,95,180,229,88,155,236,78,165,232,90,179,192,89,246,180,29,158,236,92,178,202,85,183,253,127,163,235,95,186,236,112,179,250,78,183,238,88,159,237,29,253,169,12,220,169,29,246,169,29,246,169,29,186,230,94,183,
229,29,167,252,88,163,236,89,155,236,78,165,232,90,179,192,89,246,180,29,158,236,92,178,202,85,183,253,127,163,235,95,186,236,112,179,250,78,183,238,88,159,237,55,246,169,29,246,169,29,246,169,73,183,235,81,179,167,84,184,250,88,164,253,21,165,253,92,162,236,19,187,236,78,165,232,90,179,250,17,246,242,29,162,236,69,162,169,0,246,234,81,179,232,83,130,236,69,162,165,
29,191,237,29,235,169,76,163,236,72,179,237,112,179,250,78,183,238,88,159,237,29,171,160,55,220,169,29,246,169,29,246,169,29,191,239,29,245,250,73,183,253,88,248,228,88,165,250,92,177,236,78,246,183,29,229,169,73,190,236,83,220,169,29,246,169,29,246,169,29,246,169,29,246,253,92,180,229,88,248,251,88,187,230,75,179,161,78,162,232,73,179,167,80,179,250,78,183,238,88,
165,165,29,231,160,55,246,169,29,246,169,29,246,169,88,184,237,55,220,169,29,246,169,29,246,169,29,165,253,92,162,236,19,178,224,78,162,232,83,181,236,117,191,237,89,179,231,29,235,169,21,130,184,5,145,236,73,146,224,78,162,221,82,158,236,92,178,161,85,179,232,89,255,169,3,246,214,105,231,177,127,149,167,78,190,230,74,146,224,78,162,160,55,246,169,29,246,169,29,246,
169,111,179,231,89,179,251,117,179,232,89,149,225,92,162,203,72,180,235,81,179,218,73,183,234,86,254,250,77,179,232,86,179,251,118,179,240,20,220,131,29,246,169,29,246,169,29,246,164,16,246,180,0,235,180,0,246,81,144,15,13,228,84,81,148,246,80,184,14,56,229,113,80,191,14,33,229,127,169,229,113,80,185,15,12,229,101,81,154,15,8,229,127,169,0,235,180,0,235,131,
29,246,169,29,246,169,29,246,224,91,246,231,82,162,169,78,162,232,73,179,167,89,191,250,73,183,231,94,179,197,82,185,249,29,162,225,88,184,131,29,246,169,29,246,169,29,246,169,29,246,169,78,162,232,73,179,167,89,191,250,73,183,231,94,179,197,82,185,249,29,235,169,73,183,250,86,248,250,77,183,254,83,254,239,72,184,234,73,191,230,83,254,160,55,246,169,29,246,169,29,
246,169,29,246,169,29,246,169,29,246,229,82,181,232,81,246,253,78,246,180,29,177,232,80,179,179,122,179,253,110,179,251,75,191,234,88,254,171,105,161,236,88,184,218,88,164,255,84,181,236,31,255,131,55,246,169,29,246,169,29,246,169,29,246,169,29,246,169,29,246,229,82,181,232,81,246,239,72,184,234,73,191,230,83,246,232,77,166,229,68,144,232,89,179,192,83,254,250,20,220,
169,29,246,169,29,246,169,29,246,169,29,246,169,29,246,169,29,246,169,29,176,230,79,246,214,17,246,238,72,191,169,84,184,169,84,166,232,84,164,250,21,165,167,90,163,224,78,246,230,79,246,242,64,255,169,89,185,131,29,246,169,29,246,169,29,246,169,29,246,169,29,246,169,29,246,169,29,246,169,29,246,169,84,176,169,83,185,253,29,177,252,84,246,230,79,246,231,82,162,169,
90,163,224,19,134,232,79,179,231,73,246,253,85,179,231,29,181,230,83,162,224,83,163,236,29,179,231,89,220,169,29,246,169,29,246,169,29,246,169,29,246,169,29,246,169,29,246,169,29,246,169,29,246,229,82,181,232,81,246,239,79,183,228,88,246,180,29,177,252,84,236,207,84,184,237,123,191,251,78,162,202,85,191,229,89,254,171,127,163,235,95,186,236,123,164,232,80,179,171,20,
220,169,29,246,169,29,246,169,29,246,169,29,246,169,29,246,169,29,246,169,29,246,169,29,246,229,82,181,232,81,246,253,92,191,229,29,246,180,29,177,252,84,236,207,84,184,237,123,191,251,78,162,202,85,191,229,89,254,171,127,163,235,95,186,236,105,183,224,81,244,160,55,246,169,29,246,169,29,246,169,29,246,169,29,246,169,29,246,169,29,246,169,29,246,169,29,186,230,94,183,
229,29,165,234,92,186,236,29,235,169,91,164,232,80,179,169,92,184,237,29,176,251,92,187,236,7,144,224,83,178,207,84,164,250,73,149,225,84,186,237,114,176,202,81,183,250,78,254,171,104,159,218,94,183,229,88,244,160,55,246,169,29,246,169,29,246,169,29,246,169,29,246,169,29,246,169,29,246,169,29,246,169,29,186,230,94,183,229,29,162,241,73,246,169,29,235,169,91,164,232,
80,179,169,92,184,237,29,176,251,92,187,236,7,144,224,83,178,207,84,164,250,73,149,225,84,186,237,21,244,203,72,180,235,81,179,221,88,174,253,31,255,131,29,246,169,29,246,169,29,246,169,29,246,169,29,246,169,29,246,169,29,246,169,29,246,169,84,176,169,78,181,232,81,179,169,73,190,236,83,246,250,94,183,229,88,248,218,94,183,229,88,246,180,29,230,167,10,227,169,88,
184,237,55,246,169,29,246,169,29,246,169,29,246,169,29,246,169,29,246,169,29,246,169,29,246,169,29,191,239,29,165,234,92,186,236,29,162,225,88,184,169,73,165,179,126,164,236,92,162,236,21,165,234,92,186,236,17,246,221,74,179,236,83,159,231,91,185,167,83,179,254,21,230,167,15,224,165,29,147,231,72,187,167,120,183,250,84,184,238,110,162,240,81,179,167,127,183,234,86,250,
169,29,147,231,72,187,167,120,183,250,84,184,238,121,191,251,88,181,253,84,185,231,19,153,252,73,255,165,29,173,169,110,181,232,81,179,169,0,246,184,19,230,169,64,255,179,109,186,232,68,254,160,29,179,231,89,220,169,29,246,169,29,246,169,29,246,169,29,246,169,29,246,169,29,246,169,29,246,169,29,246,224,91,246,239,79,183,228,88,246,169,73,190,236,83,246,253,78,236,202,
79,179,232,73,179,161,91,164,232,80,179,165,29,130,254,88,179,231,116,184,239,82,248,231,88,161,161,13,248,184,11,250,169,120,184,252,80,248,204,92,165,224,83,177,218,73,175,229,88,248,216,72,183,237,17,246,204,83,163,228,19,147,232,78,191,231,90,146,224,79,179,234,73,191,230,83,248,198,72,162,160,17,246,242,29,148,232,94,189,238,79,185,252,83,178,221,79,183,231,78,
166,232,79,179,231,94,175,169,0,246,185,19,230,187,29,171,160,7,134,229,92,175,161,20,246,236,83,178,131,29,246,169,29,246,169,29,246,169,29,246,169,29,246,169,29,246,169,29,246,169,29,246,169,84,176,169,73,183,224,81,246,169,29,162,225,88,184,169,73,165,179,126,164,236,92,162,236,21,162,232,84,186,165,29,246,221,74,179,236,83,159,231,91,185,167,83,179,254,21,230,
167,12,224,165,29,147,231,72,187,167,120,183,250,84,184,238,110,162,240,81,179,167,108,163,232,89,250,169,120,184,252,80,248,204,92,165,224,83,177,205,84,164,236,94,162,224,82,184,167,114,163,253,20,250,169,70,246,203,92,181,226,90,164,230,72,184,237,105,164,232,83,165,249,92,164,236,83,181,240,29,235,169,13,248,185,15,246,244,20,236,217,81,183,240,21,255,169,88,184,237,
55,246,169,29,246,169,29,246,169,29,246,169,29,246,169,29,246,169,29,246,169,29,246,169,29,191,239,29,162,241,73,246,169,29,246,253,85,179,231,29,162,250,7,149,251,88,183,253,88,254,253,69,162,165,29,246,169,105,161,236,88,184,192,83,176,230,19,184,236,74,254,185,19,228,187,17,246,204,83,163,228,19,147,232,78,191,231,90,133,253,68,186,236,19,135,252,92,178,165,29,
147,231,72,187,167,120,183,250,84,184,238,121,191,251,88,181,253,84,185,231,19,153,252,73,255,165,29,173,169,105,179,241,73,130,251,92,184,250,77,183,251,88,184,234,68,246,180,29,230,169,64,255,179,109,186,232,68,254,160,29,179,231,89,220,169,29,246,169,29,246,169,29,246,169,29,246,169,29,246,169,29,246,169,29,179,231,89,220,169,29,246,169,29,246,169,29,246,169,29,246,
169,29,246,169,88,184,237,55,220,169,29,246,169,29,246,169,29,246,169,29,246,169,29,246,169,81,185,234,92,186,169,91,163,231,94,162,224,82,184,169,92,166,249,81,175,207,92,178,236,114,163,253,21,165,160,55,246,169,29,246,169,29,246,169,29,246,169,29,246,169,29,246,169,29,246,169,91,185,251,29,137,165,29,177,252,84,246,224,83,246,224,77,183,224,79,165,161,78,248,238,
72,191,250,29,185,251,29,173,244,20,246,237,82,220,169,29,246,169,29,246,169,29,246,169,29,246,169,29,246,169,29,246,169,29,246,169,29,246,224,91,246,231,82,162,169,90,163,224,29,185,251,29,184,230,73,246,238,72,191,167,109,183,251,88,184,253,29,162,225,88,184,169,94,185,231,73,191,231,72,179,169,88,184,237,55,246,169,29,246,169,29,246,169,29,246,169,29,246,169,29,
246,169,29,246,169,29,246,169,29,186,230,94,183,229,29,176,251,92,187,236,29,235,169,90,163,224,7,144,224,83,178,207,84,164,250,73,149,225,84,186,237,21,244,203,72,180,235,81,179,207,79,183,228,88,244,160,55,246,169,29,246,169,29,246,169,29,246,169,29,246,169,29,246,169,29,246,169,29,246,169,29,186,230,94,183,229,29,162,232,84,186,169,29,235,169,90,163,224,7,144,
224,83,178,207,84,164,250,73,149,225,84,186,237,21,244,203,72,180,235,81,179,221,92,191,229,31,255,131,29,246,169,29,246,169,29,246,169,29,246,169,29,246,169,29,246,169,29,246,169,29,246,169,81,185,234,92,186,169,73,174,253,29,246,169,0,246,239,79,183,228,88,246,232,83,178,169,91,164,232,80,179,179,123,191,231,89,144,224,79,165,253,126,190,224,81,178,161,31,148,252,
95,180,229,88,130,236,69,162,171,20,220,169,29,246,169,29,246,169,29,246,169,29,246,169,29,246,169,29,246,169,29,246,169,29,246,224,91,246,239,79,183,228,88,246,253,85,179,231,29,162,250,7,149,251,88,183,253,88,254,239,79,183,228,88,250,169,105,161,236,88,184,192,83,176,230,19,184,236,74,254,185,19,229,188,17,246,204,83,163,228,19,147,232,78,191,231,90,133,253,68,
186,236,19,135,252,92,178,165,29,147,231,72,187,167,120,183,250,84,184,238,121,191,251,88,181,253,84,185,231,19,153,252,73,255,165,29,173,169,127,183,234,86,177,251,82,163,231,89,130,251,92,184,250,77,183,251,88,184,234,68,246,180,29,231,169,64,255,179,109,186,232,68,254,160,29,179,231,89,220,169,29,246,169,29,246,169,29,246,169,29,246,169,29,246,169,29,246,169,29,246,
169,29,246,224,91,246,253,92,191,229,29,246,253,85,179,231,29,162,250,7,149,251,88,183,253,88,254,253,92,191,229,17,246,169,105,161,236,88,184,192,83,176,230,19,184,236,74,254,185,19,229,188,17,246,204,83,163,228,19,147,232,78,191,231,90,133,253,68,186,236,19,135,252,92,178,165,29,147,231,72,187,167,120,183,250,84,184,238,121,191,251,88,181,253,84,185,231,19,153,252,
73,255,165,29,173,169,127,183,234,86,177,251,82,163,231,89,130,251,92,184,250,77,183,251,88,184,234,68,246,180,29,231,169,64,255,179,109,186,232,68,254,160,29,179,231,89,220,169,29,246,169,29,246,169,29,246,169,29,246,169,29,246,169,29,246,169,29,246,169,29,246,224,91,246,253,69,162,169,29,246,253,85,179,231,29,162,250,7,149,251,88,183,253,88,254,253,69,162,165,29,
246,169,105,161,236,88,184,192,83,176,230,19,184,236,74,254,185,19,229,188,17,246,204,83,163,228,19,147,232,78,191,231,90,133,253,68,186,236,19,135,252,92,178,165,29,147,231,72,187,167,120,183,250,84,184,238,121,191,251,88,181,253,84,185,231,19,153,252,73,255,165,29,173,169,105,179,241,73,130,251,92,184,250,77,183,251,88,184,234,68,246,180,29,231,169,64,255,179,109,186,
232,68,254,160,29,179,231,89,220,169,29,246,169,29,246,169,29,246,169,29,246,169,29,246,169,29,246,169,29,179,231,89,220,169,29,246,169,29,246,169,29,246,169,29,246,169,29,246,169,88,184,237,55,220,169,29,246,169,29,246,169,29,246,169,29,246,169,29,246,169,74,190,224,81,179,169,105,231,177,111,163,231,73,191,228,88,151,229,84,160,236,21,255,169,89,185,131,29,246,169,
29,246,169,29,246,169,29,246,169,29,246,169,29,246,169,29,246,229,82,181,232,81,246,250,29,235,169,117,179,232,89,149,225,92,162,203,72,180,235,81,179,218,73,183,253,88,141,250,77,179,232,86,179,251,118,179,240,96,220,169,29,246,169,29,246,169,29,246,169,29,246,169,29,246,169,29,246,169,29,191,239,29,184,230,73,246,250,29,185,251,29,184,230,73,246,250,19,187,236,78,
165,232,90,179,250,29,185,251,29,245,250,19,187,236,78,165,232,90,179,250,29,235,180,29,230,169,73,190,236,83,246,235,79,179,232,86,246,236,83,178,131,29,246,169,29,246,169,29,246,169,29,246,169,29,246,169,29,246,169,29,246,229,82,181,232,81,246,237,84,165,253,29,246,169,29,246,169,0,246,221,12,238,206,88,162,205,84,165,253,105,185,193,88,183,237,21,165,167,85,179,
232,89,255,131,29,246,169,29,246,169,29,246,169,29,246,169,29,246,169,29,246,169,29,246,229,82,181,232,81,246,254,92,165,193,84,178,237,88,184,169,0,246,250,19,178,224,78,162,232,83,181,236,117,191,237,89,179,231,29,235,180,29,162,251,72,179,131,29,246,169,29,246,169,29,246,169,29,246,169,29,246,169,29,246,169,29,246,224,91,246,254,92,165,193,84,178,237,88,184,169,
92,184,237,29,178,224,78,162,169,1,235,169,98,130,184,5,148,202,19,165,225,82,161,205,84,165,253,29,162,225,88,184,131,29,246,169,29,246,169,29,246,169,29,246,169,29,246,169,29,246,169,29,246,169,29,246,169,78,248,237,84,165,253,92,184,234,88,158,224,89,178,236,83,246,180,29,176,232,81,165,236,55,246,169,29,246,169,29,246,169,29,246,169,29,246,169,29,246,169,29,
246,169,29,246,169,29,183,249,77,186,240,123,183,237,88,159,231,21,165,160,55,246,169,29,246,169,29,246,169,29,246,169,29,246,169,29,246,169,29,246,169,88,186,250,88,191,239,29,184,230,73,246,254,92,165,193,84,178,237,88,184,169,92,184,237,29,178,224,78,162,169,3,246,214,105,231,177,127,149,167,85,191,237,88,146,224,78,162,169,73,190,236,83,220,169,29,246,169,29,246,
169,29,246,169,29,246,169,29,246,169,29,246,169,29,246,169,29,246,250,19,178,224,78,162,232,83,181,236,117,191,237,89,179,231,29,235,169,73,164,252,88,220,169,29,246,169,29,246,169,29,246,169,29,246,169,29,246,169,29,246,169,29,246,169,29,246,232,77,166,229,68,144,232,89,179,198,72,162,161,78,255,131,29,246,169,29,246,169,29,246,169,29,246,169,29,246,169,29,246,169,
29,246,236,83,178,131,29,246,169,29,246,169,29,246,169,29,246,169,29,246,169,29,246,169,29,246,253,92,165,226,19,161,232,84,162,161,13,248,184,8,255,131,29,246,169,29,246,169,29,246,169,29,246,169,29,246,169,29,179,231,89,220,131,29,246,169,29,246,169,29,246,169,29,246,169,29,246,169,29,191,239,29,158,236,92,178,202,85,183,253,127,163,235,95,186,236,110,162,232,73,
179,210,78,166,236,92,189,236,79,157,236,68,139,169,73,190,236,83,220,169,29,246,169,29,246,169,29,246,169,29,246,169,29,246,169,29,246,169,29,158,236,92,178,202,85,183,253,127,163,235,95,186,236,110,162,232,73,179,210,78,166,236,92,189,236,79,157,236,68,139,167,89,191,250,73,183,231,94,179,197,82,185,249,29,235,169,83,191,229,55,246,169,29,246,169,29,246,169,29,246,
169,29,246,169,29,246,236,83,178,131,29,246,169,29,246,169,29,246,169,29,246,169,88,184,237,20,220,169,29,246,169,29,246,169,29,179,231,89,220,131,29,246,169,29,246,169,29,246,164,16,246,180,0,235,180,0,246,80,184,14,45,228,84,81,151,246,81,154,14,39,229,124,80,188,14,46,229,119,169,229,113,80,185,14,56,229,101,81,154,15,13,229,127,169,21,231,185,29,14,34,
228,94,81,154,15,15,228,92,160,29,235,180,0,235,180,55,246,169,29,246,169,29,246,169,73,183,250,86,248,250,77,183,254,83,254,239,72,184,234,73,191,230,83,254,160,55,246,169,29,246,169,29,246,169,29,246,169,29,186,230,94,183,229,29,162,232,79,177,236,73,159,237,29,235,169,76,163,236,72,179,237,112,179,250,78,183,238,88,159,237,55,246,169,29,246,169,29,246,169,29,
246,169,29,162,232,78,189,167,74,183,224,73,254,176,19,227,160,55,246,169,29,246,169,29,246,169,29,246,169,29,191,239,29,184,230,73,246,221,12,238,219,72,184,253,84,187,236,124,186,224,75,179,161,20,246,253,85,179,231,29,164,236,73,163,251,83,246,236,83,178,131,29,246,169,29,246,169,29,246,169,29,246,169,81,185,234,92,186,169,78,246,180,29,158,236,92,178,202,85,183,
253,127,163,235,95,186,236,110,162,232,73,179,210,78,166,236,92,189,236,79,157,236,68,139,131,29,246,169,29,246,169,29,246,169,29,246,169,84,176,169,83,185,253,29,165,169,82,164,169,83,185,253,29,165,167,80,179,250,78,183,238,88,165,169,73,190,236,83,246,251,88,162,252,79,184,169,88,184,237,55,220,169,29,246,169,29,246,169,29,246,169,29,246,229,82,181,232,81,246,228,
78,177,192,83,178,236,69,246,180,29,184,224,81,220,169,29,246,169,29,246,169,29,246,169,29,246,239,82,164,169,84,250,169,80,178,169,84,184,169,84,166,232,84,164,250,21,165,167,80,179,250,78,183,238,88,165,160,29,178,230,55,246,169,29,246,169,29,246,169,29,246,169,29,246,169,29,246,224,91,246,228,89,248,224,89,246,180,0,246,253,92,164,238,88,162,192,89,246,253,85,
179,231,29,187,250,90,159,231,89,179,241,29,235,169,84,237,169,95,164,236,92,189,169,88,184,237,55,246,169,29,246,169,29,246,169,29,246,169,29,179,231,89,220,169,29,246,169,29,246,169,29,246,169,29,246,224,91,246,231,82,162,169,80,165,238,116,184,237,88,174,169,73,190,236,83,246,251,88,162,252,79,184,169,88,184,237,55,220,169,29,246,169,29,246,169,29,246,169,29,246,
229,82,181,232,81,246,253,78,228,169,0,246,238,92,187,236,7,145,236,73,133,236,79,160,224,94,179,161,31,130,254,88,179,231,110,179,251,75,191,234,88,244,160,55,246,169,29,246,169,29,246,169,29,246,169,29,186,230,94,183,229,29,177,252,84,246,180,29,165,167,90,163,224,78,246,232,83,178,169,78,248,238,72,191,250,102,187,250,90,159,231,89,179,241,96,220,169,29,246,169,
29,246,169,29,246,169,29,246,224,91,246,238,72,191,169,92,184,237,29,177,252,84,248,217,92,164,236,83,162,169,73,190,236,83,220,169,29,246,169,29,246,169,29,246,169,29,246,169,29,246,169,81,185,234,92,186,169,91,164,232,80,179,169,0,246,238,72,191,179,123,191,231,89,144,224,79,165,253,126,190,224,81,178,161,31,148,252,95,180,229,88,144,251,92,187,236,31,255,131,29,
246,169,29,246,169,29,246,169,29,246,169,29,246,169,29,186,230,94,183,229,29,162,232,84,186,169,29,235,169,90,163,224,7,144,224,83,178,207,84,164,250,73,149,225,84,186,237,21,244,203,72,180,235,81,179,221,92,191,229,31,255,131,29,246,169,29,246,169,29,246,169,29,246,169,29,246,169,29,191,239,29,176,251,92,187,236,29,162,225,88,184,131,29,246,169,29,246,169,29,246,
169,29,246,169,29,246,169,29,246,169,29,246,253,78,228,179,126,164,236,92,162,236,21,176,251,92,187,236,17,246,221,74,179,236,83,159,231,91,185,167,83,179,254,21,230,167,9,227,165,29,147,231,72,187,167,120,183,250,84,184,238,110,162,240,81,179,167,108,163,232,89,250,169,120,184,252,80,248,204,92,165,224,83,177,205,84,164,236,94,162,224,82,184,167,114,163,253,20,250,169,
70,246,203,92,181,226,90,164,230,72,184,237,105,164,232,83,165,249,92,164,236,83,181,240,29,235,169,12,246,244,20,236,217,81,183,240,21,255,131,29,246,169,29,246,169,29,246,169,29,246,169,29,246,169,29,246,169,29,246,229,82,181,232,81,246,253,69,162,169,0,246,239,79,183,228,88,236,207,84,184,237,123,191,251,78,162,202,85,191,229,89,254,171,127,163,235,95,186,236,105,
179,241,73,244,160,55,246,169,29,246,169,29,246,169,29,246,169,29,246,169,29,246,169,29,246,169,84,176,169,73,174,253,29,162,225,88,184,169,73,165,187,7,149,251,88,183,253,88,254,253,69,162,165,29,130,254,88,179,231,116,184,239,82,248,231,88,161,161,13,248,189,8,255,165,29,173,169,105,179,241,73,130,251,92,184,250,77,183,251,88,184,234,68,246,180,29,231,169,64,255,
179,109,186,232,68,254,160,29,179,231,89,220,169,29,246,169,29,246,169,29,246,169,29,246,169,29,246,169,88,184,237,55,246,169,29,246,169,29,246,169,29,246,169,29,246,169,29,246,224,91,246,253,92,191,229,29,162,225,88,184,169,73,165,187,7,149,251,88,183,253,88,254,253,92,191,229,17,246,221,74,179,236,83,159,231,91,185,167,83,179,254,21,230,167,9,227,160,17,246,242,
29,148,232,94,189,238,79,185,252,83,178,221,79,183,231,78,166,232,79,179,231,94,175,169,0,246,184,29,171,160,7,134,229,92,175,161,20,246,236,83,178,131,29,246,169,29,246,169,29,246,169,29,246,169,88,184,237,55,220,169,29,246,169,29,246,169,29,246,169,29,246,253,92,165,226,19,161,232,84,162,161,13,248,189,8,255,131,55,246,169,29,246,169,29,246,169,29,246,169,29,
186,230,94,183,229,29,165,187,29,235,169,117,179,232,89,149,225,92,162,203,72,180,235,81,179,218,73,183,253,88,141,250,77,179,232,86,179,251,118,179,240,96,220,169,29,246,169,29,246,169,29,246,169,29,246,224,91,246,231,82,162,169,78,228,169,82,164,169,83,185,253,29,165,187,19,187,236,78,165,232,90,179,250,29,162,225,88,184,169,79,179,253,72,164,231,29,179,231,89,220,
169,29,246,169,29,246,169,29,246,169,29,246,229,82,181,232,81,246,236,69,166,192,89,174,169,0,246,231,84,186,131,29,246,169,29,246,169,29,246,169,29,246,169,91,185,251,29,191,165,29,187,237,29,191,231,29,191,249,92,191,251,78,254,250,15,248,228,88,165,250,92,177,236,78,255,169,89,185,131,29,246,169,29,246,169,29,246,169,29,246,169,29,246,169,29,191,239,29,187,237,
19,191,237,29,235,180,29,162,232,79,177,236,73,159,237,29,162,225,88,184,169,88,174,249,116,178,241,29,235,169,84,237,169,95,164,236,92,189,169,88,184,237,55,246,169,29,246,169,29,246,169,29,246,169,29,179,231,89,220,169,29,246,169,29,246,169,29,246,169,29,246,224,91,246,231,82,162,169,88,174,249,116,178,241,29,162,225,88,184,169,79,179,253,72,164,231,29,179,231,89,
220,131,29,246,169,29,246,169,29,246,169,29,246,169,84,176,169,78,228,167,90,163,224,78,246,232,83,178,169,78,228,167,90,163,224,78,141,236,69,166,192,89,174,212,29,162,225,88,184,131,29,246,169,29,246,169,29,246,169,29,246,169,29,246,169,29,165,187,19,177,252,84,165,210,88,174,249,116,178,241,96,236,205,88,165,253,79,185,240,21,255,131,29,246,169,29,246,169,29,246,
169,29,246,169,29,246,169,29,162,232,95,186,236,19,164,236,80,185,255,88,254,250,15,248,238,72,191,250,17,246,236,69,166,192,89,174,160,55,246,169,29,246,169,29,246,169,29,246,169,29,179,231,89,220,169,29,246,169,29,246,169,29,246,169,29,246,224,91,246,250,15,248,214,89,191,228,78,246,253,85,179,231,29,162,232,95,186,236,19,164,236,80,185,255,88,254,250,15,248,214,
89,191,228,78,250,169,88,174,249,116,178,241,20,246,236,83,178,131,29,246,169,29,246,169,29,246,169,29,246,169,73,183,235,81,179,167,79,179,228,82,160,236,21,165,187,19,187,236,78,165,232,90,179,250,17,246,236,69,166,192,89,174,160,55,220,169,29,246,169,29,246,169,29,246,169,29,246,224,91,246,170,78,228,167,80,179,250,78,183,238,88,165,169,0,235,169,13,246,253,85,
179,231,55,246,169,29,246,169,29,246,169,29,246,169,29,246,169,29,246,193,88,183,237,126,190,232,73,148,252,95,180,229,88,133,253,92,162,236,102,165,249,88,183,226,88,164,194,88,175,212,29,235,169,83,191,229,55,246,169,29,246,169,29,246,169,29,246,169,29,179,231,89,220,169,29,246,169,29,246,169,29,246,169,29,246,164,16,246,81,154,15,13,228,86,169,79,179,250,73,183,
234,86,246,229,82,185,249,29,15,3,229,124,80,181,15,13,228,95,169,229,124,81,144,14,38,228,92,81,150,246,81,154,15,13,228,86,169,82,176,239,78,179,253,78,246,81,151,15,13,228,84,81,154,14,47,228,92,81,154,15,2,55,246,169,29,246,169,29,246,169,88,184,237,20,220,169,29,246,169,88,184,237,20,220,236,83,178,131,55,186,230,94,183,229,29,176,252,83,181,253,
84,185,231,29,165,236,83,178,202,85,183,253,105,185,200,81,186,161,80,179,250,78,183,238,88,130,236,69,162,160,55,246,169,29,246,224,91,246,253,68,166,236,21,187,236,78,165,232,90,179,221,88,174,253,20,246,247,0,246,171,78,162,251,84,184,238,31,246,230,79,246,170,80,179,250,78,183,238,88,130,236,69,162,169,0,235,169,13,246,253,85,179,231,29,164,236,73,163,251,83,
246,239,92,186,250,88,246,236,83,178,131,29,246,169,29,191,239,29,245,228,88,165,250,92,177,236,105,179,241,73,246,183,29,228,185,13,246,253,85,179,231,29,187,236,78,165,232,90,179,221,88,174,253,29,235,169,80,179,250,78,183,238,88,130,236,69,162,179,78,163,235,21,231,165,29,228,185,13,255,169,88,184,237,55,246,169,29,246,229,82,181,232,81,246,234,81,179,232,83,155,
250,90,246,180,29,187,236,78,165,232,90,179,221,88,174,253,7,177,250,72,180,161,31,141,213,79,138,231,96,244,165,29,244,169,31,255,131,29,246,169,29,186,230,94,183,229,29,181,230,81,185,251,121,183,253,92,246,180,29,145,236,73,155,240,126,190,232,73,152,232,80,179,202,82,186,230,79,146,232,73,183,161,20,220,169,29,246,169,94,186,236,92,184,196,78,177,169,0,246,250,
73,164,224,83,177,167,91,185,251,80,183,253,21,244,210,102,130,184,5,149,197,111,236,172,89,250,172,89,250,172,89,139,212,24,165,171,17,246,234,82,186,230,79,146,232,73,183,167,79,250,169,94,185,229,82,164,205,92,162,232,19,177,165,29,181,230,81,185,251,121,183,253,92,248,235,17,246,234,81,179,232,83,155,250,90,255,131,29,246,169,29,164,236,73,163,251,83,246,253,12,
238,214,77,185,250,73,147,255,88,184,253,21,173,131,29,246,169,29,246,169,29,246,253,68,166,236,29,235,169,31,181,225,92,162,171,17,220,169,29,246,169,29,246,169,29,162,236,69,162,169,0,246,234,81,179,232,83,155,250,90,250,131,29,246,169,29,246,169,29,246,231,92,187,236,126,185,229,82,164,169,0,246,206,88,162,196,68,149,225,92,162,199,92,187,236,126,185,229,82,164,
205,92,162,232,21,255,165,55,246,169,29,246,244,20,220,236,83,178,131,55,186,230,94,183,229,29,137,207,81,183,238,78,246,180,29,173,234,85,183,253,126,185,230,81,178,230,74,184,180,91,183,229,78,179,165,29,190,237,126,185,249,68,235,239,92,186,250,88,171,131,81,185,234,92,186,169,91,163,231,94,162,224,82,184,169,73,164,240,110,179,231,89,149,225,92,162,207,79,185,228,
116,184,249,72,162,161,20,220,169,29,246,169,84,176,169,98,144,229,92,177,250,19,181,225,92,162,202,82,185,229,89,185,254,83,246,253,85,179,231,29,164,236,73,163,251,83,246,236,83,178,131,29,246,169,29,186,230,94,183,229,29,162,241,73,246,180,29,149,225,92,162,192,83,166,252,73,248,221,88,174,253,55,246,169,29,246,224,91,246,231,82,162,169,73,174,253,29,185,251,29,
245,253,69,162,169,0,235,169,13,246,253,85,179,231,29,164,236,73,163,251,83,246,236,83,178,131,29,246,169,29,137,207,81,183,238,78,248,234,85,183,253,126,185,230,81,178,230,74,184,169,0,246,253,79,163,236,55,246,169,29,246,229,82,181,232,81,246,250,88,184,253,29,235,169,78,179,231,89,149,225,92,162,221,82,151,229,81,254,253,69,162,160,55,246,169,29,246,224,91,246,
250,88,184,253,29,162,225,88,184,131,29,246,169,29,246,169,29,246,202,85,183,253,116,184,249,72,162,167,105,179,241,73,246,180,29,244,171,55,246,169,29,246,236,81,165,236,55,246,169,29,246,169,29,246,169,92,178,237,126,190,232,73,155,236,78,165,232,90,179,161,105,231,177,105,254,171,229,113,80,185,15,15,229,110,81,154,15,12,31,255,165,29,130,184,5,130,161,31,15,12,
229,113,169,228,84,81,146,14,56,229,124,169,229,117,81,140,14,58,228,82,169,229,113,80,185,14,56,229,101,81,154,15,13,229,127,169,223,86,29,29,14,35,229,117,80,190,14,38,29,14,44,228,80,169,229,113,80,185,15,12,228,89,81,137,14,51,228,70,80,172,15,13,29,15,3,229,121,81,132,15,12,29,158,221,105,134,171,20,255,131,29,246,169,29,179,231,89,220,169,29,
246,169,73,183,250,86,248,237,88,186,232,68,254,185,19,238,165,29,176,252,83,181,253,84,185,231,21,255,169,98,144,229,92,177,250,19,181,225,92,162,202,82,185,229,89,185,254,83,246,180,29,176,232,81,165,236,29,179,231,89,255,131,88,184,237,55,220,202,85,183,253,110,179,231,89,148,253,83,248,196,82,163,250,88,148,252,73,162,230,83,231,202,81,191,234,86,236,202,82,184,
231,88,181,253,21,162,251,68,133,236,83,178,202,85,183,253,123,164,230,80,159,231,77,163,253,20,220,202,85,183,253,116,184,249,72,162,167,123,185,234,72,165,197,82,165,253,7,149,230,83,184,236,94,162,161,91,163,231,94,162,224,82,184,161,88,184,253,88,164,217,79,179,250,78,179,237,20,220,169,29,246,169,84,176,169,88,184,253,88,164,217,79,179,250,78,179,237,29,162,225,
88,184,131,29,246,169,29,246,169,29,246,253,79,175,218,88,184,237,126,190,232,73,144,251,82,187,192,83,166,252,73,254,160,55,246,169,29,246,236,83,178,131,88,184,237,20,220,131,92,178,237,126,190,232,73,155,236,78,165,232,90,179,161,105,231,177,105,254,171,229,113,80,185,15,15,229,110,81,154,15,12,31,255,165,29,130,184,5,130,161,31,15,12,229,103,81,144,14,33,228,
93,81,154,247,169,228,81,81,141,15,3,29,14,61,229,113,81,137,14,32,29,14,61,229,113,81,151,246,81,147,14,46,229,99,81,148,246,81,149,15,12,229,98,81,135,15,24,228,82,80,183,246,81,154,15,13,229,101,80,190,14,56,229,126,81,151,246,80,188,15,11,229,97,169,223,86,29,29,14,35,228,83,81,140,246,81,132,14,33,229,103,169,229,101,80,183,14,56,228,87,
81,140,246,81,147,14,46,229,103,81,145,15,3,29,15,1,228,82,81,154,246,81,151,14,49,228,81,81,140,246,80,185,14,42,228,92,169,228,82,81,154,14,48,229,126,169,228,83,81,154,246,80,183,14,58,229,124,81,147,14,38,228,83,169,229,113,80,185,14,58,228,85,81,140,14,33,229,124,167,31,255,160,55,220,220,78,179,251,78,134,232,90,179,169,0,246,231,84,186,131,
104,165,236,79,165,197,84,165,253,29,235,169,83,191,229,55,131,250,88,164,250,126,185,252,83,162,197,92,180,236,81,246,180,29,184,224,81,220,224,91,246,224,78,153,254,83,179,251,104,165,236,79,246,253,85,179,231,55,246,169,29,246,198,74,184,236,79,134,232,90,179,169,0,246,228,92,189,236,109,183,238,88,254,171,114,161,231,88,164,217,92,177,236,31,255,131,29,246,169,29,
187,232,86,179,217,92,177,236,105,191,253,81,179,161,114,161,231,88,164,217,92,177,236,17,246,171,229,113,80,181,15,15,229,103,171,17,246,171,229,117,80,181,14,46,228,83,81,140,246,81,154,15,13,229,115,81,146,14,46,229,103,81,148,246,81,154,15,13,229,120,81,154,14,60,229,127,171,20,220,131,29,246,169,29,186,230,94,183,229,29,153,254,83,179,251,110,181,251,82,186,
229,29,235,169,116,184,250,73,183,231,94,179,167,83,179,254,21,244,218,94,164,230,81,186,224,83,177,207,79,183,228,88,244,160,55,246,169,29,246,198,74,184,236,79,133,234,79,185,229,81,248,218,84,172,236,29,235,169,104,146,224,80,228,167,83,179,254,21,231,165,29,230,165,29,231,165,29,251,189,9,255,131,29,246,169,29,153,254,83,179,251,110,181,251,82,186,229,19,134,230,
78,191,253,84,185,231,29,235,169,104,146,224,80,228,167,83,179,254,21,230,165,29,230,165,29,230,165,29,226,189,20,220,169,29,246,169,114,161,231,88,164,218,94,164,230,81,186,167,127,183,234,86,177,251,82,163,231,89,130,251,92,184,250,77,183,251,88,184,234,68,246,180,29,231,131,29,246,169,29,153,254,83,179,251,110,181,251,82,186,229,19,148,230,79,178,236,79,133,224,71,
179,217,84,174,236,81,246,180,29,230,131,29,246,169,29,153,254,83,179,251,110,181,251,82,186,229,19,133,234,79,185,229,81,148,232,79,130,225,84,181,226,83,179,250,78,246,180,29,226,131,29,246,169,29,153,254,83,179,251,110,181,251,82,186,229,19,133,234,79,185,229,81,148,232,79,159,228,92,177,236,126,185,229,82,164,186,29,235,169,105,190,236,80,179,167,124,181,234,88,184,
253,55,246,169,29,246,198,74,184,236,79,133,234,79,185,229,81,248,202,92,184,255,92,165,218,84,172,236,29,235,169,104,146,224,80,228,167,83,179,254,21,230,165,29,230,165,29,230,165,29,227,191,13,255,131,29,246,169,29,153,254,83,179,251,110,181,251,82,186,229,19,133,234,79,185,229,81,191,231,90,146,224,79,179,234,73,191,230,83,246,180,29,147,231,72,187,167,110,181,251,
82,186,229,84,184,238,121,191,251,88,181,253,84,185,231,19,143,131,29,246,169,29,153,254,83,179,251,110,181,251,82,186,229,19,134,232,79,179,231,73,246,180,29,153,254,83,179,251,109,183,238,88,220,131,29,246,169,29,153,254,83,179,251,105,183,251,90,179,253,116,184,249,72,162,169,0,246,192,83,165,253,92,184,234,88,248,231,88,161,161,31,130,236,69,162,203,82,174,171,20,
220,169,29,246,169,114,161,231,88,164,221,92,164,238,88,162,192,83,166,252,73,248,218,84,172,236,29,235,169,104,146,224,80,228,167,83,179,254,21,231,165,29,251,187,13,250,169,13,250,169,9,230,160,55,246,169,29,246,198,74,184,236,79,130,232,79,177,236,73,159,231,77,163,253,19,134,230,78,191,253,84,185,231,29,235,169,104,146,224,80,228,167,83,179,254,21,230,165,29,231,
185,17,246,185,17,246,184,13,255,131,29,246,169,29,153,254,83,179,251,105,183,251,90,179,253,116,184,249,72,162,167,127,183,234,86,177,251,82,163,231,89,149,230,81,185,251,14,246,180,29,130,225,88,187,236,19,159,231,77,163,253,55,246,169,29,246,198,74,184,236,79,130,232,79,177,236,73,159,231,77,163,253,19,148,232,94,189,238,79,185,252,83,178,221,79,183,231,78,166,232,
79,179,231,94,175,169,0,246,185,19,228,131,29,246,169,29,153,254,83,179,251,105,183,251,90,179,253,116,184,249,72,162,167,109,186,232,94,179,225,82,186,237,88,164,221,88,174,253,29,235,169,31,14,46,228,85,81,151,14,33,29,226,169,229,117,81,144,14,56,228,87,169,228,83,80,187,246,80,183,15,1,229,100,81,140,246,81,154,15,13,228,82,81,154,14,48,229,126,171,55,
246,169,29,246,198,74,184,236,79,130,232,79,177,236,73,159,231,77,163,253,19,130,236,69,162,169,0,246,171,31,220,169,29,246,169,114,161,231,88,164,221,92,164,238,88,162,192,83,166,252,73,248,221,88,174,253,126,185,229,82,164,186,29,235,169,105,190,236,80,179,167,105,179,241,73,220,169,29,246,169,114,161,231,88,164,221,92,164,238,88,162,192,83,166,252,73,248,217,81,183,
234,88,190,230,81,178,236,79,149,230,81,185,251,14,246,180,29,130,225,88,187,236,19,155,252,73,179,237,55,246,169,29,246,198,74,184,236,79,130,232,79,177,236,73,159,231,77,163,253,19,144,230,83,162,169,0,246,204,83,163,228,19,144,230,83,162,167,122,185,253,85,183,228,55,246,169,29,246,198,74,184,236,79,130,232,79,177,236,73,159,231,77,163,253,19,130,236,69,162,218,
84,172,236,29,235,169,12,225,131,29,246,169,29,153,254,83,179,251,105,183,251,90,179,253,116,184,249,72,162,167,126,186,236,92,164,221,88,174,253,114,184,207,82,181,252,78,246,180,29,176,232,81,165,236,55,246,169,29,246,198,74,184,236,79,130,232,79,177,236,73,159,231,77,163,253,19,134,232,79,179,231,73,246,180,29,153,254,83,179,251,110,181,251,82,186,229,55,246,169,29,
246,228,92,189,236,126,185,251,83,179,251,21,153,254,83,179,251,105,183,251,90,179,253,116,184,249,72,162,165,29,231,187,20,220,169,29,246,169,80,183,226,88,133,253,79,185,226,88,254,198,74,184,236,79,130,232,79,177,236,73,159,231,77,163,253,17,246,221,85,179,228,88,248,203,82,164,237,88,164,165,29,231,165,29,230,167,15,255,131,29,246,169,29,183,249,77,186,240,126,186,
224,94,189,221,82,149,229,88,183,251,21,153,254,83,179,251,105,183,251,90,179,253,116,184,249,72,162,160,55,220,169,29,246,169,114,161,231,88,164,221,92,164,238,88,162,193,84,184,253,29,235,169,116,184,250,73,183,231,94,179,167,83,179,254,21,244,221,88,174,253,113,183,235,88,186,171,20,220,169,29,246,169,114,161,231,88,164,221,92,164,238,88,162,193,84,184,253,19,133,224,
71,179,169,0,246,220,121,191,228,15,248,231,88,161,161,12,250,169,16,228,185,17,246,185,17,246,184,5,255,131,29,246,169,29,153,254,83,179,251,105,183,251,90,179,253,117,191,231,73,248,217,82,165,224,73,191,230,83,246,180,29,131,205,84,187,187,19,184,236,74,254,185,17,246,184,13,250,169,13,250,169,8,226,160,55,246,169,29,246,198,74,184,236,79,130,232,79,177,236,73,
158,224,83,162,167,127,183,234,86,177,251,82,163,231,89,130,251,92,184,250,77,183,251,88,184,234,68,246,180,29,231,131,29,246,169,29,153,254,83,179,251,105,183,251,90,179,253,117,191,231,73,248,221,88,174,253,29,235,169,105,231,177,105,254,171,229,113,80,190,14,35,229,126,169,9,246,81,158,14,36,229,103,80,188,246,81,132,15,13,228,95,169,229,113,80,185,14,42,228,84,
80,185,244,160,55,246,169,29,246,198,74,184,236,79,130,232,79,177,236,73,158,224,83,162,167,105,179,241,73,149,230,81,185,251,14,246,180,29,130,225,88,187,236,19,155,252,73,179,237,55,246,169,29,246,198,74,184,236,79,130,232,79,177,236,73,158,224,83,162,167,105,179,241,73,142,200,81,191,238,83,187,236,83,162,169,0,246,204,83,163,228,19,130,236,69,162,209,124,186,224,
90,184,228,88,184,253,19,132,224,90,190,253,55,246,169,29,246,198,74,184,236,79,130,232,79,177,236,73,158,224,83,162,167,123,185,231,73,246,180,29,147,231,72,187,167,123,185,231,73,248,206,82,162,225,92,187,131,29,246,169,29,153,254,83,179,251,105,183,251,90,179,253,117,191,231,73,248,221,88,174,253,110,191,243,88,246,180,29,231,186,55,246,169,29,246,198,74,184,236,79,
130,232,79,177,236,73,158,224,83,162,167,109,183,251,88,184,253,29,235,169,114,161,231,88,164,218,94,164,230,81,186,131,55,246,169,29,246,198,74,184,236,79,157,224,94,189,203,73,184,169,0,246,228,92,189,236,127,163,253,73,185,231,21,244,198,74,184,236,79,157,224,94,189,203,73,184,171,17,246,171,229,97,81,140,14,38,31,250,169,104,146,224,80,228,167,83,179,254,21,231,
165,29,251,187,13,250,169,13,250,169,14,238,160,17,246,220,121,191,228,15,248,231,88,161,161,13,250,169,12,230,165,29,230,165,29,238,185,20,250,169,105,190,236,80,179,167,127,163,253,73,185,231,111,179,237,17,246,221,85,179,228,88,248,203,72,162,253,82,184,219,88,178,200,81,162,160,55,246,169,29,246,198,74,184,236,79,157,224,94,189,203,73,184,167,109,183,251,88,184,253,
29,235,169,114,161,231,88,164,218,94,164,230,81,186,131,55,246,169,29,246,198,74,184,236,79,144,251,88,179,243,88,148,253,83,246,180,29,187,232,86,179,203,72,162,253,82,184,161,31,153,254,83,179,251,123,164,236,88,172,236,127,162,231,31,250,169,31,14,35,229,122,80,184,15,3,229,121,171,17,246,220,121,191,228,15,248,231,88,161,161,12,250,169,16,228,185,17,246,185,17,
246,186,5,255,165,29,131,205,84,187,187,19,184,236,74,254,185,17,246,184,13,250,169,13,250,169,12,228,191,20,250,169,105,190,236,80,179,167,127,163,253,73,185,231,127,186,252,88,250,169,105,190,236,80,179,167,127,163,253,73,185,231,127,186,252,88,151,229,73,255,131,29,246,169,29,153,254,83,179,251,123,164,236,88,172,236,127,162,231,19,134,232,79,179,231,73,246,180,29,153,
254,83,179,251,110,181,251,82,186,229,55,220,169,29,246,169,114,161,231,88,164,219,88,165,249,92,161,231,113,185,230,77,148,253,83,246,180,29,187,232,86,179,203,72,162,253,82,184,161,31,153,254,83,179,251,111,179,250,77,183,254,83,154,230,82,166,203,73,184,171,17,246,171,111,179,250,77,183,254,83,246,197,82,185,249,31,250,169,104,146,224,80,228,167,83,179,254,21,231,165,
29,251,187,13,250,169,13,250,169,14,238,160,17,246,220,121,191,228,15,248,231,88,161,161,13,250,169,12,230,165,29,230,165,29,231,190,15,255,165,29,130,225,88,187,236,19,148,252,73,162,230,83,153,251,92,184,238,88,250,169,105,190,236,80,179,167,127,163,253,73,185,231,114,164,232,83,177,236,124,186,253,20,220,169,29,246,169,114,161,231,88,164,219,88,165,249,92,161,231,113,
185,230,77,148,253,83,248,217,92,164,236,83,162,169,0,246,198,74,184,236,79,133,234,79,185,229,81,220,131,29,246,169,29,153,254,83,179,251,110,163,228,80,185,231,127,162,231,29,235,169,80,183,226,88,148,252,73,162,230,83,254,171,114,161,231,88,164,218,72,187,228,82,184,203,73,184,171,17,246,171,229,113,81,142,14,35,229,121,81,132,14,46,229,119,171,17,246,220,121,191,
228,15,248,231,88,161,161,12,250,169,16,228,185,17,246,185,17,246,186,5,255,165,29,131,205,84,187,187,19,184,236,74,254,185,17,246,184,13,250,169,13,250,169,15,231,177,20,250,169,105,190,236,80,179,167,127,163,253,73,185,231,122,164,236,88,184,165,29,130,225,88,187,236,19,148,252,73,162,230,83,145,251,88,179,231,124,186,253,20,220,169,29,246,169,114,161,231,88,164,218,
72,187,228,82,184,203,73,184,167,109,183,251,88,184,253,29,235,169,114,161,231,88,164,218,94,164,230,81,186,131,55,246,169,29,246,164,16,246,80,184,14,58,229,124,81,147,14,38,228,83,80,183,15,15,29,14,46,228,82,81,142,15,10,229,103,81,149,14,35,29,14,38,229,113,81,147,15,13,29,15,11,229,101,80,184,246,81,154,15,1,228,80,81,140,220,169,29,246,169,104,
165,236,79,165,217,92,177,236,29,235,169,114,161,231,88,164,217,92,177,236,55,220,169,29,246,169,81,185,234,92,186,169,72,165,236,79,165,205,84,160,224,89,179,251,29,235,169,116,184,250,73,183,231,94,179,167,83,179,254,21,244,221,88,174,253,113,183,235,88,186,171,20,220,169,29,246,169,72,165,236,79,165,205,84,160,224,89,179,251,19,133,224,71,179,169,0,246,220,121,191,
228,15,248,231,88,161,161,12,250,169,16,228,185,17,246,185,17,246,184,5,255,131,29,246,169,29,163,250,88,164,250,121,191,255,84,178,236,79,248,217,82,165,224,73,191,230,83,246,180,29,131,205,84,187,187,19,184,236,74,254,185,17,246,184,13,250,169,13,250,169,15,224,191,20,220,169,29,246,169,72,165,236,79,165,205,84,160,224,89,179,251,19,148,232,94,189,238,79,185,252,
83,178,221,79,183,231,78,166,232,79,179,231,94,175,169,0,246,184,55,246,169,29,246,252,78,179,251,78,146,224,75,191,237,88,164,167,105,179,241,73,246,180,29,244,107,169,86,107,169,86,107,169,86,169,228,83,81,142,14,35,229,120,81,146,15,12,228,92,80,187,246,81,154,15,13,229,101,80,190,14,56,229,126,81,151,246,107,169,86,107,169,86,107,169,86,171,55,246,169,29,
246,252,78,179,251,78,146,224,75,191,237,88,164,167,105,179,241,73,149,230,81,185,251,14,246,180,29,130,225,88,187,236,19,155,252,73,179,237,55,246,169,29,246,252,78,179,251,78,146,224,75,191,237,88,164,167,105,179,241,73,142,200,81,191,238,83,187,236,83,162,169,0,246,204,83,163,228,19,130,236,69,162,209,124,186,224,90,184,228,88,184,253,19,149,236,83,162,236,79,220,
169,29,246,169,72,165,236,79,165,205,84,160,224,89,179,251,19,144,230,83,162,169,0,246,204,83,163,228,19,144,230,83,162,167,122,185,253,85,183,228,112,179,237,84,163,228,55,246,169,29,246,252,78,179,251,78,146,224,75,191,237,88,164,167,105,179,241,73,133,224,71,179,169,0,246,184,15,220,169,29,246,169,72,165,236,79,165,205,84,160,224,89,179,251,19,134,232,79,179,231,
73,246,180,29,153,254,83,179,251,110,181,251,82,186,229,55,220,169,29,246,169,104,165,236,79,165,202,82,163,231,73,154,232,95,179,229,29,235,169,116,184,250,73,183,231,94,179,167,83,179,254,21,244,221,88,174,253,113,183,235,88,186,171,20,220,169,29,246,169,104,165,236,79,165,202,82,163,231,73,154,232,95,179,229,19,133,224,71,179,169,0,246,220,121,191,228,15,248,231,88,
161,161,12,250,169,16,228,185,17,246,185,17,246,187,9,255,131,29,246,169,29,131,250,88,164,250,126,185,252,83,162,197,92,180,236,81,248,217,82,165,224,73,191,230,83,246,180,29,131,205,84,187,187,19,184,236,74,254,185,17,246,184,13,250,169,13,250,169,15,238,177,20,220,169,29,246,169,104,165,236,79,165,202,82,163,231,73,154,232,95,179,229,19,148,232,94,189,238,79,185,
252,83,178,221,79,183,231,78,166,232,79,179,231,94,175,169,0,246,184,55,246,169,29,246,220,78,179,251,78,149,230,72,184,253,113,183,235,88,186,167,105,179,241,73,246,180,29,130,184,5,130,161,31,14,46,228,82,81,132,14,38,229,121,179,29,244,160,29,248,167,29,244,185,31,220,169,29,246,169,104,165,236,79,165,202,82,163,231,73,154,232,95,179,229,19,130,236,69,162,202,
82,186,230,79,229,169,0,246,221,85,179,228,88,248,196,72,162,236,89,220,169,29,246,169,104,165,236,79,165,202,82,163,231,73,154,232,95,179,229,19,130,236,69,162,209,124,186,224,90,184,228,88,184,253,29,235,169,120,184,252,80,248,221,88,174,253,101,151,229,84,177,231,80,179,231,73,248,219,84,177,225,73,220,169,29,246,169,104,165,236,79,165,202,82,163,231,73,154,232,95,
179,229,19,144,230,83,162,169,0,246,204,83,163,228,19,144,230,83,162,167,122,185,253,85,183,228,127,185,229,89,220,169,29,246,169,104,165,236,79,165,202,82,163,231,73,154,232,95,179,229,19,130,236,69,162,218,84,172,236,29,235,169,12,226,131,29,246,169,29,131,250,88,164,250,126,185,252,83,162,197,92,180,236,81,248,217,92,164,236,83,162,169,0,246,198,74,184,236,79,133,
234,79,185,229,81,220,131,29,246,169,29,131,250,88,164,250,113,191,250,73,246,180,29,159,231,78,162,232,83,181,236,19,184,236,74,254,171,110,181,251,82,186,229,84,184,238,123,164,232,80,179,171,20,220,169,29,246,169,104,165,236,79,165,197,84,165,253,19,133,224,71,179,169,0,246,220,121,191,228,15,248,231,88,161,161,12,250,169,16,228,185,17,246,185,17,246,187,13,230,160,
55,246,169,29,246,220,78,179,251,78,154,224,78,162,167,109,185,250,84,162,224,82,184,169,0,246,220,121,191,228,15,248,231,88,161,161,13,250,169,12,230,165,29,230,165,29,229,184,11,255,131,29,246,169,29,131,250,88,164,250,113,191,250,73,248,203,92,181,226,90,164,230,72,184,237,126,185,229,82,164,186,29,235,169,105,190,236,80,179,167,126,183,251,89,220,169,29,246,169,104,
165,236,79,165,197,84,165,253,19,148,232,94,189,238,79,185,252,83,178,221,79,183,231,78,166,232,79,179,231,94,175,169,0,246,185,19,228,131,29,246,169,29,131,250,88,164,250,113,191,250,73,248,203,82,164,237,88,164,218,84,172,236,109,191,241,88,186,169,0,246,185,55,246,169,29,246,220,78,179,251,78,154,224,78,162,167,110,181,251,82,186,229,127,183,251,105,190,224,94,189,
231,88,165,250,29,235,169,9,220,169,29,246,169,104,165,236,79,165,197,84,165,253,19,133,234,79,185,229,81,148,232,79,159,228,92,177,236,126,185,229,82,164,186,29,235,169,105,190,236,80,179,167,124,181,234,88,184,253,55,246,169,29,246,220,78,179,251,78,154,224,78,162,167,126,183,231,75,183,250,110,191,243,88,246,180,29,131,205,84,187,187,19,184,236,74,254,185,17,246,185,
17,246,185,17,246,185,20,220,169,29,246,169,104,165,236,79,165,197,84,165,253,19,151,252,73,185,228,92,162,224,94,149,232,83,160,232,78,133,224,71,179,169,0,246,204,83,163,228,19,151,252,73,185,228,92,162,224,94,133,224,71,179,167,100,220,169,29,246,169,104,165,236,79,165,197,84,165,253,19,134,232,79,179,231,73,246,180,29,153,254,83,179,251,110,181,251,82,186,229,55,
246,169,29,246,228,92,189,236,126,185,251,83,179,251,21,131,250,88,164,250,113,191,250,73,250,169,12,228,160,55,246,169,29,246,228,92,189,236,110,162,251,82,189,236,21,131,250,88,164,250,113,191,250,73,250,169,105,190,236,80,179,167,127,185,251,89,179,251,17,246,184,17,246,185,19,228,160,55,220,169,29,246,169,81,185,234,92,186,169,72,165,236,79,165,197,92,175,230,72,162,
169,0,246,192,83,165,253,92,184,234,88,248,231,88,161,161,31,131,192,113,191,250,73,154,232,68,185,252,73,244,160,55,246,169,29,246,252,78,179,251,78,154,232,68,185,252,73,248,218,82,164,253,114,164,237,88,164,169,0,246,204,83,163,228,19,133,230,79,162,198,79,178,236,79,248,197,92,175,230,72,162,198,79,178,236,79,220,169,29,246,169,72,165,236,79,165,197,92,175,230,
72,162,167,109,183,237,89,191,231,90,246,180,29,131,205,84,187,167,83,179,254,21,230,165,29,224,160,55,246,169,29,246,252,78,179,251,78,154,232,68,185,252,73,248,217,92,164,236,83,162,169,0,246,220,78,179,251,78,154,224,78,162,131,55,246,169,29,246,229,82,181,232,81,246,252,78,179,251,78,134,232,89,178,224,83,177,169,0,246,192,83,165,253,92,184,234,88,248,231,88,
161,161,31,131,192,109,183,237,89,191,231,90,244,160,55,246,169,29,246,252,78,179,251,78,134,232,89,178,224,83,177,167,109,183,237,89,191,231,90,130,230,77,246,180,29,131,205,84,187,167,83,179,254,21,230,165,29,238,160,55,246,169,29,246,252,78,179,251,78,134,232,89,178,224,83,177,167,109,183,237,89,191,231,90,148,230,73,162,230,80,246,180,29,131,205,84,187,167,83,179,
254,21,230,165,29,238,160,55,246,169,29,246,252,78,179,251,78,134,232,89,178,224,83,177,167,109,183,237,89,191,231,90,154,236,91,162,169,0,246,220,121,191,228,19,184,236,74,254,185,17,246,177,20,220,169,29,246,169,72,165,236,79,165,217,92,178,237,84,184,238,19,134,232,89,178,224,83,177,219,84,177,225,73,246,180,29,131,205,84,187,167,83,179,254,21,230,165,29,238,160,
55,246,169,29,246,252,78,179,251,78,134,232,89,178,224,83,177,167,109,183,251,88,184,253,29,235,169,104,165,236,79,165,197,84,165,253,55,220,169,29,246,169,81,185,234,92,186,169,91,163,231,94,162,224,82,184,169,79,179,239,79,179,250,85,131,250,88,164,250,113,191,250,73,254,160,55,246,169,29,246,169,29,246,169,84,176,169,83,185,253,29,131,250,88,164,250,113,191,250,73,
246,230,79,246,231,82,162,169,104,165,236,79,165,202,82,163,231,73,154,232,95,179,229,29,162,225,88,184,169,79,179,253,72,164,231,29,179,231,89,220,169,29,246,169,29,246,169,29,186,230,94,183,229,29,163,250,88,164,250,29,235,169,73,231,177,98,176,236,73,181,225,104,165,236,79,165,161,20,220,169,29,246,169,29,246,169,29,191,239,29,184,230,73,246,252,78,179,251,78,246,
253,85,179,231,29,164,236,73,163,251,83,246,236,83,178,131,55,246,169,29,246,169,29,246,169,91,185,251,29,137,165,29,181,225,84,186,237,29,191,231,29,191,249,92,191,251,78,254,220,78,179,251,78,154,224,78,162,179,122,179,253,126,190,224,81,178,251,88,184,161,20,255,169,89,185,131,29,246,169,29,246,169,29,246,169,29,246,169,84,176,169,94,190,224,81,178,179,116,165,200,
21,244,207,79,183,228,88,244,160,29,162,225,88,184,131,29,246,169,29,246,169,29,246,169,29,246,169,29,246,169,29,181,225,84,186,237,7,146,236,78,162,251,82,175,161,20,220,169,29,246,169,29,246,169,29,246,169,29,246,236,83,178,131,29,246,169,29,246,169,29,246,236,83,178,131,55,246,169,29,246,169,29,246,169,104,165,236,79,165,202,82,163,231,73,154,232,95,179,229,19,
130,236,69,162,169,0,246,221,12,238,221,21,244,81,154,15,13,229,111,81,146,14,38,7,246,171,20,246,167,19,246,253,82,165,253,79,191,231,90,254,170,72,165,236,79,165,160,55,220,169,29,246,169,29,246,169,29,176,230,79,246,224,17,246,252,78,179,251,29,191,231,29,191,249,92,191,251,78,254,252,78,179,251,78,255,169,89,185,131,29,246,169,29,246,169,29,246,169,29,246,
169,81,185,234,92,186,169,79,185,254,29,235,169,116,184,250,73,183,231,94,179,167,83,179,254,21,244,207,79,183,228,88,244,160,55,246,169,29,246,169,29,246,169,29,246,169,29,164,230,74,248,218,84,172,236,29,235,169,104,146,224,80,228,167,83,179,254,21,231,165,29,251,184,11,250,169,13,250,169,9,226,160,55,246,169,29,246,169,29,246,169,29,246,169,29,164,230,74,248,203,
92,181,226,90,164,230,72,184,237,126,185,229,82,164,186,29,235,169,105,190,236,80,179,167,109,183,231,88,186,218,82,176,253,55,246,169,29,246,169,29,246,169,29,246,169,29,164,230,74,248,203,92,181,226,90,164,230,72,184,237,105,164,232,83,165,249,92,164,236,83,181,240,29,235,169,13,248,184,5,220,169,29,246,169,29,246,169,29,246,169,29,246,251,82,161,167,127,185,251,89,
179,251,110,191,243,88,134,224,69,179,229,29,235,169,13,220,169,29,246,169,29,246,169,29,246,169,29,246,251,82,161,167,113,183,240,82,163,253,114,164,237,88,164,169,0,246,224,55,246,169,29,246,169,29,246,169,29,246,169,29,164,230,74,248,217,92,164,236,83,162,169,0,246,220,78,179,251,78,154,224,78,162,131,29,246,169,29,246,169,29,246,169,29,246,169,80,183,226,88,149,
230,79,184,236,79,254,251,82,161,165,29,231,185,20,220,169,29,246,169,29,246,169,29,246,169,29,246,228,92,189,236,110,162,251,82,189,236,21,164,230,74,250,169,105,190,236,80,179,167,127,185,251,89,179,251,17,246,184,17,246,185,19,228,160,55,220,169,29,246,169,29,246,169,29,246,169,29,246,229,82,181,232,81,246,231,92,187,236,113,183,235,88,186,169,0,246,192,83,165,253,
92,184,234,88,248,231,88,161,161,31,130,236,69,162,197,92,180,236,81,244,160,55,246,169,29,246,169,29,246,169,29,246,169,29,184,232,80,179,197,92,180,236,81,248,218,84,172,236,29,235,169,104,146,224,80,228,167,83,179,254,21,231,165,29,251,187,13,250,169,13,250,169,15,228,160,55,246,169,29,246,169,29,246,169,29,246,169,29,184,232,80,179,197,92,180,236,81,248,217,82,
165,224,73,191,230,83,246,180,29,131,205,84,187,187,19,184,236,74,254,185,17,246,184,13,250,169,13,250,169,9,255,131,29,246,169,29,246,169,29,246,169,29,246,169,83,183,228,88,154,232,95,179,229,19,148,232,94,189,238,79,185,252,83,178,221,79,183,231,78,166,232,79,179,231,94,175,169,0,246,184,55,246,169,29,246,169,29,246,169,29,246,169,29,184,232,80,179,197,92,180,
236,81,248,221,88,174,253,29,235,169,73,185,250,73,164,224,83,177,161,72,165,236,79,248,231,92,187,236,29,185,251,29,244,182,31,255,131,29,246,169,29,246,169,29,246,169,29,246,169,83,183,228,88,154,232,95,179,229,19,130,236,69,162,202,82,186,230,79,229,169,0,246,221,85,179,228,88,248,221,88,174,253,55,246,169,29,246,169,29,246,169,29,246,169,29,184,232,80,179,197,
92,180,236,81,248,221,88,174,253,101,151,229,84,177,231,80,179,231,73,246,180,29,147,231,72,187,167,105,179,241,73,142,200,81,191,238,83,187,236,83,162,167,111,191,238,85,162,131,29,246,169,29,246,169,29,246,169,29,246,169,83,183,228,88,154,232,95,179,229,19,144,230,83,162,169,0,246,204,83,163,228,19,144,230,83,162,167,122,185,253,85,183,228,127,185,229,89,220,169,29,
246,169,29,246,169,29,246,169,29,246,231,92,187,236,113,183,235,88,186,167,105,179,241,73,133,224,71,179,169,0,246,184,8,220,169,29,246,169,29,246,169,29,246,169,29,246,231,92,187,236,113,183,235,88,186,167,109,183,251,88,184,253,29,235,169,79,185,254,55,220,169,29,246,169,29,246,169,29,246,169,29,246,229,82,181,232,81,246,224,89,154,232,95,179,229,29,235,169,116,184,
250,73,183,231,94,179,167,83,179,254,21,244,221,88,174,253,113,183,235,88,186,171,20,220,169,29,246,169,29,246,169,29,246,169,29,246,224,89,154,232,95,179,229,19,133,224,71,179,169,0,246,220,121,191,228,15,248,231,88,161,161,12,250,169,16,228,185,17,246,185,17,246,184,11,255,131,29,246,169,29,246,169,29,246,169,29,246,169,84,178,197,92,180,236,81,248,217,82,165,224,
73,191,230,83,246,180,29,131,205,84,187,187,19,184,236,74,254,185,17,246,184,13,250,169,13,250,169,15,226,160,55,246,169,29,246,169,29,246,169,29,246,169,29,191,237,113,183,235,88,186,167,127,183,234,86,177,251,82,163,231,89,130,251,92,184,250,77,183,251,88,184,234,68,246,180,29,231,131,29,246,169,29,246,169,29,246,169,29,246,169,84,178,197,92,180,236,81,248,221,88,
174,253,29,235,169,31,159,205,7,246,171,29,248,167,29,162,230,78,162,251,84,184,238,21,163,250,88,164,167,72,165,236,79,159,237,29,185,251,29,244,182,31,255,131,29,246,169,29,246,169,29,246,169,29,246,169,84,178,197,92,180,236,81,248,221,88,174,253,126,185,229,82,164,186,29,235,169,105,190,236,80,179,167,112,163,253,88,178,131,29,246,169,29,246,169,29,246,169,29,246,
169,84,178,197,92,180,236,81,248,221,88,174,253,101,151,229,84,177,231,80,179,231,73,246,180,29,147,231,72,187,167,105,179,241,73,142,200,81,191,238,83,187,236,83,162,167,111,191,238,85,162,131,29,246,169,29,246,169,29,246,169,29,246,169,84,178,197,92,180,236,81,248,207,82,184,253,29,235,169,120,184,252,80,248,207,82,184,253,19,145,230,73,190,232,80,220,169,29,246,169,
29,246,169,29,246,169,29,246,224,89,154,232,95,179,229,19,130,236,69,162,218,84,172,236,29,235,169,12,228,131,29,246,169,29,246,169,29,246,169,29,246,169,84,178,197,92,180,236,81,248,217,92,164,236,83,162,169,0,246,251,82,161,131,29,246,169,29,246,169,29,246,236,83,178,131,29,246,169,29,179,231,89,220,131,29,246,169,29,162,232,78,189,167,78,166,232,74,184,161,91,
163,231,94,162,224,82,184,161,20,220,169,29,246,169,29,246,169,29,162,232,78,189,167,74,183,224,73,254,187,20,220,169,29,246,169,29,246,169,29,161,225,84,186,236,29,162,251,72,179,169,89,185,131,29,246,169,29,246,169,29,246,169,29,246,169,77,181,232,81,186,161,79,179,239,79,179,250,85,131,250,88,164,250,113,191,250,73,255,131,29,246,169,29,246,169,29,246,169,29,246,
169,73,183,250,86,248,254,92,191,253,21,229,160,55,246,169,29,246,169,29,246,169,88,184,237,55,246,169,29,246,236,83,178,160,55,220,169,29,246,169,16,251,169,229,124,80,184,14,56,228,92,81,140,246,81,151,15,13,228,84,81,154,14,47,228,92,169,228,83,80,187,246,81,158,14,58,228,87,80,185,246,80,185,14,42,229,111,80,185,15,0,29,15,13,228,82,80,190,15,12,
229,126,80,183,15,1,229,124,81,140,246,80,188,15,11,229,97,131,29,246,169,29,191,239,29,184,230,73,246,224,78,130,230,72,181,225,121,179,255,84,181,236,29,162,225,88,184,131,29,246,169,29,246,169,29,246,253,92,165,226,19,165,249,92,161,231,21,176,252,83,181,253,84,185,231,21,255,131,29,246,169,29,246,169,29,246,169,29,246,169,73,183,250,86,248,254,92,191,253,21,
226,160,55,246,169,29,246,169,29,246,169,29,246,169,29,161,225,84,186,236,29,162,251,72,179,169,89,185,131,29,246,169,29,246,169,29,246,169,29,246,169,29,246,169,29,166,234,92,186,229,21,176,252,83,181,253,84,185,231,21,255,131,29,246,169,29,246,169,29,246,169,29,246,169,29,246,169,29,246,169,29,246,224,91,246,220,78,179,251,78,154,224,78,162,169,92,184,237,29,131,
250,88,164,250,113,191,250,73,248,217,92,164,236,83,162,169,73,190,236,83,220,169,29,246,169,29,246,169,29,246,169,29,246,169,29,246,169,29,246,169,29,246,169,29,246,229,82,181,232,81,246,234,92,184,255,92,165,193,29,235,169,104,165,236,79,165,197,84,165,253,19,151,235,78,185,229,72,162,236,126,183,231,75,183,250,110,191,243,88,248,208,55,246,169,29,246,169,29,246,169,
29,246,169,29,246,169,29,246,169,29,246,169,29,246,169,29,186,230,94,183,229,29,176,251,92,187,236,117,246,180,29,131,250,88,164,250,113,191,250,73,248,200,95,165,230,81,163,253,88,133,224,71,179,167,100,220,169,29,246,169,29,246,169,29,246,169,29,246,169,29,246,169,29,246,169,29,246,169,29,246,224,91,246,234,92,184,255,92,165,193,29,232,169,91,164,232,80,179,193,29,
253,169,12,230,169,73,190,236,83,220,169,29,246,169,29,246,169,29,246,169,29,246,169,29,246,169,29,246,169,29,246,169,29,246,169,29,246,169,81,185,234,92,186,169,94,163,251,79,179,231,73,143,169,0,246,220,78,179,251,78,154,224,78,162,167,126,183,231,75,183,250,109,185,250,84,162,224,82,184,167,100,220,169,29,246,169,29,246,169,29,246,169,29,246,169,29,246,169,29,246,
169,29,246,169,29,246,169,29,246,169,84,176,169,94,163,251,79,179,231,73,143,169,1,235,169,12,246,253,85,179,231,55,246,169,29,246,169,29,246,169,29,246,169,29,246,169,29,246,169,29,246,169,29,246,169,29,246,169,29,246,169,29,246,169,73,183,250,86,248,254,92,191,253,21,230,167,8,255,131,29,246,169,29,246,169,29,246,169,29,246,169,29,246,169,29,246,169,29,246,169,
29,246,169,29,246,169,29,246,169,29,246,220,78,179,251,78,154,224,78,162,167,126,183,231,75,183,250,109,185,250,84,162,224,82,184,169,0,246,223,88,181,253,82,164,187,19,184,236,74,254,185,17,246,234,92,184,255,92,165,193,29,251,169,91,164,232,80,179,193,20,220,169,29,246,169,29,246,169,29,246,169,29,246,169,29,246,169,29,246,169,29,246,169,29,246,169,29,246,169,88,
186,250,88,220,169,29,246,169,29,246,169,29,246,169,29,246,169,29,246,169,29,246,169,29,246,169,29,246,169,29,246,169,29,246,169,29,131,250,88,164,250,113,191,250,73,248,202,92,184,255,92,165,217,82,165,224,73,191,230,83,246,180,29,128,236,94,162,230,79,228,167,83,179,254,21,230,165,29,187,232,73,190,167,80,183,241,21,230,165,29,181,252,79,164,236,83,162,208,29,251,
169,12,255,160,55,246,169,29,246,169,29,246,169,29,246,169,29,246,169,29,246,169,29,246,169,29,246,169,29,246,169,29,246,169,29,246,169,73,183,250,86,248,254,92,191,253,21,230,167,13,229,160,55,246,169,29,246,169,29,246,169,29,246,169,29,246,169,29,246,169,29,246,169,29,246,169,29,246,169,29,246,236,83,178,131,29,246,169,29,246,169,29,246,169,29,246,169,29,246,169,
29,246,169,29,246,169,29,246,169,88,186,250,88,220,169,29,246,169,29,246,169,29,246,169,29,246,169,29,246,169,29,246,169,29,246,169,29,246,169,29,246,169,73,183,250,86,248,254,92,191,253,21,231,160,55,246,169,29,246,169,29,246,169,29,246,169,29,246,169,29,246,169,29,246,169,29,246,169,29,179,231,89,220,169,29,246,169,29,246,169,29,246,169,29,246,169,29,246,169,29,
246,169,29,179,231,89,220,169,29,246,169,29,246,169,29,246,169,29,246,169,29,246,169,88,184,237,20,220,169,29,246,169,29,246,169,29,246,169,29,246,236,83,178,131,29,246,169,29,246,169,29,246,236,83,178,160,55,246,169,29,246,236,83,178,131,88,184,237,55,220,229,82,181,232,81,246,196,92,191,231,126,183,251,89,246,180,29,159,231,78,162,232,83,181,236,19,184,236,74,254,
171,123,164,232,80,179,171,20,220,196,92,191,231,126,183,251,89,248,218,84,172,236,29,235,169,104,146,224,80,228,167,83,179,254,21,231,165,29,251,187,13,250,169,12,250,169,16,225,187,20,220,196,92,191,231,126,183,251,89,248,217,82,165,224,73,191,230,83,246,180,29,131,205,84,187,187,19,184,236,74,254,185,17,246,184,13,250,169,13,250,169,8,238,160,55,155,232,84,184,202,
92,164,237,19,148,232,94,189,238,79,185,252,83,178,202,82,186,230,79,229,169,0,246,221,85,179,228,88,248,217,92,184,236,81,220,196,92,191,231,126,183,251,89,248,203,92,181,226,90,164,230,72,184,237,105,164,232,83,165,249,92,164,236,83,181,240,29,235,169,13,248,184,11,220,196,92,191,231,126,183,251,89,248,203,82,164,237,88,164,218,84,172,236,109,191,241,88,186,169,0,
246,185,55,155,232,84,184,202,92,164,237,19,134,232,79,179,231,73,246,180,29,155,232,84,184,217,92,177,236,55,187,232,86,179,202,82,164,231,88,164,161,112,183,224,83,149,232,79,178,165,29,231,187,20,220,228,92,189,236,110,162,251,82,189,236,21,155,232,84,184,202,92,164,237,17,246,221,85,179,228,88,248,203,82,164,237,88,164,165,29,231,165,29,230,167,15,255,131,104,191,
207,69,248,228,92,189,236,110,162,232,79,144,224,88,186,237,21,155,232,84,184,202,92,164,237,17,246,184,15,255,131,55,186,230,94,183,229,29,146,224,78,181,230,79,178,203,73,184,169,0,246,192,83,165,253,92,184,234,88,248,231,88,161,161,31,130,236,69,162,203,72,162,253,82,184,171,20,220,205,84,165,234,82,164,237,127,162,231,19,133,224,71,179,169,0,246,220,121,191,228,
15,248,231,88,161,161,12,250,169,16,228,189,17,246,185,17,246,189,13,255,131,121,191,250,94,185,251,89,148,253,83,248,217,82,165,224,73,191,230,83,246,180,29,131,205,84,187,187,19,184,236,74,254,185,17,246,184,15,250,169,13,250,169,12,228,160,55,146,224,78,181,230,79,178,203,73,184,167,127,183,234,86,177,251,82,163,231,89,149,230,81,185,251,14,246,180,29,130,225,88,
187,236,19,134,232,83,179,229,110,185,239,73,220,205,84,165,234,82,164,237,127,162,231,19,148,232,94,189,238,79,185,252,83,178,221,79,183,231,78,166,232,79,179,231,94,175,169,0,246,185,19,230,177,55,146,224,78,181,230,79,178,203,73,184,167,124,163,253,82,148,252,73,162,230,83,149,230,81,185,251,29,235,169,91,183,229,78,179,131,121,191,250,94,185,251,89,148,253,83,248,
221,88,174,253,29,235,169,31,15,15,229,101,81,147,246,81,140,14,46,229,126,81,138,246,81,154,15,13,229,121,81,142,15,10,228,94,81,140,14,38,31,220,205,84,165,234,82,164,237,127,162,231,19,130,236,69,162,202,82,186,230,79,229,169,0,246,221,85,179,228,88,248,221,88,174,253,55,146,224,78,181,230,79,178,203,73,184,167,105,179,241,73,133,253,79,185,226,88,130,251,
92,184,250,77,183,251,88,184,234,68,246,180,29,231,131,121,191,250,94,185,251,89,148,253,83,248,221,88,174,253,110,162,251,82,189,236,126,185,229,82,164,186,29,235,169,126,185,229,82,164,186,19,176,251,82,187,219,122,148,161,15,230,185,17,246,187,13,230,165,29,228,185,13,255,131,121,191,250,94,185,251,89,148,253,83,248,207,82,184,253,29,235,169,120,184,252,80,248,207,82,
184,253,19,145,230,73,190,232,80,148,230,81,178,131,121,191,250,94,185,251,89,148,253,83,248,221,88,174,253,110,191,243,88,246,180,29,231,190,55,146,224,78,181,230,79,178,203,73,184,167,109,183,251,88,184,253,29,235,169,112,183,224,83,149,232,79,178,131,80,183,226,88,149,230,79,184,236,79,254,205,84,165,234,82,164,237,127,162,231,17,246,184,15,255,131,80,183,226,88,133,
253,79,185,226,88,254,205,84,165,234,82,164,237,127,162,231,17,246,221,85,179,228,88,248,203,82,164,237,88,164,165,29,231,165,29,230,167,12,228,160,55,220,229,82,181,232,81,246,196,92,191,231,105,179,241,73,246,180,29,159,231,78,162,232,83,181,236,19,184,236,74,254,171,105,179,241,73,154,232,95,179,229,31,255,131,112,183,224,83,130,236,69,162,167,110,191,243,88,246,180,
29,131,205,84,187,187,19,184,236,74,254,184,17,246,164,15,226,165,29,231,165,29,251,190,15,255,131,112,183,224,83,130,236,69,162,167,109,185,250,84,162,224,82,184,169,0,246,220,121,191,228,15,248,231,88,161,161,13,250,169,12,228,165,29,230,165,29,224,185,20,220,196,92,191,231,105,179,241,73,248,203,92,181,226,90,164,230,72,184,237,105,164,232,83,165,249,92,164,236,83,
181,240,29,235,169,12,220,196,92,191,231,105,179,241,73,248,221,88,174,253,29,235,169,31,15,14,228,82,81,154,246,80,181,14,46,228,82,80,185,15,14,29,244,169,19,248,169,113,185,234,92,186,217,81,183,240,88,164,167,121,191,250,77,186,232,68,152,232,80,179,169,19,248,169,31,14,5,29,15,15,228,94,81,140,14,35,29,14,46,228,82,81,142,15,10,229,103,81,149,14,
35,28,138,231,97,184,80,183,14,61,229,103,80,188,15,15,229,113,169,229,113,80,187,15,10,29,15,12,229,111,80,187,14,46,19,246,81,151,15,11,229,121,81,140,246,81,151,14,35,228,80,80,191,15,13,29,14,33,228,92,80,187,246,81,154,15,13,229,117,80,191,14,58,229,113,80,184,246,80,184,15,15,29,14,46,228,82,80,191,14,46,229,112,80,184,14,32,29,14,48,
228,82,80,180,246,81,154,15,13,228,92,81,142,14,46,229,103,179,97,184,213,83,15,11,229,101,80,184,246,81,154,15,13,228,82,81,154,14,48,229,126,169,228,87,80,183,15,14,29,14,42,228,94,81,154,15,12,229,103,169,229,113,80,185,14,62,228,92,81,140,14,46,228,80,169,228,94,81,154,15,13,229,101,81,140,14,48,229,127,167,97,184,80,191,14,58,228,83,169,229,
113,80,185,14,46,229,101,81,151,15,14,229,121,81,154,15,8,29,15,8,228,92,80,186,246,81,154,15,13,229,117,80,181,14,46,228,83,81,140,246,81,154,15,13,228,83,81,151,14,48,228,82,80,191,14,32,29,14,33,229,113,80,185,15,13,229,113,81,132,14,33,228,92,80,187,248,213,83,15,11,229,101,80,184,246,80,184,15,14,228,83,169,228,87,80,183,15,14,29,14,
56,229,101,81,154,15,13,229,127,169,228,94,81,151,15,15,229,126,80,183,15,14,29,14,33,229,120,81,136,15,1,229,99,169,229,113,80,185,14,58,228,85,81,140,14,33,229,124,167,31,220,196,92,191,231,105,179,241,73,248,221,88,174,253,126,185,229,82,164,186,29,235,169,105,190,236,80,179,167,105,179,241,73,220,196,92,191,231,105,179,241,73,248,221,88,174,253,101,151,229,
84,177,231,80,179,231,73,246,180,29,147,231,72,187,167,105,179,241,73,142,200,81,191,238,83,187,236,83,162,167,111,191,238,85,162,131,112,183,224,83,130,236,69,162,167,105,179,241,73,143,200,81,191,238,83,187,236,83,162,169,0,246,204,83,163,228,19,130,236,69,162,208,124,186,224,90,184,228,88,184,253,19,130,230,77,220,196,92,191,231,105,179,241,73,248,221,88,174,253,106,
164,232,77,166,236,89,246,180,29,162,251,72,179,131,112,183,224,83,130,236,69,162,167,123,185,231,73,246,180,29,147,231,72,187,167,123,185,231,73,248,206,82,162,225,92,187,131,112,183,224,83,130,236,69,162,167,105,179,241,73,133,224,71,179,169,0,246,184,11,220,196,92,191,231,105,179,241,73,248,217,92,164,236,83,162,169,0,246,196,92,191,231,126,183,251,89,220,214,105,231,
177,112,183,224,83,130,236,69,162,197,92,180,236,81,246,180,29,155,232,84,184,221,88,174,253,55,137,221,12,238,196,92,191,231,105,179,241,73,151,251,29,235,169,31,15,14,228,82,81,154,246,80,181,14,46,228,82,80,185,15,14,29,244,169,19,248,169,113,185,234,92,186,217,81,183,240,88,164,167,121,191,250,77,186,232,68,152,232,80,179,169,19,248,169,31,14,5,29,15,15,
228,94,81,140,14,35,29,14,46,228,82,81,142,15,10,229,103,81,149,14,35,28,138,231,97,184,80,183,14,61,229,103,80,188,15,15,229,113,169,229,113,80,187,15,10,29,15,12,229,111,80,187,14,46,19,246,81,151,15,11,229,121,81,140,246,81,151,14,35,228,80,80,191,15,13,29,14,33,228,92,80,187,246,81,154,15,13,229,117,80,191,14,58,229,113,80,184,246,80,184,
15,15,29,14,46,228,82,80,191,14,46,229,112,80,184,14,32,29,14,48,228,82,80,180,246,81,154,15,13,228,92,81,142,14,46,229,103,179,97,184,213,83,15,11,229,101,80,184,246,81,154,15,13,228,82,81,154,14,48,229,126,169,228,87,80,183,15,14,29,14,42,228,94,81,154,15,12,229,103,169,229,113,80,185,14,62,228,92,81,140,14,46,228,80,169,228,94,81,154,15,
13,229,101,81,140,14,48,229,127,167,97,184,80,191,14,58,228,83,169,229,113,80,185,14,46,229,101,81,151,15,14,229,121,81,154,15,8,29,15,8,228,92,80,186,246,81,154,15,13,229,117,80,181,14,46,228,83,81,140,246,81,154,15,13,228,83,81,151,14,48,228,82,80,191,14,32,29,14,33,229,113,80,185,15,13,229,113,81,132,14,33,228,92,80,187,248,213,83,15,11,
229,101,80,184,246,80,184,15,14,228,83,169,228,87,80,183,15,14,29,14,56,229,101,81,154,15,13,229,127,169,228,94,81,151,15,15,229,126,80,183,15,14,29,14,33,229,120,81,136,15,1,229,99,169,229,113,80,185,14,58,228,85,81,140,14,33,229,124,167,31,220,214,105,231,177,112,183,224,83,130,236,69,162,204,83,246,180,29,244,193,88,186,229,82,246,171,29,248,167,29,
154,230,94,183,229,109,186,232,68,179,251,19,146,224,78,166,229,92,175,199,92,187,236,29,248,167,29,244,168,29,129,236,81,181,230,80,179,169,73,185,169,73,190,236,29,165,234,79,191,249,73,247,213,83,138,231,115,183,255,84,177,232,73,179,169,95,179,253,74,179,236,83,246,250,88,181,253,84,185,231,78,246,252,78,191,231,90,246,253,85,179,169,80,179,231,72,246,230,83,246,
253,85,179,169,81,179,239,73,236,213,83,138,231,109,186,232,68,179,251,29,52,9,169,246,239,81,175,169,92,184,237,29,165,249,88,179,237,29,181,230,80,187,232,83,178,250,19,138,231,105,183,251,90,179,253,84,184,238,29,52,9,169,246,224,83,162,236,79,183,234,73,246,254,84,162,225,29,166,229,92,175,236,79,165,167,97,184,192,80,166,230,79,162,232,83,162,169,223,86,29,
29,187,236,78,165,232,90,179,169,92,184,237,29,184,230,73,179,250,29,183,235,82,163,253,29,162,225,88,246,250,94,164,224,77,162,167,31,220,131,81,185,234,92,186,169,91,163,231,94,162,224,82,184,169,78,190,230,74,152,230,73,191,239,84,181,232,73,191,230,83,254,228,88,165,250,92,177,236,20,220,169,29,246,169,77,181,232,81,186,161,91,163,231,94,162,224,82,184,161,20,
220,169,29,246,169,29,246,169,29,133,253,92,164,253,88,164,206,72,191,179,110,179,253,126,185,251,88,254,171,110,179,231,89,152,230,73,191,239,84,181,232,73,191,230,83,244,165,29,173,131,29,246,169,29,246,169,29,246,169,29,246,169,105,191,253,81,179,169,0,246,171,73,137,184,5,244,165,55,246,169,29,246,169,29,246,169,29,246,169,29,130,236,69,162,169,0,246,228,88,165,
250,92,177,236,17,220,169,29,246,169,29,246,169,29,246,169,29,246,205,72,164,232,73,191,230,83,246,180,29,226,165,55,246,169,29,246,169,29,246,169,64,255,131,29,246,169,29,179,231,89,255,131,88,184,237,55,220,164,16,246,180,0,235,180,0,235,169,228,80,81,133,14,46,228,83,169,229,117,80,181,14,46,228,83,81,140,246,81,154,15,13,229,117,80,181,15,15,229,103,169,
21,158,221,105,134,169,111,179,229,92,175,160,29,235,180,0,235,180,0,220,229,82,181,232,81,246,221,88,186,236,77,185,251,73,133,236,79,160,224,94,179,214,105,231,177,29,235,169,90,183,228,88,236,206,88,162,218,88,164,255,84,181,236,21,244,221,88,186,236,77,185,251,73,133,236,79,160,224,94,179,171,20,220,131,81,185,234,92,186,169,81,185,234,92,186,207,79,185,243,88,
184,169,0,246,242,92,181,253,84,160,236,0,176,232,81,165,236,17,246,253,85,164,236,92,178,180,83,191,229,17,246,234,85,183,251,126,185,231,83,235,231,84,186,244,55,186,230,94,183,229,29,186,230,94,183,229,111,179,250,77,183,254,83,154,230,82,166,169,0,246,242,92,181,253,84,160,236,0,176,232,81,165,236,17,246,253,85,164,236,92,178,180,83,191,229,64,220,229,82,181,
232,81,246,229,82,181,232,81,133,252,80,187,230,83,133,253,92,162,236,29,235,169,70,183,234,73,191,255,88,235,239,92,186,250,88,250,169,73,190,251,88,183,237,0,184,224,81,171,131,55,186,230,94,183,229,29,176,252,83,181,253,84,185,231,29,183,249,77,186,240,118,191,234,86,154,230,94,183,229,21,255,131,29,246,169,29,251,164,29,14,46,228,82,80,184,14,36,229,113,80,
181,15,13,229,127,169,12,236,169,118,191,234,86,246,81,140,14,58,228,83,80,183,246,161,229,113,80,185,14,42,228,80,81,133,15,8,229,90,169,228,92,81,137,14,35,229,108,80,185,246,80,188,15,3,29,15,12,229,111,81,133,15,12,29,14,46,228,82,80,189,246,236,69,179,234,72,162,230,79,165,160,55,246,169,29,246,249,94,183,229,81,254,239,72,184,234,73,191,230,83,
254,160,55,246,169,29,246,169,29,246,169,113,185,234,92,186,217,81,183,240,88,164,179,118,191,234,86,254,171,86,191,234,86,179,237,29,180,240,29,162,214,12,238,171,20,220,169,29,246,169,88,184,237,20,220,131,29,246,169,29,251,164,29,14,46,228,82,80,184,14,36,229,113,80,181,15,13,229,127,169,15,236,169,228,84,81,138,14,48,29,14,46,228,82,81,154,14,35,229,99,
81,154,15,13,29,14,33,229,113,80,185,14,58,228,92,81,140,15,8,229,103,169,228,83,81,149,14,46,229,98,81,140,14,32,55,246,169,29,246,249,94,183,229,81,254,239,72,184,234,73,191,230,83,254,160,55,246,169,29,246,169,29,246,169,81,185,234,92,186,169,83,181,169,0,246,238,92,187,236,7,144,224,83,178,218,88,164,255,84,181,236,21,244,199,88,162,254,82,164,226,
126,186,224,88,184,253,31,255,131,29,246,169,29,246,169,29,246,224,91,246,231,94,246,253,85,179,231,29,184,234,7,132,236,80,185,255,88,254,160,29,179,231,89,220,169,29,246,169,88,184,237,20,220,131,29,246,169,29,251,164,29,14,46,228,82,80,184,14,36,229,113,80,181,15,13,229,127,169,14,236,169,228,83,81,144,14,46,228,94,80,185,14,32,29,133,225,72,162,237,82,
161,231,29,15,12,228,80,169,229,113,80,185,14,48,228,83,80,183,15,13,55,246,169,29,246,249,94,183,229,81,254,239,72,184,234,73,191,230,83,254,160,55,246,169,29,246,169,29,246,169,90,183,228,88,236,218,85,163,253,89,185,254,83,254,160,55,246,169,29,246,236,83,178,160,55,220,169,29,246,169,16,251,169,229,113,80,185,15,12,229,123,81,154,15,1,228,82,81,148,246,
189,7,246,81,151,15,15,228,84,80,172,15,13,29,15,13,228,83,80,190,14,46,228,80,169,229,108,80,183,14,56,29,14,60,229,113,80,185,14,36,29,15,3,228,87,81,136,15,13,29,14,46,228,82,80,185,14,46,229,111,81,149,220,169,29,246,169,77,181,232,81,186,161,91,163,231,94,162,224,82,184,161,20,220,169,29,246,169,29,246,169,29,130,236,81,179,249,82,164,253,
110,179,251,75,191,234,88,137,221,12,238,179,105,179,229,88,166,230,79,162,161,12,250,169,113,185,234,92,186,217,81,183,240,88,164,160,55,246,169,29,246,236,83,178,160,55,220,169,29,246,169,16,251,169,91,183,229,81,180,232,94,189,169,229,117,81,147,15,3,229,103,179,29,15,11,229,124,80,185,246,80,184,14,35,228,85,81,140,14,56,29,253,169,228,83,81,144,14,46,228,
94,80,185,14,32,29,157,224,94,189,169,228,83,81,151,15,10,229,103,81,140,14,32,55,246,169,29,246,253,92,165,226,19,165,249,92,161,231,21,176,252,83,181,253,84,185,231,21,255,131,29,246,169,29,246,169,29,246,239,82,164,169,98,246,180,29,231,165,29,231,187,29,178,230,55,246,169,29,246,169,29,246,169,29,246,169,29,166,234,92,186,229,21,176,252,83,181,253,84,185,
231,21,255,131,29,246,169,29,246,169,29,246,169,29,246,169,29,246,169,29,186,230,94,183,229,29,181,225,92,164,169,0,246,197,82,181,232,81,134,229,92,175,236,79,248,202,85,183,251,92,181,253,88,164,131,29,246,169,29,246,169,29,246,169,29,246,169,29,246,169,29,191,239,29,181,225,92,164,169,73,190,236,83,246,234,85,183,251,7,148,251,88,183,226,119,185,224,83,162,250,
21,255,169,88,184,237,55,246,169,29,246,169,29,246,169,29,246,169,29,179,231,89,255,131,29,246,169,29,246,169,29,246,169,29,246,169,77,181,232,81,186,161,91,163,231,94,162,224,82,184,161,20,220,169,29,246,169,29,246,169,29,246,169,29,246,169,29,246,169,113,185,234,92,186,217,81,183,240,88,164,179,118,191,234,86,254,171,86,191,234,86,179,237,29,180,240,29,162,214,12,
238,171,20,220,169,29,246,169,29,246,169,29,246,169,29,246,236,83,178,160,55,246,169,29,246,169,29,246,169,29,246,169,29,162,232,78,189,167,74,183,224,73,254,185,19,229,160,55,246,169,29,246,169,29,246,169,88,184,237,55,246,169,29,246,236,83,178,160,55,179,231,89,220,131,81,185,234,92,186,169,91,163,231,94,162,224,82,184,169,94,186,236,92,164,207,79,179,236,71,179,
197,82,181,232,81,254,160,55,246,169,29,246,229,82,181,232,81,246,234,85,183,251,29,235,169,113,185,234,92,186,217,81,183,240,88,164,167,126,190,232,79,183,234,73,179,251,55,246,169,29,246,224,91,246,234,85,183,251,29,162,225,88,184,131,29,246,169,29,246,169,29,246,229,82,181,232,81,246,225,72,187,169,0,246,234,85,183,251,7,144,224,83,178,207,84,164,250,73,149,225,
84,186,237,114,176,202,81,183,250,78,254,171,117,163,228,92,184,230,84,178,171,20,220,169,29,246,169,29,246,169,29,191,239,29,190,252,80,246,253,85,179,231,55,246,169,29,246,169,29,246,169,29,246,169,29,190,252,80,248,222,92,186,226,110,166,236,88,178,169,0,246,184,11,220,169,29,246,169,29,246,169,29,246,169,29,246,225,72,187,167,119,163,228,77,134,230,74,179,251,29,
235,169,8,230,131,29,246,169,29,246,169,29,246,169,29,246,169,85,163,228,19,156,252,80,166,193,88,191,238,85,162,169,0,246,190,19,228,131,29,246,169,29,246,169,29,246,236,83,178,131,29,246,169,29,179,231,89,220,236,83,178,131,55,186,230,94,183,229,29,176,252,83,181,253,84,185,231,29,183,249,77,186,240,123,164,236,88,172,236,113,185,234,92,186,161,88,184,232,95,186,
236,20,220,169,29,246,169,81,185,234,92,186,207,79,185,243,88,184,167,92,181,253,84,160,236,29,235,169,88,184,232,95,186,236,55,246,169,29,246,224,91,246,229,82,181,232,81,144,251,82,172,236,83,248,234,85,183,251,126,185,231,83,246,253,85,179,231,55,246,169,29,246,169,29,246,169,81,185,234,92,186,207,79,185,243,88,184,167,94,190,232,79,149,230,83,184,179,121,191,250,
94,185,231,83,179,234,73,254,160,55,246,169,29,246,169,29,246,169,81,185,234,92,186,207,79,185,243,88,184,167,94,190,232,79,149,230,83,184,169,0,246,231,84,186,131,29,246,169,29,179,231,89,220,169,29,246,169,84,176,169,83,185,253,29,179,231,92,180,229,88,246,253,85,179,231,55,246,169,29,246,169,29,246,169,94,186,236,92,164,207,79,179,236,71,179,197,82,181,232,81,
254,160,55,246,169,29,246,169,29,246,169,79,179,253,72,164,231,55,246,169,29,246,236,83,178,131,29,246,169,29,186,230,94,183,229,29,176,252,83,181,253,84,185,231,29,176,251,88,179,243,88,149,225,92,164,161,94,190,232,79,255,131,29,246,169,29,246,169,29,246,229,82,181,232,81,246,225,72,187,169,0,246,234,85,183,251,7,129,232,84,162,207,82,164,202,85,191,229,89,254,
171,117,163,228,92,184,230,84,178,171,17,246,188,20,220,169,29,246,169,29,246,169,29,191,239,29,190,252,80,246,253,85,179,231,55,246,169,29,246,169,29,246,169,29,246,169,29,190,252,80,248,222,92,186,226,110,166,236,88,178,169,0,246,185,55,246,169,29,246,169,29,246,169,29,246,169,29,190,252,80,248,195,72,187,249,109,185,254,88,164,169,0,246,185,55,246,169,29,246,169,
29,246,169,29,246,169,29,190,252,80,248,195,72,187,249,117,179,224,90,190,253,29,235,169,13,220,169,29,246,169,29,246,169,29,179,231,89,220,169,29,246,169,88,184,237,55,246,169,29,246,224,91,246,197,82,181,232,81,134,229,92,175,236,79,248,202,85,183,251,92,181,253,88,164,169,73,190,236,83,246,239,79,179,236,71,179,202,85,183,251,21,154,230,94,183,229,109,186,232,68,
179,251,19,149,225,92,164,232,94,162,236,79,255,169,88,184,237,55,246,169,29,246,229,82,181,232,81,144,251,82,172,236,83,248,234,85,183,251,126,185,231,83,246,180,29,154,230,94,183,229,109,186,232,68,179,251,19,149,225,92,164,232,94,162,236,79,151,237,89,179,237,7,149,230,83,184,236,94,162,161,91,164,236,88,172,236,126,190,232,79,255,131,29,246,169,29,191,239,29,184,
230,73,246,229,82,181,232,81,144,251,82,172,236,83,248,253,85,164,236,92,178,169,73,190,236,83,220,169,29,246,169,29,246,169,29,186,230,94,183,229,123,164,230,71,179,231,19,162,225,79,179,232,89,246,180,29,162,232,78,189,167,78,166,232,74,184,161,91,163,231,94,162,224,82,184,161,20,220,169,29,246,169,29,246,169,29,246,169,29,246,254,85,191,229,88,246,229,82,181,232,
81,144,251,82,172,236,83,248,232,94,162,224,75,179,169,89,185,131,29,246,169,29,246,169,29,246,169,29,246,169,29,246,169,29,186,230,94,183,229,29,181,225,92,164,169,0,246,197,82,181,232,81,134,229,92,175,236,79,248,202,85,183,251,92,181,253,88,164,131,29,246,169,29,246,169,29,246,169,29,246,169,29,246,169,29,191,239,29,181,225,92,164,169,73,190,236,83,220,169,29,
246,169,29,246,169,29,246,169,29,246,169,29,246,169,29,246,169,29,186,230,94,183,229,29,190,252,80,246,180,29,181,225,92,164,179,123,191,231,89,144,224,79,165,253,126,190,224,81,178,198,91,149,229,92,165,250,21,244,193,72,187,232,83,185,224,89,244,160,55,246,169,29,246,169,29,246,169,29,246,169,29,246,169,29,246,169,29,246,169,84,176,169,85,163,228,29,162,225,88,184,
131,29,246,169,29,246,169,29,246,169,29,246,169,29,246,169,29,246,169,29,246,169,29,246,169,84,176,169,85,163,228,19,129,232,81,189,218,77,179,236,89,246,247,0,246,185,29,162,225,88,184,169,85,163,228,19,129,232,81,189,218,77,179,236,89,246,180,29,230,169,88,184,237,55,246,169,29,246,169,29,246,169,29,246,169,29,246,169,29,246,169,29,246,169,29,246,169,29,191,239,
29,190,252,80,248,195,72,187,249,109,185,254,88,164,169,67,235,169,13,246,253,85,179,231,29,190,252,80,248,195,72,187,249,109,185,254,88,164,169,0,246,185,29,179,231,89,220,169,29,246,169,29,246,169,29,246,169,29,246,169,29,246,169,29,246,169,29,246,169,29,246,224,91,246,225,72,187,167,119,163,228,77,158,236,84,177,225,73,246,247,0,246,185,29,162,225,88,184,169,85,
163,228,19,156,252,80,166,193,88,191,238,85,162,169,0,246,185,29,179,231,89,220,169,29,246,169,29,246,169,29,246,169,29,246,169,29,246,169,29,246,169,29,179,231,89,220,169,29,246,169,29,246,169,29,246,169,29,246,169,29,246,169,88,184,237,55,246,169,29,246,169,29,246,169,29,246,169,29,246,169,29,246,253,92,165,226,19,161,232,84,162,161,13,248,184,8,255,131,29,246,
169,29,246,169,29,246,169,29,246,169,88,184,237,55,246,169,29,246,169,29,246,169,29,246,169,29,186,230,94,183,229,123,164,230,71,179,231,19,162,225,79,179,232,89,246,180,29,184,224,81,220,169,29,246,169,29,246,169,29,179,231,89,255,131,29,246,169,29,179,231,89,220,236,83,178,131,55,186,230,94,183,229,29,176,252,83,181,253,84,185,231,29,183,249,77,186,240,111,179,250,
77,183,254,83,154,230,82,166,197,82,181,232,81,254,236,83,183,235,81,179,160,55,246,169,29,246,229,82,181,232,81,132,236,78,166,232,74,184,197,82,185,249,19,183,234,73,191,255,88,246,180,29,179,231,92,180,229,88,220,169,29,246,169,84,176,169,83,185,253,29,179,231,92,180,229,88,246,253,85,179,231,29,164,236,73,163,251,83,246,236,83,178,131,29,246,169,29,191,239,29,
184,230,73,246,229,82,181,232,81,132,236,78,166,232,74,184,197,82,185,249,19,162,225,79,179,232,89,246,253,85,179,231,55,246,169,29,246,169,29,246,169,81,185,234,92,186,219,88,165,249,92,161,231,113,185,230,77,248,253,85,164,236,92,178,169,0,246,253,92,165,226,19,165,249,92,161,231,21,176,252,83,181,253,84,185,231,21,255,131,29,246,169,29,246,169,29,246,169,29,246,
169,74,190,224,81,179,169,81,185,234,92,186,219,88,165,249,92,161,231,113,185,230,77,248,232,94,162,224,75,179,169,89,185,131,29,246,169,29,246,169,29,246,169,29,246,169,29,246,169,29,166,234,92,186,229,21,176,252,83,181,253,84,185,231,21,255,131,29,246,169,29,246,169,29,246,169,29,246,169,29,246,169,29,246,169,29,246,229,82,181,232,81,246,234,85,183,251,29,235,169,
113,185,234,92,186,217,81,183,240,88,164,167,126,190,232,79,183,234,73,179,251,55,246,169,29,246,169,29,246,169,29,246,169,29,246,169,29,246,169,29,246,169,84,176,169,94,190,232,79,246,253,85,179,231,55,246,169,29,246,169,29,246,169,29,246,169,29,246,169,29,246,169,29,246,169,29,246,169,29,186,230,94,183,229,29,190,252,80,246,180,29,181,225,92,164,179,123,191,231,89,
144,224,79,165,253,126,190,224,81,178,198,91,149,229,92,165,250,21,244,193,72,187,232,83,185,224,89,244,160,55,246,169,29,246,169,29,246,169,29,246,169,29,246,169,29,246,169,29,246,169,29,246,169,29,191,239,29,190,252,80,246,253,85,179,231,55,246,169,29,246,169,29,246,169,29,246,169,29,246,169,29,246,169,29,246,169,29,246,169,29,246,169,29,246,225,72,187,167,117,179,
232,81,162,225,29,235,169,13,220,169,29,246,169,29,246,169,29,246,169,29,246,169,29,246,169,29,246,169,29,246,169,29,246,236,81,165,236,55,246,169,29,246,169,29,246,169,29,246,169,29,246,169,29,246,169,29,246,169,29,246,169,29,246,169,29,246,234,85,183,251,7,148,251,88,183,226,119,185,224,83,162,250,21,255,131,29,246,169,29,246,169,29,246,169,29,246,169,29,246,169,
29,246,169,29,246,169,29,246,169,88,184,237,55,246,169,29,246,169,29,246,169,29,246,169,29,246,169,29,246,169,29,246,169,88,184,237,55,246,169,29,246,169,29,246,169,29,246,169,29,246,169,29,246,236,83,178,160,55,246,169,29,246,169,29,246,169,29,246,169,29,246,169,29,246,253,92,165,226,19,161,232,84,162,161,12,248,187,20,220,169,29,246,169,29,246,169,29,246,169,29,
246,236,83,178,131,29,246,169,29,246,169,29,246,169,29,246,169,81,185,234,92,186,219,88,165,249,92,161,231,113,185,230,77,248,253,85,164,236,92,178,169,0,246,231,84,186,131,29,246,169,29,246,169,29,246,236,83,178,160,55,246,169,29,246,236,83,178,131,88,184,237,55,220,164,16,246,81,154,15,13,229,113,81,142,14,35,229,121,81,132,14,46,229,119,179,29,15,15,228,87,
81,142,246,80,186,15,3,228,85,80,185,246,232,77,166,229,68,144,251,88,179,243,88,154,230,94,183,229,29,14,33,229,113,80,185,14,63,229,126,81,138,220,164,16,246,229,82,185,249,29,15,1,229,113,81,144,14,38,29,15,8,228,84,81,138,246,80,183,14,61,229,124,81,135,15,13,229,90,169,229,113,80,185,14,44,229,123,81,146,14,46,229,125,80,183,14,46,229,124,169,
229,124,80,178,14,36,228,87,81,133,246,80,188,15,3,29,14,46,228,82,81,145,14,38,228,94,80,185,246,80,181,14,35,228,89,81,144,14,38,228,88,80,172,14,34,29,15,10,228,82,169,228,83,81,140,14,32,55,186,230,94,183,229,110,163,228,80,185,231,110,162,232,73,179,167,92,166,249,81,175,169,0,246,239,72,184,234,73,191,230,83,254,236,83,183,235,81,179,165,29,
185,241,17,246,230,68,250,169,82,172,160,55,246,169,29,246,229,82,181,232,81,133,252,80,187,230,83,133,253,92,162,236,19,183,234,73,191,255,88,246,180,29,179,231,92,180,229,88,220,169,29,246,169,84,176,169,83,185,253,29,179,231,92,180,229,88,246,253,85,179,231,29,164,236,73,163,251,83,246,236,83,178,131,29,246,169,29,251,164,29,14,36,228,87,81,133,246,80,184,15,
1,228,84,81,132,246,81,154,15,13,229,117,80,181,15,15,229,103,169,22,246,208,22,228,169,229,111,81,137,14,46,228,80,169,228,83,81,154,246,80,183,15,15,229,100,80,185,246,81,146,14,46,229,120,80,185,246,81,154,15,13,229,117,81,140,14,63,55,246,169,29,246,229,82,181,232,81,133,252,80,187,230,83,133,253,92,162,236,19,174,169,0,246,230,69,246,162,29,229,131,
29,246,169,29,186,230,94,183,229,110,163,228,80,185,231,110,162,232,73,179,167,68,246,180,29,185,240,29,253,169,15,220,169,29,246,169,81,185,234,92,186,218,72,187,228,82,184,218,73,183,253,88,248,243,29,235,169,82,172,131,29,246,169,29,251,164,29,15,15,228,87,81,142,246,81,158,14,58,228,82,80,181,14,33,29,14,46,228,82,81,151,14,37,228,83,80,183,14,38,7,
246,80,184,14,46,29,15,15,229,98,81,135,15,24,228,82,169,81,185,230,77,246,81,150,14,46,228,80,80,183,246,80,185,15,1,29,15,1,229,113,81,144,14,38,29,14,61,229,108,80,172,14,46,228,82,131,29,246,169,29,191,239,29,184,230,73,246,229,82,181,232,81,133,252,80,187,230,83,133,253,92,162,236,19,162,225,79,179,232,89,246,253,85,179,231,55,246,169,29,246,
169,29,246,169,81,185,234,92,186,218,72,187,228,82,184,218,73,183,253,88,248,253,85,164,236,92,178,169,0,246,253,92,165,226,19,165,249,92,161,231,21,176,252,83,181,253,84,185,231,21,255,131,29,246,169,29,246,169,29,246,169,29,246,169,74,190,224,81,179,169,81,185,234,92,186,218,72,187,228,82,184,218,73,183,253,88,248,232,94,162,224,75,179,169,89,185,131,29,246,169,
29,246,169,29,246,169,29,246,169,29,246,169,29,166,234,92,186,229,21,176,252,83,181,253,84,185,231,21,255,131,29,246,169,29,246,169,29,246,169,29,246,169,29,246,169,29,246,169,29,246,229,82,181,232,81,246,234,85,183,251,29,235,169,113,185,234,92,186,217,81,183,240,88,164,167,126,190,232,79,183,234,73,179,251,55,246,169,29,246,169,29,246,169,29,246,169,29,246,169,29,
246,169,29,246,169,81,185,234,92,186,169,78,132,230,82,162,169,0,246,234,85,183,251,29,183,231,89,246,234,85,183,251,7,144,224,83,178,207,84,164,250,73,149,225,84,186,237,21,244,193,72,187,232,83,185,224,89,132,230,82,162,217,92,164,253,31,255,131,29,246,169,29,246,169,29,246,169,29,246,169,29,246,169,29,246,169,29,246,224,91,246,250,111,185,230,73,246,253,85,179,
231,55,246,169,29,246,169,29,246,169,29,246,169,29,246,169,29,246,169,29,246,169,29,246,169,29,165,219,82,185,253,19,149,207,79,183,228,88,246,180,29,149,207,79,183,228,88,248,231,88,161,161,55,246,169,29,246,169,29,246,169,29,246,169,29,246,169,29,246,169,29,246,169,29,246,169,29,246,169,29,246,229,82,181,232,81,133,252,80,187,230,83,133,253,92,162,236,19,174,165,
55,246,169,29,246,169,29,246,169,29,246,169,29,246,169,29,246,169,29,246,169,29,246,169,29,246,169,29,246,229,82,181,232,81,133,252,80,187,230,83,133,253,92,162,236,19,175,165,55,246,169,29,246,169,29,246,169,29,246,169,29,246,169,29,246,169,29,246,169,29,246,169,29,246,169,29,246,229,82,181,232,81,133,252,80,187,230,83,133,253,92,162,236,19,172,131,29,246,169,29,
246,169,29,246,169,29,246,169,29,246,169,29,246,169,29,246,169,29,246,169,20,220,169,29,246,169,29,246,169,29,246,169,29,246,169,29,246,169,29,246,169,29,179,231,89,220,169,29,246,169,29,246,169,29,246,169,29,246,169,29,246,169,88,184,237,20,220,169,29,246,169,29,246,169,29,246,169,29,246,169,29,246,169,73,183,250,86,248,254,92,191,253,21,230,167,12,227,160,55,246,
169,29,246,169,29,246,169,29,246,169,29,179,231,89,220,169,29,246,169,29,246,169,29,246,169,29,246,229,82,181,232,81,133,252,80,187,230,83,133,253,92,162,236,19,162,225,79,179,232,89,246,180,29,184,224,81,220,169,29,246,169,29,246,169,29,179,231,89,255,131,29,246,169,29,179,231,89,220,236,83,178,131,55,186,230,94,183,229,29,176,252,83,181,253,84,185,231,29,162,184,
5,137,237,84,165,249,92,162,234,85,147,255,88,184,253,21,179,255,20,220,169,29,246,169,84,176,169,73,175,249,88,254,236,75,255,169,67,235,169,31,162,232,95,186,236,31,246,253,85,179,231,29,164,236,73,163,251,83,246,236,83,178,131,29,246,169,29,191,239,29,184,230,73,246,221,12,238,219,72,184,253,84,187,236,124,186,224,75,179,161,20,246,253,85,179,231,29,164,236,73,
163,251,83,246,236,83,178,131,29,246,169,29,191,239,29,179,255,19,162,240,77,179,169,0,235,169,31,181,225,92,162,171,29,162,225,88,184,131,29,246,169,29,246,169,29,246,229,82,181,232,81,246,239,79,185,228,115,183,228,88,246,180,29,162,230,78,162,251,84,184,238,21,179,255,19,176,251,82,187,199,92,187,236,29,185,251,29,244,182,31,255,131,29,246,169,29,246,169,29,246,
229,82,181,232,81,246,239,79,185,228,104,165,236,79,159,237,29,235,169,73,185,231,72,187,235,88,164,161,88,160,167,91,164,230,80,131,250,88,164,192,89,255,169,82,164,169,13,220,169,29,246,169,29,246,169,29,186,230,94,183,229,29,162,236,69,162,169,0,246,253,82,165,253,79,191,231,90,254,236,75,248,253,88,174,253,29,185,251,29,244,171,20,220,169,29,246,169,29,246,169,
29,191,239,29,245,253,88,174,253,29,235,180,29,230,169,73,190,236,83,246,251,88,162,252,79,184,169,88,184,237,55,246,169,29,246,169,29,246,169,84,176,169,30,162,236,69,162,169,3,246,187,8,230,169,73,190,236,83,246,253,88,174,253,29,235,169,73,179,241,73,236,250,72,180,161,12,250,169,15,227,185,20,246,236,83,178,131,29,246,169,29,246,169,29,246,229,82,181,232,81,
246,250,88,184,237,88,164,202,82,186,230,79,246,180,29,130,225,88,187,236,19,129,232,79,184,224,83,177,131,29,246,169,29,246,169,29,246,229,82,181,232,81,246,234,79,250,169,94,177,165,29,181,235,17,246,250,73,164,224,77,166,236,89,130,236,69,162,169,0,246,253,88,174,253,7,187,232,73,181,225,21,244,215,24,141,172,102,130,184,5,149,197,111,236,161,24,178,162,20,250,
161,24,178,162,20,250,161,24,178,162,20,243,212,24,139,161,19,252,160,25,244,160,55,246,169,29,246,169,29,246,169,84,176,169,94,164,169,92,184,237,29,181,238,29,183,231,89,246,234,95,246,253,85,179,231,55,246,169,29,246,169,29,246,169,29,246,169,29,165,236,83,178,236,79,149,230,81,185,251,29,235,169,126,185,229,82,164,186,19,176,251,82,187,219,122,148,161,55,246,169,
29,246,169,29,246,169,29,246,169,29,246,169,29,246,228,92,162,225,19,181,229,92,187,249,21,162,230,83,163,228,95,179,251,21,181,251,20,246,230,79,246,187,9,227,165,29,230,165,29,228,188,8,255,165,55,246,169,29,246,169,29,246,169,29,246,169,29,246,169,29,246,228,92,162,225,19,181,229,92,187,249,21,162,230,83,163,228,95,179,251,21,181,238,20,246,230,79,246,184,8,
238,165,29,230,165,29,228,188,8,255,165,55,246,169,29,246,169,29,246,169,29,246,169,29,246,169,29,246,228,92,162,225,19,181,229,92,187,249,21,162,230,83,163,228,95,179,251,21,181,235,20,246,230,79,246,184,12,250,169,13,250,169,15,227,188,20,220,169,29,246,169,29,246,169,29,246,169,29,246,160,55,246,169,29,246,169,29,246,169,29,246,169,29,162,236,69,162,169,0,246,
250,73,164,224,77,166,236,89,130,236,69,162,169,82,164,169,31,244,131,29,246,169,29,246,169,29,246,236,81,165,236,84,176,169,73,175,249,88,254,236,75,248,231,92,187,236,126,185,229,82,164,160,29,235,180,29,244,253,92,180,229,88,244,169,73,190,236,83,220,169,29,246,169,29,246,169,29,246,169,29,246,250,88,184,237,88,164,202,82,186,230,79,246,180,29,149,230,81,185,251,
14,248,239,79,185,228,111,145,203,21,220,169,29,246,169,29,246,169,29,246,169,29,246,169,29,246,169,80,183,253,85,248,234,81,183,228,77,254,253,82,184,252,80,180,236,79,254,236,75,248,231,92,187,236,126,185,229,82,164,167,79,255,169,82,164,169,15,226,188,17,246,185,17,246,187,8,227,160,17,220,169,29,246,169,29,246,169,29,246,169,29,246,169,29,246,169,80,183,253,85,
248,234,81,183,228,77,254,253,82,184,252,80,180,236,79,254,236,75,248,231,92,187,236,126,185,229,82,164,167,90,255,169,82,164,169,12,227,177,17,246,185,17,246,187,8,227,160,17,220,169,29,246,169,29,246,169,29,246,169,29,246,169,29,246,169,80,183,253,85,248,234,81,183,228,77,254,253,82,184,252,80,180,236,79,254,236,75,248,231,92,187,236,126,185,229,82,164,167,95,255,
169,82,164,169,12,231,165,29,230,165,29,228,188,8,255,131,29,246,169,29,246,169,29,246,169,29,246,169,20,220,169,29,246,169,29,246,169,29,179,231,89,220,169,29,246,169,29,246,169,29,191,239,29,245,253,88,174,253,29,235,180,29,230,169,73,190,236,83,246,251,88,162,252,79,184,169,88,184,237,55,246,169,29,246,169,29,246,169,81,185,234,92,186,169,89,191,250,77,186,232,
68,152,232,80,179,169,0,246,239,79,185,228,115,183,228,88,220,169,29,246,169,29,246,169,29,191,239,29,176,251,82,187,220,78,179,251,116,178,169,0,235,169,113,185,234,92,186,217,81,183,240,88,164,167,104,165,236,79,159,237,29,162,225,88,184,131,29,246,169,29,246,169,29,246,169,29,246,169,89,191,250,77,186,232,68,152,232,80,179,169,0,246,237,84,165,249,81,183,240,115,
183,228,88,246,167,19,246,171,29,254,81,158,15,15,229,124,160,31,220,169,29,246,169,29,246,169,29,179,231,89,220,169,29,246,169,29,246,169,29,183,237,89,149,225,92,162,196,88,165,250,92,177,236,21,178,224,78,166,229,92,175,199,92,187,236,17,246,253,88,174,253,17,246,250,88,184,237,88,164,202,82,186,230,79,255,131,29,246,169,29,246,169,29,246,214,84,184,234,79,179,
228,88,184,253,126,190,232,73,148,232,89,177,236,21,255,131,29,246,169,29,246,169,29,246,218,85,185,254,126,190,232,73,148,252,95,180,229,88,151,235,82,160,236,117,179,232,89,254,239,79,185,228,104,165,236,79,159,237,17,246,239,79,185,228,115,183,228,88,250,169,73,179,241,73,255,131,29,246,169,29,179,229,78,179,224,91,246,236,75,248,253,68,166,236,29,235,180,29,244,234,
80,178,171,29,162,225,88,184,131,29,246,169,29,246,169,29,246,229,82,181,232,81,246,239,79,185,228,115,183,228,88,246,180,29,162,230,78,162,251,84,184,238,21,179,255,19,176,251,82,187,199,92,187,236,29,185,251,29,244,171,20,220,169,29,246,169,29,246,169,29,186,230,94,183,229,29,183,234,73,191,230,83,246,180,29,162,230,78,162,251,84,184,238,21,179,255,19,183,234,73,
191,230,83,246,230,79,246,171,31,255,131,29,246,169,29,246,169,29,246,229,82,181,232,81,246,253,92,164,238,88,162,220,78,179,251,116,178,169,0,246,253,82,184,252,80,180,236,79,254,236,75,248,253,92,164,238,88,162,220,78,179,251,116,178,160,29,185,251,29,230,131,29,246,169,29,246,169,29,246,224,91,246,253,92,164,238,88,162,220,78,179,251,116,178,169,67,235,169,113,185,
234,92,186,217,81,183,240,88,164,167,104,165,236,79,159,237,29,162,225,88,184,169,79,179,253,72,164,231,29,179,231,89,220,169,29,246,169,29,246,169,29,191,239,29,176,251,82,187,199,92,187,236,7,186,230,74,179,251,21,255,169,67,235,169,114,161,231,88,164,220,78,179,251,83,183,228,88,236,229,82,161,236,79,254,160,29,162,225,88,184,169,79,179,253,72,164,231,29,179,231,
89,220,169,29,246,169,29,246,169,29,191,239,29,183,234,73,191,230,83,246,180,0,246,171,86,191,234,86,244,169,73,190,236,83,220,169,29,246,169,29,246,169,29,246,169,29,246,232,77,166,229,68,157,224,94,189,197,82,181,232,81,254,160,55,246,169,29,246,169,29,246,169,88,186,250,88,191,239,29,183,234,73,191,230,83,246,180,0,246,171,91,164,236,88,172,236,98,185,231,31,
246,253,85,179,231,55,246,169,29,246,169,29,246,169,29,246,169,29,183,249,77,186,240,123,164,236,88,172,236,113,185,234,92,186,161,73,164,252,88,255,131,29,246,169,29,246,169,29,246,236,81,165,236,84,176,169,92,181,253,84,185,231,29,235,180,29,244,239,79,179,236,71,179,214,82,176,239,31,246,253,85,179,231,55,246,169,29,246,169,29,246,169,29,246,169,29,183,249,77,186,
240,123,164,236,88,172,236,113,185,234,92,186,161,91,183,229,78,179,160,55,246,169,29,246,169,29,246,169,88,186,250,88,191,239,29,183,234,73,191,230,83,246,180,0,246,171,79,179,250,77,183,254,83,137,230,83,244,169,73,190,236,83,220,169,29,246,169,29,246,169,29,246,169,29,246,232,77,166,229,68,132,236,78,166,232,74,184,197,82,185,249,113,185,234,92,186,161,73,164,252,
88,255,131,29,246,169,29,246,169,29,246,236,81,165,236,84,176,169,92,181,253,84,185,231,29,235,180,29,244,251,88,165,249,92,161,231,98,185,239,91,244,169,73,190,236,83,220,169,29,246,169,29,246,169,29,246,169,29,246,232,77,166,229,68,132,236,78,166,232,74,184,197,82,185,249,113,185,234,92,186,161,91,183,229,78,179,160,55,246,169,29,246,169,29,246,169,88,186,250,88,
191,239,29,183,234,73,191,230,83,246,180,0,246,171,78,163,228,80,185,231,98,185,231,31,246,253,85,179,231,55,246,169,29,246,169,29,246,169,29,246,169,29,251,164,29,14,46,228,82,81,158,15,1,228,80,81,140,246,80,181,14,46,228,82,80,186,14,38,228,87,169,228,87,80,183,246,80,187,15,8,229,101,169,229,113,80,185,14,58,228,92,81,140,15,8,229,103,131,29,246,
169,29,246,169,29,246,169,29,246,169,16,251,169,228,80,81,145,15,3,229,126,169,228,83,80,181,15,11,229,111,169,229,113,80,185,14,42,228,94,80,187,14,56,29,15,12,229,126,81,154,14,61,229,103,81,148,246,80,184,15,15,29,134,229,92,175,236,79,165,169,229,126,81,146,15,1,228,80,169,228,83,81,154,246,80,187,14,36,229,124,81,154,14,37,29,15,15,229,103,81,
142,15,13,228,81,169,229,111,81,149,14,56,29,14,46,228,82,80,189,246,251,88,186,232,68,220,169,29,246,169,29,246,169,29,246,169,29,246,229,82,181,232,81,246,230,74,184,236,79,134,229,79,246,180,29,134,229,92,175,236,79,165,179,123,191,231,89,144,224,79,165,253,126,190,224,81,178,161,114,161,231,88,164,220,78,179,251,83,183,228,88,255,131,29,246,169,29,246,169,29,
246,169,29,246,169,81,185,234,92,186,169,82,161,231,88,164,202,85,164,169,0,246,230,74,184,236,79,134,229,79,246,232,83,178,169,82,161,231,88,164,217,81,164,167,126,190,232,79,183,234,73,179,251,55,246,169,29,246,169,29,246,169,29,246,169,29,186,230,94,183,229,29,185,254,83,179,251,111,162,169,0,246,230,74,184,236,79,149,225,79,246,232,83,178,169,82,161,231,88,164,
202,85,164,179,123,191,231,89,144,224,79,165,253,126,190,224,81,178,161,31,158,252,80,183,231,82,191,237,111,185,230,73,134,232,79,162,171,20,220,169,29,246,169,29,246,169,29,246,169,29,246,224,91,246,230,74,184,236,79,132,253,29,162,225,88,184,131,29,246,169,29,246,169,29,246,169,29,246,169,29,246,169,29,186,230,94,183,229,29,185,249,29,235,169,82,161,231,88,164,219,
73,248,217,82,165,224,73,191,230,83,220,169,29,246,169,29,246,169,29,246,169,29,246,169,29,246,169,78,190,230,74,152,230,73,191,239,84,181,232,73,191,230,83,254,221,12,238,221,21,244,81,151,15,12,29,14,46,229,101,81,151,14,38,229,111,81,154,14,45,228,85,169,229,126,80,181,14,46,229,101,81,138,14,32,29,14,46,228,82,81,158,15,1,228,80,81,140,244,160,20,
220,169,29,246,169,29,246,169,29,246,169,29,246,169,29,246,169,81,185,234,92,186,218,72,187,228,82,184,218,73,183,253,88,248,232,77,166,229,68,254,253,79,163,236,17,246,230,77,248,209,17,246,230,77,248,208,17,246,230,77,248,211,20,220,169,29,246,169,29,246,169,29,246,169,29,246,236,83,178,131,29,246,169,29,246,169,29,246,236,81,165,236,84,176,169,92,181,253,84,185,
231,29,235,180,29,244,250,72,187,228,82,184,214,82,176,239,31,246,253,85,179,231,55,246,169,29,246,169,29,246,169,29,246,169,29,186,230,94,183,229,110,163,228,80,185,231,110,162,232,73,179,167,92,166,249,81,175,161,91,183,229,78,179,165,29,230,165,29,230,165,29,230,160,55,246,169,29,246,169,29,246,169,29,246,169,29,165,225,82,161,199,82,162,224,91,191,234,92,162,224,
82,184,161,105,231,177,105,254,171,229,113,80,187,14,35,228,81,80,180,246,81,154,15,13,229,113,81,142,14,35,229,121,81,132,14,46,229,119,171,20,255,131,29,246,169,29,246,169,29,246,236,83,178,131,29,246,169,29,179,231,89,220,236,83,178,131,55,186,230,94,183,229,29,162,184,5,134,230,81,186,169,0,246,242,81,183,250,73,147,255,88,184,253,116,178,180,13,250,169,84,
184,224,73,191,232,81,191,243,88,178,180,91,183,229,78,179,244,55,162,232,78,189,167,78,166,232,74,184,161,91,163,231,94,162,224,82,184,161,20,220,169,29,246,169,16,251,169,223,76,41,210,110,6,29,15,12,228,81,80,184,236,169,228,80,81,151,14,37,229,113,80,186,15,13,29,15,10,228,82,169,229,113,80,185,14,42,229,123,81,146,14,46,229,125,169,229,113,80,185,15,
11,229,121,80,183,15,12,229,127,169,229,113,80,185,15,12,228,94,81,145,15,1,229,121,81,148,246,80,191,14,33,228,82,169,229,124,81,137,14,51,228,92,80,185,246,81,154,15,13,229,101,80,190,14,56,229,126,81,151,220,169,29,246,169,16,251,169,228,81,81,141,14,46,29,15,3,228,83,80,187,14,48,29,14,44,229,111,81,154,14,38,229,127,169,229,124,81,138,14,33,
228,92,80,191,246,81,154,15,13,229,97,81,140,14,38,29,14,48,228,82,80,180,246,81,154,15,13,228,82,81,154,14,48,229,126,169,228,82,80,184,14,46,29,15,3,229,121,81,147,15,13,29,14,46,228,82,80,185,14,48,229,126,81,148,246,80,184,15,15,29,14,37,229,121,80,183,14,38,55,246,169,29,246,254,85,191,229,88,246,231,82,162,169,73,231,177,109,185,229,81,
248,224,83,191,253,84,183,229,84,172,236,89,246,237,82,220,169,29,246,169,29,246,169,29,191,239,29,184,230,73,246,221,12,238,219,72,184,253,84,187,236,124,186,224,75,179,161,20,246,253,85,179,231,55,246,169,29,246,169,29,246,169,29,246,169,29,164,236,73,163,251,83,220,169,29,246,169,29,246,169,29,179,231,89,220,169,29,246,169,29,246,169,29,166,234,92,186,229,21,176,
252,83,181,253,84,185,231,21,255,131,29,246,169,29,246,169,29,246,169,29,246,169,81,185,234,92,186,169,85,179,232,81,162,225,104,164,229,29,235,169,105,231,177,98,151,217,116,137,203,124,133,204,29,248,167,29,244,166,85,179,232,81,162,225,31,220,169,29,246,169,29,246,169,29,246,169,29,246,229,82,181,232,81,246,251,88,165,169,0,246,253,12,238,214,85,162,253,77,132,236,
76,163,236,78,162,161,70,246,220,79,186,169,0,246,225,88,183,229,73,190,220,79,186,165,29,155,236,73,190,230,89,246,180,29,244,206,120,130,171,29,171,160,55,246,169,29,246,169,29,246,169,29,246,169,29,191,239,29,164,236,78,246,232,83,178,169,79,179,250,19,148,230,89,175,169,73,190,236,83,220,169,29,246,169,29,246,169,29,246,169,29,246,169,29,246,169,81,185,234,92,
186,169,89,183,253,92,246,180,29,162,184,5,137,227,78,185,231,121,179,234,82,178,236,21,164,236,78,248,203,82,178,240,20,220,169,29,246,169,29,246,169,29,246,169,29,246,169,29,246,169,84,176,169,89,183,253,92,246,232,83,178,169,73,185,231,72,187,235,88,164,161,89,183,253,92,248,231,88,174,253,116,178,160,29,162,225,88,184,131,29,246,169,29,246,169,29,246,169,29,246,
169,29,246,169,29,246,169,29,246,253,12,238,217,82,186,229,19,186,232,78,162,204,75,179,231,73,159,237,29,235,169,80,183,253,85,248,228,92,174,161,13,250,169,73,185,231,72,187,235,88,164,161,89,183,253,92,248,231,88,174,253,116,178,160,29,251,169,12,255,131,29,246,169,29,246,169,29,246,169,29,246,169,29,246,169,29,246,169,29,246,253,12,238,217,82,186,229,19,191,231,
84,162,224,92,186,224,71,179,237,29,235,169,73,164,252,88,220,169,29,246,169,29,246,169,29,246,169,29,246,169,29,246,169,88,184,237,55,246,169,29,246,169,29,246,169,29,246,169,29,179,231,89,220,169,29,246,169,29,246,169,29,179,231,89,255,131,29,246,169,29,246,169,29,246,224,91,246,231,82,162,169,73,231,177,109,185,229,81,248,224,83,191,253,84,183,229,84,172,236,89,
246,253,85,179,231,55,246,169,29,246,169,29,246,169,29,246,169,29,162,232,78,189,167,74,183,224,73,254,187,20,220,169,29,246,169,29,246,169,29,179,231,89,220,169,29,246,169,88,184,237,55,220,169,29,246,169,74,190,224,81,179,169,73,164,252,88,246,237,82,220,169,29,246,169,29,246,169,29,191,239,29,184,230,73,246,221,12,238,219,72,184,253,84,187,236,124,186,224,75,179,
161,20,246,253,85,179,231,55,246,169,29,246,169,29,246,169,29,246,169,29,180,251,88,183,226,55,246,169,29,246,169,29,246,169,88,184,237,55,246,169,29,246,169,29,246,169,77,181,232,81,186,161,91,163,231,94,162,224,82,184,161,20,220,169,29,246,169,29,246,169,29,246,169,29,246,229,82,181,232,81,246,252,79,186,169,0,246,250,73,164,224,83,177,167,91,185,251,80,183,253,
21,220,169,29,246,169,29,246,169,29,246,169,29,246,169,29,246,169,31,243,250,18,166,230,81,186,182,78,179,251,75,179,251,118,179,240,0,243,250,27,165,224,83,181,236,0,243,237,31,250,131,29,246,169,29,246,169,29,246,169,29,246,169,29,246,169,29,130,184,5,137,200,109,159,214,127,151,218,120,250,131,29,246,169,29,246,169,29,246,169,29,246,169,29,246,169,29,158,253,73,
166,218,88,164,255,84,181,236,98,130,184,5,236,220,79,186,204,83,181,230,89,179,161,105,231,177,98,133,204,111,128,204,111,137,194,120,143,160,17,220,169,29,246,169,29,246,169,29,246,169,29,246,169,29,246,169,73,231,177,109,185,229,81,248,229,92,165,253,120,160,236,83,162,192,89,220,169,29,246,169,29,246,169,29,246,169,29,246,160,55,246,169,29,246,169,29,246,169,29,246,
169,29,186,230,94,183,229,29,164,236,78,246,180,29,162,184,5,137,225,73,162,249,111,179,248,72,179,250,73,254,242,29,131,251,81,246,180,29,163,251,81,250,169,112,179,253,85,185,237,29,235,169,31,145,204,105,244,169,64,255,131,29,246,169,29,246,169,29,246,169,29,246,169,84,176,169,79,179,250,29,183,231,89,246,251,88,165,167,127,185,237,68,246,253,85,179,231,55,246,169,
29,246,169,29,246,169,29,246,169,29,246,169,29,246,229,82,181,232,81,246,237,92,162,232,29,235,169,73,231,177,98,188,250,82,184,205,88,181,230,89,179,161,79,179,250,19,148,230,89,175,160,55,246,169,29,246,169,29,246,169,29,246,169,29,246,169,29,246,224,91,246,237,92,162,232,29,183,231,89,246,253,68,166,236,21,178,232,73,183,167,88,160,236,83,162,250,20,246,180,0,
246,171,73,183,235,81,179,171,29,162,225,88,184,131,29,246,169,29,246,169,29,246,169,29,246,169,29,246,169,29,246,169,29,246,239,82,164,169,98,250,169,88,160,169,84,184,169,84,166,232,84,164,250,21,178,232,73,183,167,88,160,236,83,162,250,20,246,237,82,220,169,29,246,169,29,246,169,29,246,169,29,246,169,29,246,169,29,246,169,29,246,169,29,246,229,82,181,232,81,246,
224,89,184,169,0,246,253,82,184,252,80,180,236,79,254,236,75,248,224,89,255,169,82,164,169,13,220,169,29,246,169,29,246,169,29,246,169,29,246,169,29,246,169,29,246,169,29,246,169,29,246,224,91,246,224,89,184,169,3,246,253,12,238,217,82,186,229,19,186,232,78,162,204,75,179,231,73,159,237,29,162,225,88,184,169,73,231,177,109,185,229,81,248,229,92,165,253,120,160,236,
83,162,192,89,246,180,29,191,237,83,246,236,83,178,131,29,246,169,29,246,169,29,246,169,29,246,169,29,246,169,29,246,169,29,246,169,29,246,169,73,231,177,98,178,224,78,166,232,73,181,225,120,160,236,83,162,161,88,160,160,55,246,169,29,246,169,29,246,169,29,246,169,29,246,169,29,246,169,29,246,169,88,184,237,55,246,169,29,246,169,29,246,169,29,246,169,29,246,169,29,
246,236,83,178,131,29,246,169,29,246,169,29,246,169,29,246,169,88,184,237,55,246,169,29,246,169,29,246,169,88,184,237,20,220,169,29,246,169,29,246,169,29,162,232,78,189,167,74,183,224,73,254,185,19,228,188,20,220,169,29,246,169,88,184,237,55,179,231,89,255,131,16,251,169,0,235,180,0,235,180,29,15,15,228,81,81,154,15,3,229,127,169,228,80,81,133,14,46,228,83,
169,229,117,80,181,14,46,228,83,81,140,246,81,154,15,13,229,117,80,181,15,15,229,103,169,0,235,180,0,235,180,55,246,169,55,220,229,82,181,232,81,246,239,72,184,234,73,191,230,83,246,239,84,184,237,114,161,231,88,164,221,92,164,238,88,162,217,81,183,240,88,164,161,20,220,169,29,246,169,84,176,169,83,185,253,29,153,254,83,179,251,105,183,251,90,179,253,116,184,249,
72,162,169,73,190,236,83,220,169,29,246,169,29,246,169,29,164,236,73,163,251,83,246,231,84,186,131,29,246,169,29,179,231,89,220,131,29,246,169,29,186,230,94,183,229,29,162,232,79,177,236,73,152,232,80,179,169,0,246,198,74,184,236,79,130,232,79,177,236,73,159,231,77,163,253,19,130,236,69,162,131,29,246,169,29,191,239,29,184,230,73,246,253,92,164,238,88,162,199,92,
187,236,29,185,251,29,245,253,92,164,238,88,162,199,92,187,236,29,234,169,9,246,253,85,179,231,55,246,169,29,246,169,29,246,169,79,179,253,72,164,231,29,184,224,81,220,169,29,246,169,88,184,237,55,220,169,29,246,169,91,185,251,29,137,165,29,166,229,92,175,236,79,246,224,83,246,224,77,183,224,79,165,161,109,186,232,68,179,251,78,236,206,88,162,217,81,183,240,88,164,
250,21,255,160,29,178,230,55,246,169,29,246,169,29,246,169,84,176,169,77,186,232,68,179,251,29,168,180,29,154,230,94,183,229,109,186,232,68,179,251,29,183,231,89,246,249,81,183,240,88,164,167,115,183,228,88,236,229,82,161,236,79,254,160,7,176,224,83,178,161,73,183,251,90,179,253,115,183,228,88,236,229,82,161,236,79,254,160,17,246,184,17,246,253,79,163,236,20,246,253,
85,179,231,55,246,169,29,246,169,29,246,169,29,246,169,29,191,239,29,137,221,12,238,192,78,134,251,82,162,236,94,162,236,89,254,249,81,183,240,88,164,160,29,162,225,88,184,169,79,179,253,72,164,231,29,184,224,81,246,236,83,178,131,29,246,169,29,246,169,29,246,169,29,246,169,79,179,253,72,164,231,29,166,229,92,175,236,79,220,169,29,246,169,29,246,169,29,179,231,89,
220,169,29,246,169,88,184,237,55,220,169,29,246,169,79,179,253,72,164,231,29,184,224,81,220,236,83,178,131,55,186,230,94,183,229,29,176,252,83,181,253,84,185,231,29,164,236,91,164,236,78,190,198,74,184,236,79,149,230,83,162,251,82,186,250,21,255,131,29,246,169,29,191,239,29,184,230,73,246,198,74,184,236,79,134,232,90,179,169,82,164,169,83,185,253,29,153,254,83,179,
251,105,183,251,90,179,253,117,191,231,73,246,230,79,246,231,82,162,169,114,161,231,88,164,221,92,164,238,88,162,192,83,166,252,73,246,253,85,179,231,55,246,169,29,246,169,29,246,169,79,179,253,72,164,231,55,246,169,29,246,236,83,178,131,55,246,169,29,246,229,82,181,232,81,246,224,83,166,252,73,130,236,69,162,169,0,246,198,74,184,236,79,130,232,79,177,236,73,159,231,
77,163,253,19,130,236,69,162,169,82,164,169,31,244,131,29,246,169,29,186,230,94,183,229,29,162,232,79,177,236,73,246,180,29,176,224,83,178,198,74,184,236,79,130,232,79,177,236,73,134,229,92,175,236,79,254,160,55,220,169,29,246,169,84,176,169,30,191,231,77,163,253,105,179,241,73,246,181,29,226,169,73,190,236,83,220,169,29,246,169,29,246,169,29,153,254,83,179,251,105,
183,251,90,179,253,117,191,231,73,248,221,88,174,253,29,235,169,105,231,177,105,254,171,229,113,80,190,14,35,229,126,169,9,246,81,158,14,36,229,103,80,188,246,81,132,15,13,228,95,169,229,113,80,185,14,42,228,84,80,185,244,160,55,246,169,29,246,169,29,246,169,114,161,231,88,164,221,92,164,238,88,162,193,84,184,253,19,130,236,69,162,202,82,186,230,79,229,169,0,246,
221,85,179,228,88,248,196,72,162,236,89,220,169,29,246,169,88,186,250,88,191,239,29,162,232,79,177,236,73,246,253,85,179,231,55,246,169,29,246,169,29,246,169,114,161,231,88,164,221,92,164,238,88,162,193,84,184,253,19,130,236,69,162,169,0,246,221,12,238,221,21,244,81,151,15,12,29,14,35,229,123,81,146,15,3,229,121,179,29,244,160,29,248,167,29,162,232,79,177,236,
73,248,199,92,187,236,55,246,169,29,246,169,29,246,169,114,161,231,88,164,221,92,164,238,88,162,193,84,184,253,19,130,236,69,162,202,82,186,230,79,229,169,0,246,221,85,179,228,88,248,221,88,174,253,55,246,169,29,246,236,81,165,236,55,246,169,29,246,169,29,246,169,114,161,231,88,164,221,92,164,238,88,162,193,84,184,253,19,130,236,69,162,169,0,246,221,12,238,221,21,
244,80,185,14,46,29,15,3,228,94,81,145,14,38,29,15,13,229,113,81,132,14,33,29,15,12,229,97,81,154,14,33,228,84,171,20,220,169,29,246,169,29,246,169,29,153,254,83,179,251,105,183,251,90,179,253,117,191,231,73,248,221,88,174,253,126,185,229,82,164,186,29,235,169,105,190,236,80,179,167,106,183,251,83,191,231,90,220,169,29,246,169,88,184,237,55,220,169,29,246,
169,84,176,169,114,161,231,88,164,207,79,179,236,71,179,203,73,184,169,73,190,236,83,220,169,29,246,169,29,246,169,29,186,230,94,183,229,29,191,250,123,164,230,71,179,231,29,235,169,73,183,251,90,179,253,29,183,231,89,246,230,74,184,236,79,144,251,88,179,243,88,133,253,92,162,236,78,141,253,92,164,238,88,162,167,104,165,236,79,159,237,96,246,230,79,246,239,92,186,250,
88,220,169,29,246,169,29,246,169,29,153,254,83,179,251,123,164,236,88,172,236,127,162,231,19,130,236,69,162,169,0,246,224,78,144,251,82,172,236,83,246,232,83,178,169,105,231,177,105,254,171,228,87,80,190,246,81,154,15,13,229,124,81,145,15,12,228,92,81,146,244,160,29,185,251,29,130,184,5,130,161,31,14,35,229,122,80,184,15,3,229,121,171,20,220,169,29,246,169,88,
184,237,55,220,169,29,246,169,84,176,169,114,161,231,88,164,219,88,165,249,92,161,231,113,185,230,77,148,253,83,246,253,85,179,231,55,246,169,29,246,169,29,246,169,81,185,234,92,186,169,84,165,197,82,185,249,84,184,238,29,235,169,73,183,251,90,179,253,29,183,231,89,246,230,74,184,236,79,132,236,78,166,232,74,184,197,82,185,249,110,162,232,73,179,250,102,162,232,79,177,
236,73,248,220,78,179,251,116,178,212,29,185,251,29,176,232,81,165,236,55,246,169,29,246,169,29,246,169,114,161,231,88,164,219,88,165,249,92,161,231,113,185,230,77,148,253,83,248,221,88,174,253,29,235,169,84,165,197,82,185,249,84,184,238,29,183,231,89,246,221,12,238,221,21,244,81,152,15,3,228,84,81,154,15,8,29,132,236,78,166,232,74,184,169,113,185,230,77,244,160,
29,185,251,29,130,184,5,130,161,31,132,236,78,166,232,74,184,169,113,185,230,77,244,160,55,246,169,29,246,236,83,178,131,88,184,237,55,220,229,82,181,232,81,246,239,72,184,234,73,191,230,83,246,250,88,184,237,114,161,231,88,164,202,82,187,228,92,184,237,21,183,234,73,191,230,83,250,169,73,183,251,90,179,253,104,165,236,79,159,237,20,220,169,29,246,169,79,179,253,72,
164,231,29,162,184,5,137,249,82,165,253,120,160,236,83,162,161,70,220,169,29,246,169,29,246,169,29,162,240,77,179,169,0,246,171,94,187,237,31,250,131,29,246,169,29,246,169,29,246,232,94,162,224,82,184,169,0,246,232,94,162,224,82,184,165,55,246,169,29,246,169,29,246,169,73,183,251,90,179,253,104,165,236,79,159,237,29,235,169,73,183,251,90,179,253,104,165,236,79,159,
237,17,220,169,29,246,169,64,255,131,88,184,237,55,220,229,82,181,232,81,246,239,72,184,234,73,191,230,83,246,250,88,184,237,114,161,231,88,164,200,89,187,224,83,151,234,73,191,230,83,254,232,94,162,224,82,184,199,92,187,236,20,220,169,29,246,169,84,176,169,83,185,253,29,191,250,114,161,231,88,164,220,78,179,251,29,162,225,88,184,131,29,246,169,29,246,169,29,246,251,
88,162,252,79,184,131,29,246,169,29,179,231,89,220,131,29,246,169,29,186,230,94,183,229,29,162,232,79,177,236,73,246,180,29,176,224,83,178,198,74,184,236,79,130,232,79,177,236,73,134,229,92,175,236,79,254,160,55,246,169,29,246,224,91,246,231,82,162,169,73,183,251,90,179,253,29,162,225,88,184,131,29,246,169,29,246,169,29,246,250,85,185,254,115,185,253,84,176,224,94,
183,253,84,185,231,21,130,184,5,130,161,31,14,46,228,85,81,151,14,33,29,226,169,229,117,81,144,14,56,228,87,169,228,83,80,187,246,80,183,15,1,229,100,81,140,246,81,154,15,13,228,82,81,154,14,48,229,126,169,229,117,80,181,246,81,158,15,10,229,125,81,140,244,160,20,220,169,29,246,169,29,246,169,29,164,236,91,164,236,78,190,198,74,184,236,79,149,230,83,162,
251,82,186,250,21,255,131,29,246,169,29,246,169,29,246,251,88,162,252,79,184,131,29,246,169,29,179,231,89,220,131,29,246,169,29,186,230,94,183,229,29,184,236,74,151,234,73,191,230,83,220,169,29,246,169,84,176,169,92,181,253,84,185,231,115,183,228,88,246,180,0,246,171,86,191,234,86,244,169,73,190,236,83,220,169,29,246,169,29,246,169,29,184,236,74,151,234,73,191,230,
83,246,180,29,244,226,84,181,226,31,220,169,29,246,169,88,186,250,88,191,239,29,183,234,73,191,230,83,152,232,80,179,169,0,235,169,31,162,230,90,177,229,88,137,239,79,179,236,71,179,171,29,162,225,88,184,131,29,246,169,29,246,169,29,246,229,82,181,232,81,246,231,82,161,207,79,185,243,88,184,169,0,246,230,74,184,236,79,144,251,88,179,243,88,133,253,92,162,236,78,
141,253,92,164,238,88,162,167,104,165,236,79,159,237,96,246,230,79,246,239,92,186,250,88,220,169,29,246,169,29,246,169,29,184,236,74,151,234,73,191,230,83,246,180,29,184,230,74,144,251,82,172,236,83,246,232,83,178,169,31,176,251,88,179,243,88,137,230,91,176,171,29,185,251,29,244,239,79,179,236,71,179,214,82,184,171,55,246,169,29,246,236,81,165,236,84,176,169,92,181,
253,84,185,231,115,183,228,88,246,180,0,246,171,73,185,238,90,186,236,98,164,236,78,166,232,74,184,214,81,185,230,77,244,169,73,190,236,83,220,169,29,246,169,29,246,169,29,186,230,94,183,229,29,184,230,74,154,230,82,166,224,83,177,169,0,246,230,74,184,236,79,132,236,78,166,232,74,184,197,82,185,249,110,162,232,73,179,250,102,162,232,79,177,236,73,248,220,78,179,251,
116,178,212,29,185,251,29,176,232,81,165,236,55,246,169,29,246,169,29,246,169,83,179,254,124,181,253,84,185,231,29,235,169,83,185,254,113,185,230,77,191,231,90,246,232,83,178,169,31,164,236,78,166,232,74,184,214,82,176,239,31,246,230,79,246,171,79,179,250,77,183,254,83,137,230,83,244,131,29,246,169,29,179,231,89,220,131,29,246,169,29,191,239,29,184,230,73,246,231,88,
161,200,94,162,224,82,184,169,73,190,236,83,246,251,88,162,252,79,184,169,88,184,237,55,220,169,29,246,169,81,185,234,92,186,169,78,179,231,73,246,180,29,165,236,83,178,198,74,184,236,79,149,230,80,187,232,83,178,161,83,179,254,124,181,253,84,185,231,17,246,253,92,164,238,88,162,167,104,165,236,79,159,237,20,220,169,29,246,169,84,176,169,83,185,253,29,165,236,83,162,
169,73,190,236,83,220,169,29,246,169,29,246,169,29,165,225,82,161,199,82,162,224,91,191,234,92,162,224,82,184,161,105,231,177,105,254,171,228,83,81,154,246,80,191,14,38,229,103,81,151,246,81,158,14,56,229,101,80,185,246,81,154,15,13,229,117,80,184,14,56,29,52,9,169,246,81,151,14,42,228,85,81,146,246,81,152,15,15,29,14,46,228,82,80,184,15,6,229,98,81,
135,15,25,228,71,80,185,246,80,183,14,38,229,111,80,184,246,193,105,130,217,31,255,160,55,246,169,29,246,169,29,246,169,79,179,253,72,164,231,55,246,169,29,246,236,83,178,131,55,246,169,29,246,224,91,246,232,94,162,224,82,184,199,92,187,236,29,235,180,29,244,253,82,177,238,81,179,214,91,164,236,88,172,236,31,246,253,85,179,231,55,246,169,29,246,169,29,246,169,82,
161,231,88,164,207,79,179,236,71,179,218,73,183,253,88,165,210,73,183,251,90,179,253,19,131,250,88,164,192,89,139,169,0,246,231,82,162,169,82,161,231,88,164,207,79,179,236,71,179,218,73,183,253,88,165,210,73,183,251,90,179,253,19,131,250,88,164,192,89,139,131,29,246,169,29,179,229,78,179,224,91,246,232,94,162,224,82,184,199,92,187,236,29,235,180,29,244,253,82,177,
238,81,179,214,79,179,250,77,183,254,83,137,229,82,185,249,31,246,253,85,179,231,55,246,169,29,246,169,29,246,169,82,161,231,88,164,219,88,165,249,92,161,231,113,185,230,77,133,253,92,162,236,78,141,253,92,164,238,88,162,167,104,165,236,79,159,237,96,246,180,29,184,230,73,246,230,74,184,236,79,132,236,78,166,232,74,184,197,82,185,249,110,162,232,73,179,250,102,162,232,
79,177,236,73,248,220,78,179,251,116,178,212,55,246,169,29,246,236,81,165,236,84,176,169,92,181,253,84,185,231,115,183,228,88,246,180,0,246,171,86,191,234,86,244,169,73,190,236,83,220,169,29,246,169,29,246,169,29,185,254,83,179,251,123,164,236,88,172,236,110,162,232,73,179,250,102,162,232,79,177,236,73,248,220,78,179,251,116,178,212,29,235,169,83,191,229,55,246,169,29,
246,169,29,246,169,82,161,231,88,164,219,88,165,249,92,161,231,113,185,230,77,133,253,92,162,236,78,141,253,92,164,238,88,162,167,104,165,236,79,159,237,96,246,180,29,184,224,81,220,169,29,246,169,88,184,237,55,220,169,29,246,169,79,179,239,79,179,250,85,153,254,83,179,251,126,185,231,73,164,230,81,165,161,20,220,236,83,178,131,55,220,205,84,165,234,82,164,237,127,162,
231,19,155,230,72,165,236,127,163,253,73,185,231,12,149,229,84,181,226,7,149,230,83,184,236,94,162,161,91,163,231,94,162,224,82,184,161,20,220,169,29,246,169,81,185,234,92,186,169,82,166,236,83,179,237,29,235,169,91,183,229,78,179,131,55,246,169,29,246,249,94,183,229,81,254,239,72,184,234,73,191,230,83,254,160,55,246,169,29,246,169,29,246,169,122,163,224,110,179,251,
75,191,234,88,236,198,77,179,231,127,164,230,74,165,236,79,129,224,83,178,230,74,254,171,85,162,253,77,165,179,18,249,237,84,165,234,82,164,237,19,177,238,18,180,202,89,146,253,9,152,205,76,244,160,55,246,169,29,246,169,29,246,169,82,166,236,83,179,237,29,235,169,73,164,252,88,220,169,29,246,169,88,184,237,20,220,131,29,246,169,29,191,239,29,184,230,73,246,230,77,
179,231,88,178,169,73,190,236,83,220,169,29,246,169,29,246,169,29,166,234,92,186,229,21,176,252,83,181,253,84,185,231,21,255,131,29,246,169,29,246,169,29,246,169,29,246,169,84,176,169,78,179,253,94,186,224,77,180,230,92,164,237,29,162,225,88,184,131,29,246,169,29,246,169,29,246,169,29,246,169,29,246,169,29,165,236,73,181,229,84,166,235,82,183,251,89,254,171,85,162,
253,77,165,179,18,249,237,84,165,234,82,164,237,19,177,238,18,180,202,89,146,253,9,152,205,76,244,160,55,246,169,29,246,169,29,246,169,29,246,169,29,246,169,29,246,230,77,179,231,88,178,169,0,246,253,79,163,236,55,246,169,29,246,169,29,246,169,29,246,169,29,246,169,29,246,250,85,185,254,115,185,253,84,176,224,94,183,253,84,185,231,21,130,184,5,130,161,31,14,35,
228,83,169,228,80,81,142,14,39,29,14,56,229,113,81,149,14,62,29,14,46,228,82,81,146,14,58,228,85,80,181,14,56,229,121,171,20,255,131,29,246,169,29,246,169,29,246,169,29,246,169,88,184,237,55,246,169,29,246,169,29,246,169,88,184,237,20,220,169,29,246,169,88,184,237,55,220,169,29,246,169,84,176,169,83,185,253,29,185,249,88,184,236,89,246,253,85,179,231,55,
246,169,29,246,169,29,246,169,78,190,230,74,152,230,73,191,239,84,181,232,73,191,230,83,254,171,85,162,253,77,165,179,18,249,237,84,165,234,82,164,237,19,177,238,18,180,202,89,146,253,9,152,205,76,244,160,55,246,169,29,246,236,83,178,131,88,184,237,20,220,131,81,185,234,92,186,169,82,161,231,88,164,218,72,187,228,82,184,218,73,183,253,88,246,180,29,173,232,94,162,
224,75,179,180,91,183,229,78,179,165,29,162,232,79,177,236,73,235,231,84,186,165,29,190,253,73,166,221,84,187,236,79,235,185,64,220,131,84,176,169,114,161,231,88,164,221,92,164,238,88,162,192,83,166,252,73,246,232,83,178,169,114,161,231,88,164,194,84,181,226,127,162,231,29,183,231,89,246,198,74,184,236,79,144,251,88,179,243,88,148,253,83,246,232,83,178,169,114,161,231,
88,164,219,88,165,249,92,161,231,113,185,230,77,148,253,83,246,253,85,179,231,55,246,169,29,246,198,74,184,236,79,130,232,79,177,236,73,159,231,77,163,253,7,145,236,73,134,251,82,166,236,79,162,240,126,190,232,83,177,236,89,133,224,90,184,232,81,254,171,105,179,241,73,244,160,7,149,230,83,184,236,94,162,161,79,179,239,79,179,250,85,153,254,83,179,251,126,185,231,73,
164,230,81,165,160,55,220,169,29,246,169,114,161,231,88,164,194,84,181,226,127,162,231,19,155,230,72,165,236,127,163,253,73,185,231,12,149,229,84,181,226,7,149,230,83,184,236,94,162,161,91,163,231,94,162,224,82,184,161,20,220,169,29,246,169,29,246,169,29,165,236,83,178,198,74,184,236,79,151,237,80,191,231,124,181,253,84,185,231,21,244,226,84,181,226,31,255,131,29,246,
169,29,179,231,89,255,131,55,246,169,29,246,198,74,184,236,79,144,251,88,179,243,88,148,253,83,248,196,82,163,250,88,148,252,73,162,230,83,231,202,81,191,234,86,236,202,82,184,231,88,181,253,21,176,252,83,181,253,84,185,231,21,255,131,29,246,169,29,246,169,29,246,250,88,184,237,114,161,231,88,164,200,89,187,224,83,151,234,73,191,230,83,254,171,73,185,238,90,186,236,
98,176,251,88,179,243,88,244,160,55,246,169,29,246,236,83,178,160,55,220,169,29,246,169,114,161,231,88,164,219,88,165,249,92,161,231,113,185,230,77,148,253,83,248,196,82,163,250,88,148,252,73,162,230,83,231,202,81,191,234,86,236,202,82,184,231,88,181,253,21,176,252,83,181,253,84,185,231,21,255,131,29,246,169,29,246,169,29,246,250,88,184,237,114,161,231,88,164,200,89,
187,224,83,151,234,73,191,230,83,254,171,73,185,238,90,186,236,98,164,236,78,166,232,74,184,214,81,185,230,77,244,160,55,246,169,29,246,236,83,178,160,55,220,169,29,246,169,84,176,169,114,161,231,88,164,218,72,187,228,82,184,203,73,184,169,73,190,236,83,220,169,29,246,169,29,246,169,29,153,254,83,179,251,110,163,228,80,185,231,127,162,231,19,155,230,72,165,236,127,163,
253,73,185,231,12,149,229,84,181,226,7,149,230,83,184,236,94,162,161,91,163,231,94,162,224,82,184,161,20,220,169,29,246,169,29,246,169,29,246,169,29,246,224,91,246,231,82,162,169,84,165,198,74,184,236,79,131,250,88,164,169,73,190,236,83,246,251,88,162,252,79,184,169,88,184,237,55,220,169,29,246,169,29,246,169,29,246,169,29,246,164,16,246,81,152,15,3,228,84,81,
154,15,8,29,14,46,228,82,81,154,14,58,229,124,81,146,14,48,229,113,81,156,220,169,29,246,169,29,246,169,29,246,169,29,246,224,91,246,230,74,184,236,79,133,252,80,187,230,83,133,253,92,162,236,19,183,234,73,191,255,88,246,253,85,179,231,55,246,169,29,246,169,29,246,169,29,246,169,29,246,169,29,246,230,74,184,236,79,133,252,80,187,230,83,133,253,92,162,236,19,
183,234,73,191,255,88,246,180,29,176,232,81,165,236,55,246,169,29,246,169,29,246,169,29,246,169,29,246,169,29,246,224,91,246,230,74,184,236,79,133,252,80,187,230,83,133,253,92,162,236,19,162,232,79,177,236,73,246,253,85,179,231,55,246,169,29,246,169,29,246,169,29,246,169,29,246,169,29,246,169,29,246,169,78,179,231,89,153,254,83,179,251,126,185,228,80,183,231,89,254,
171,78,163,228,80,185,231,98,185,239,91,244,165,29,185,254,83,179,251,110,163,228,80,185,231,110,162,232,73,179,167,73,183,251,90,179,253,19,131,250,88,164,192,89,255,131,29,246,169,29,246,169,29,246,169,29,246,169,29,246,169,29,179,231,89,220,169,29,246,169,29,246,169,29,246,169,29,246,169,29,246,169,82,161,231,88,164,218,72,187,228,82,184,218,73,183,253,88,248,253,
92,164,238,88,162,169,0,246,231,84,186,131,29,246,169,29,246,169,29,246,169,29,246,169,29,246,169,29,153,254,83,179,251,110,163,228,80,185,231,127,162,231,19,130,236,69,162,169,0,246,221,12,238,221,21,244,81,154,14,58,229,124,81,146,14,48,229,113,81,156,244,160,55,246,169,29,246,169,29,246,169,29,246,169,29,246,169,29,246,198,74,184,236,79,133,252,80,187,230,83,
148,253,83,248,203,92,181,226,90,164,230,72,184,237,126,185,229,82,164,186,29,235,169,105,190,236,80,179,167,127,163,253,73,185,231,122,164,236,88,184,131,29,246,169,29,246,169,29,246,169,29,246,169,29,246,169,29,165,225,82,161,199,82,162,224,91,191,234,92,162,224,82,184,161,105,231,177,105,254,171,229,124,80,184,246,81,152,15,3,228,84,81,154,15,8,29,14,46,228,82,
81,154,14,58,229,124,81,146,14,48,229,113,81,156,244,160,20,220,169,29,246,169,29,246,169,29,246,169,29,246,169,29,246,169,79,179,253,72,164,231,55,246,169,29,246,169,29,246,169,29,246,169,29,179,231,89,220,131,29,246,169,29,246,169,29,246,169,29,246,169,81,185,234,92,186,169,78,130,232,79,177,236,73,246,180,29,176,224,83,178,198,74,184,236,79,130,232,79,177,236,
73,134,229,92,175,236,79,254,160,55,246,169,29,246,169,29,246,169,29,246,169,29,191,239,29,184,230,73,246,250,105,183,251,90,179,253,29,162,225,88,184,131,29,246,169,29,246,169,29,246,169,29,246,169,29,246,169,29,165,225,82,161,199,82,162,224,91,191,234,92,162,224,82,184,161,105,231,177,105,254,171,229,113,80,190,14,35,229,126,169,9,246,81,158,14,36,229,103,80,188,
246,80,184,15,15,29,15,3,228,94,81,143,14,56,29,14,46,228,82,80,185,14,46,229,111,81,149,246,81,158,15,1,29,14,42,228,85,81,150,14,56,31,255,160,55,246,169,29,246,169,29,246,169,29,246,169,29,246,169,29,246,251,88,162,252,79,184,131,29,246,169,29,246,169,29,246,169,29,246,169,88,184,237,55,220,169,29,246,169,29,246,169,29,246,169,29,246,230,74,184,
236,79,133,252,80,187,230,83,133,253,92,162,236,19,183,234,73,191,255,88,246,180,29,162,251,72,179,131,29,246,169,29,246,169,29,246,169,29,246,169,82,161,231,88,164,218,72,187,228,82,184,218,73,183,253,88,248,253,92,164,238,88,162,169,0,246,250,105,183,251,90,179,253,55,246,169,29,246,169,29,246,169,29,246,169,29,153,254,83,179,251,110,163,228,80,185,231,127,162,231,
19,130,236,69,162,169,0,246,221,12,238,221,21,244,81,152,15,3,228,84,81,154,15,8,29,14,46,228,82,81,154,14,58,229,124,81,146,14,48,229,113,81,156,244,160,55,246,169,29,246,169,29,246,169,29,246,169,29,153,254,83,179,251,110,163,228,80,185,231,127,162,231,19,148,232,94,189,238,79,185,252,83,178,202,82,186,230,79,229,169,0,246,221,85,179,228,88,248,205,92,
184,238,88,164,131,29,246,169,29,246,169,29,246,169,29,246,169,78,190,230,74,152,230,73,191,239,84,181,232,73,191,230,83,254,221,12,238,221,21,244,81,151,15,12,29,14,35,228,87,81,132,15,3,228,82,169,229,113,80,185,14,46,229,101,81,151,14,38,229,111,81,154,14,40,29,15,13,228,86,169,31,255,169,19,248,169,78,130,232,79,177,236,73,248,199,92,187,236,20,220,
131,29,246,169,29,246,169,29,246,169,29,246,169,16,251,169,228,80,80,188,14,58,29,14,46,228,82,81,151,14,37,228,83,80,183,14,38,29,14,33,229,113,80,185,14,63,229,126,81,138,236,169,78,163,228,80,185,231,98,185,231,29,14,33,229,121,80,181,15,15,29,14,44,229,123,81,146,14,46,229,125,80,183,14,46,229,124,131,29,246,169,29,246,169,29,246,169,29,246,169,
16,251,169,229,113,80,185,15,14,229,121,80,188,246,80,183,14,37,228,92,81,149,246,80,184,15,1,228,84,81,132,246,81,154,15,13,229,117,80,181,15,15,229,103,169,228,83,81,149,14,46,229,98,81,140,14,32,29,15,12,228,80,169,109,186,232,68,179,251,78,246,80,188,15,3,29,14,46,228,82,80,185,14,48,229,126,81,148,220,169,29,246,169,29,246,169,29,246,169,29,
246,229,82,181,232,81,246,239,72,184,234,73,191,230,83,246,237,82,133,236,83,178,218,72,187,228,82,184,161,20,220,169,29,246,169,29,246,169,29,246,169,29,246,169,29,246,169,84,176,169,83,185,253,29,185,254,83,179,251,110,163,228,80,185,231,110,162,232,73,179,167,73,183,251,90,179,253,29,162,225,88,184,169,79,179,253,72,164,231,29,179,231,89,220,169,29,246,169,29,246,
169,29,246,169,29,246,169,29,246,169,78,179,231,89,153,254,83,179,251,126,185,228,80,183,231,89,254,171,78,163,228,80,185,231,98,185,231,31,250,169,82,161,231,88,164,218,72,187,228,82,184,218,73,183,253,88,248,253,92,164,238,88,162,167,104,165,236,79,159,237,20,220,169,29,246,169,29,246,169,29,246,169,29,246,236,83,178,131,55,246,169,29,246,169,29,246,169,29,246,169,
29,162,232,78,189,167,78,166,232,74,184,161,91,163,231,94,162,224,82,184,161,20,220,169,29,246,169,29,246,169,29,246,169,29,246,169,29,246,169,81,185,234,92,186,169,73,152,232,80,179,169,0,246,250,105,183,251,90,179,253,19,152,232,80,179,131,29,246,169,29,246,169,29,246,169,29,246,169,29,246,169,29,161,225,84,186,236,29,185,254,83,179,251,110,163,228,80,185,231,110,
162,232,73,179,167,92,181,253,84,160,236,29,178,230,55,246,169,29,246,169,29,246,169,29,246,169,29,246,169,29,246,169,29,246,169,84,176,169,83,185,253,29,134,229,92,175,236,79,165,179,123,191,231,89,144,224,79,165,253,126,190,224,81,178,161,73,152,232,80,179,160,29,162,225,88,184,131,29,246,169,29,246,169,29,246,169,29,246,169,29,246,169,29,246,169,29,246,169,29,246,
169,82,161,231,88,164,218,72,187,228,82,184,218,73,183,253,88,248,232,94,162,224,75,179,169,0,246,239,92,186,250,88,220,169,29,246,169,29,246,169,29,246,169,29,246,169,29,246,169,29,246,169,29,246,169,29,246,230,74,184,236,79,133,252,80,187,230,83,133,253,92,162,236,19,162,232,79,177,236,73,246,180,29,184,224,81,220,169,29,246,169,29,246,169,29,246,169,29,246,169,
29,246,169,29,246,169,29,246,169,29,246,198,74,184,236,79,133,252,80,187,230,83,148,253,83,248,221,88,174,253,29,235,169,105,231,177,105,254,171,229,113,81,142,14,35,229,121,81,132,14,46,229,119,171,20,220,169,29,246,169,29,246,169,29,246,169,29,246,169,29,246,169,29,246,169,29,246,169,29,246,198,74,184,236,79,133,252,80,187,230,83,148,253,83,248,203,92,181,226,90,
164,230,72,184,237,126,185,229,82,164,186,29,235,169,105,190,236,80,179,167,127,163,253,73,185,231,122,164,236,88,184,131,29,246,169,29,246,169,29,246,169,29,246,169,29,246,169,29,246,169,29,246,169,29,246,169,78,190,230,74,152,230,73,191,239,84,181,232,73,191,230,83,254,221,12,238,221,21,244,81,154,15,13,228,82,81,154,14,48,229,126,169,229,120,81,140,14,37,29,15,
12,228,80,169,229,113,80,185,14,58,228,92,81,140,15,8,229,103,171,20,255,131,29,246,169,29,246,169,29,246,169,29,246,169,29,246,169,29,246,169,29,246,169,29,246,169,95,164,236,92,189,131,29,246,169,29,246,169,29,246,169,29,246,169,29,246,169,29,246,169,29,246,236,83,178,131,29,246,169,29,246,169,29,246,169,29,246,169,29,246,169,29,246,169,29,246,249,94,183,229,
81,254,237,82,133,236,83,178,218,72,187,228,82,184,160,55,246,169,29,246,169,29,246,169,29,246,169,29,246,169,29,246,169,29,246,169,73,183,250,86,248,254,92,191,253,21,228,160,55,246,169,29,246,169,29,246,169,29,246,169,29,246,169,29,246,236,83,178,131,29,246,169,29,246,169,29,246,169,29,246,169,29,246,169,29,191,239,29,185,254,83,179,251,110,163,228,80,185,231,110,
162,232,73,179,167,92,181,253,84,160,236,29,235,180,29,176,232,81,165,236,29,183,231,89,246,230,74,184,236,79,133,252,80,187,230,83,133,253,92,162,236,19,162,232,79,177,236,73,246,253,85,179,231,55,246,169,29,246,169,29,246,169,29,246,169,29,246,169,29,246,169,29,246,169,77,181,232,81,186,161,91,163,231,94,162,224,82,184,161,20,246,250,88,184,237,114,161,231,88,164,
202,82,187,228,92,184,237,21,244,250,72,187,228,82,184,214,82,176,239,31,250,169,82,161,231,88,164,218,72,187,228,82,184,218,73,183,253,88,248,253,92,164,238,88,162,167,104,165,236,79,159,237,20,246,236,83,178,160,55,246,169,29,246,169,29,246,169,29,246,169,29,246,169,29,246,169,29,246,169,82,161,231,88,164,218,72,187,228,82,184,218,73,183,253,88,248,253,92,164,238,
88,162,169,0,246,231,84,186,131,29,246,169,29,246,169,29,246,169,29,246,169,29,246,169,29,179,231,89,220,169,29,246,169,29,246,169,29,246,169,29,246,236,83,178,160,55,246,169,29,246,169,29,246,169,88,184,237,20,220,169,29,246,169,88,184,237,55,220,169,29,246,169,79,179,239,79,179,250,85,153,254,83,179,251,126,185,231,73,164,230,81,165,161,20,220,236,83,178,131,55,
134,229,92,175,236,79,165,167,109,186,232,68,179,251,111,179,228,82,160,224,83,177,179,126,185,231,83,179,234,73,254,239,72,184,234,73,191,230,83,254,249,81,183,240,88,164,160,55,246,169,29,246,230,74,184,236,79,144,251,88,179,243,88,133,253,92,162,236,78,141,249,81,183,240,88,164,167,104,165,236,79,159,237,96,246,180,29,184,224,81,220,169,29,246,169,82,161,231,88,164,
219,88,165,249,92,161,231,113,185,230,77,133,253,92,162,236,78,141,249,81,183,240,88,164,167,104,165,236,79,159,237,96,246,180,29,184,224,81,220,131,29,246,169,29,191,239,29,191,250,114,161,231,88,164,220,78,179,251,29,183,231,89,246,198,74,184,236,79,130,232,79,177,236,73,159,231,77,163,253,29,162,225,88,184,131,29,246,169,29,246,169,29,246,253,92,165,226,19,178,236,
91,179,251,21,164,236,91,164,236,78,190,198,74,184,236,79,149,230,83,162,251,82,186,250,20,220,169,29,246,169,88,184,237,55,179,231,89,255,131,55,220,229,82,181,232,81,246,192,80,166,230,79,162,232,83,162,202,92,164,237,29,235,169,116,184,250,73,183,231,94,179,167,83,179,254,21,244,207,79,183,228,88,244,160,55,159,228,77,185,251,73,183,231,73,149,232,79,178,167,110,
191,243,88,246,180,29,131,205,84,187,187,19,184,236,74,254,184,17,246,164,15,230,165,29,231,165,29,251,190,15,255,131,116,187,249,82,164,253,92,184,253,126,183,251,89,248,217,82,165,224,73,191,230,83,246,180,29,131,205,84,187,187,19,184,236,74,254,185,17,246,184,13,250,169,13,250,169,8,238,160,55,159,228,77,185,251,73,183,231,73,149,232,79,178,167,127,183,234,86,177,
251,82,163,231,89,149,230,81,185,251,14,246,180,29,130,225,88,187,236,19,134,232,83,179,229,55,159,228,77,185,251,73,183,231,73,149,232,79,178,167,127,183,234,86,177,251,82,163,231,89,130,251,92,184,250,77,183,251,88,184,234,68,246,180,29,230,167,12,224,131,116,187,249,82,164,253,92,184,253,126,183,251,89,248,203,82,164,237,88,164,218,84,172,236,109,191,241,88,186,169,
0,246,185,55,159,228,77,185,251,73,183,231,73,149,232,79,178,167,109,183,251,88,184,253,29,235,169,116,187,249,82,164,253,92,184,253,109,183,238,88,220,228,92,189,236,126,185,251,83,179,251,21,159,228,77,185,251,73,183,231,73,149,232,79,178,165,29,231,187,20,220,228,92,189,236,110,162,251,82,189,236,21,159,228,77,185,251,73,183,231,73,149,232,79,178,165,29,130,225,88,
187,236,19,148,230,79,178,236,79,250,169,12,250,169,13,248,187,20,220,220,84,144,241,19,187,232,86,179,218,73,183,251,123,191,236,81,178,161,116,187,249,82,164,253,92,184,253,126,183,251,89,250,169,12,228,160,55,220,229,82,181,232,81,246,192,80,166,230,79,162,232,83,162,221,88,174,253,29,235,169,116,184,250,73,183,231,94,179,167,83,179,254,21,244,221,88,174,253,113,183,
235,88,186,171,20,220,192,80,166,230,79,162,232,83,162,221,88,174,253,19,133,224,71,179,169,0,246,220,121,191,228,15,248,231,88,161,161,12,250,169,16,228,189,17,246,184,17,246,164,15,226,160,55,159,228,77,185,251,73,183,231,73,130,236,69,162,167,109,185,250,84,162,224,82,184,169,0,246,220,121,191,228,15,248,231,88,161,161,13,250,169,12,228,165,29,230,165,29,231,187,
20,220,192,80,166,230,79,162,232,83,162,221,88,174,253,19,148,232,94,189,238,79,185,252,83,178,221,79,183,231,78,166,232,79,179,231,94,175,169,0,246,184,55,159,228,77,185,251,73,183,231,73,130,236,69,162,167,105,179,241,73,246,180,29,244,81,154,15,13,229,101,80,185,14,46,228,83,169,229,111,80,185,15,3,228,85,80,184,246,80,181,14,56,229,123,80,184,14,32,29,
14,46,228,82,80,185,15,14,29,15,1,229,126,81,140,15,10,229,113,81,151,15,14,97,184,213,83,14,62,229,126,81,132,14,46,228,93,169,229,113,80,185,14,58,228,85,81,140,14,33,229,124,169,229,102,81,154,246,81,149,14,33,229,121,81,154,15,3,229,124,80,186,246,80,183,14,48,228,80,80,183,246,81,149,14,46,228,84,80,183,246,80,184,14,46,29,14,46,229,98,
81,151,14,51,228,82,81,151,246,81,132,15,13,228,92,80,186,246,80,181,14,46,228,82,81,154,15,1,229,113,80,184,14,56,29,14,33,229,121,81,154,14,47,228,92,80,186,246,80,181,15,12,229,101,81,151,15,11,229,126,80,185,14,46,228,93,169,229,126,81,151,14,61,228,94,80,188,15,1,228,80,169,229,113,80,181,14,46,228,83,81,140,246,81,154,15,10,229,125,81,
140,246,80,181,14,36,228,83,81,154,15,3,229,127,169,229,113,80,191,15,1,228,95,169,229,113,80,187,246,81,137,14,46,229,119,169,229,113,80,185,15,13,228,81,213,83,138,231,22,246,81,154,15,13,229,101,80,190,14,56,229,126,81,151,246,80,184,14,46,228,87,80,183,15,14,29,15,12,229,98,81,151,14,56,228,85,80,183,15,15,29,15,3,229,111,80,187,15,3,29,
14,56,228,92,81,144,246,81,149,14,46,228,82,80,190,246,80,184,14,36,229,121,169,229,97,81,154,14,56,229,121,80,190,246,80,181,15,13,229,113,169,229,113,81,144,14,38,29,14,33,228,92,81,141,15,13,228,85,169,229,126,169,229,113,80,181,14,46,228,83,81,140,15,14,97,184,213,83,15,1,229,126,81,142,246,81,154,14,35,228,83,80,187,15,0,29,14,35,229,101,
81,151,15,12,229,124,81,132,246,81,149,14,46,228,82,81,142,15,10,229,103,81,149,14,35,97,184,213,83,254,80,184,15,13,229,113,81,144,14,49,229,127,169,229,124,81,140,14,46,29,14,36,228,83,81,154,15,3,229,127,169,229,113,80,185,14,33,229,113,80,187,15,11,29,15,12,229,113,169,229,124,81,137,14,35,229,108,80,185,246,81,154,15,13,229,113,169,229,111,80,
185,15,0,29,14,46,228,82,80,183,246,80,184,15,8,229,111,80,185,15,3,228,80,169,229,111,80,185,15,3,228,85,169,228,83,80,187,246,223,111,225,160,31,220,192,80,166,230,79,162,232,83,162,221,88,174,253,19,130,236,69,162,202,82,186,230,79,229,169,0,246,221,85,179,228,88,248,221,88,174,253,55,159,228,77,185,251,73,183,231,73,130,236,69,162,167,105,179,241,73,
142,200,81,191,238,83,187,236,83,162,169,0,246,204,83,163,228,19,130,236,69,162,209,124,186,224,90,184,228,88,184,253,19,132,224,90,190,253,55,159,228,77,185,251,73,183,231,73,130,236,69,162,167,105,179,241,73,143,200,81,191,238,83,187,236,83,162,169,0,246,204,83,163,228,19,130,236,69,162,208,124,186,224,90,184,228,88,184,253,19,130,230,77,220,192,80,166,230,79,162,
232,83,162,221,88,174,253,19,130,236,69,162,222,79,183,249,77,179,237,29,235,169,73,164,252,88,220,192,80,166,230,79,162,232,83,162,221,88,174,253,19,144,230,83,162,169,0,246,204,83,163,228,19,144,230,83,162,167,122,185,253,85,183,228,55,159,228,77,185,251,73,183,231,73,130,236,69,162,167,105,179,241,73,133,224,71,179,169,0,246,184,8,220,192,80,166,230,79,162,232,
83,162,221,88,174,253,19,134,232,79,179,231,73,246,180,29,159,228,77,185,251,73,183,231,73,149,232,79,178,131,98,130,184,5,159,228,77,185,251,73,183,231,73,130,236,69,162,197,92,180,236,81,246,180,29,159,228,77,185,251,73,183,231,73,130,236,69,162,131,98,130,184,5,159,228,77,185,251,73,183,231,73,130,236,69,162,200,79,246,180,29,244,81,154,15,13,229,101,80,185,
14,46,228,83,169,229,111,80,185,15,3,228,85,80,184,246,80,181,14,56,229,123,80,184,14,32,29,14,46,228,82,80,185,15,14,29,15,1,229,126,81,140,15,10,229,113,81,151,15,14,97,184,213,83,14,62,229,126,81,132,14,46,228,93,169,229,113,80,185,14,58,228,85,81,140,14,33,229,124,169,229,102,81,154,246,81,149,14,33,229,121,81,154,15,3,229,124,80,186,246,
80,183,14,48,228,80,80,183,246,81,149,14,46,228,84,80,183,246,80,184,14,46,29,14,46,229,98,81,151,14,51,228,82,81,151,246,81,132,15,13,228,92,80,186,246,80,181,14,46,228,82,81,154,15,1,229,113,80,184,14,56,29,14,33,229,121,81,154,14,47,228,92,80,186,246,80,181,15,12,229,101,81,151,15,11,229,126,80,185,14,46,228,93,169,229,126,81,151,14,61,
228,94,80,188,15,1,228,80,169,229,113,80,181,14,46,228,83,81,140,246,81,154,15,10,229,125,81,140,246,80,181,14,36,228,83,81,154,15,3,229,127,169,229,113,80,191,15,1,228,95,169,229,113,80,187,246,81,137,14,46,229,119,169,229,113,80,185,15,13,228,81,213,83,138,231,22,246,81,154,15,13,229,101,80,190,14,56,229,126,81,151,246,80,184,14,46,228,87,80,183,
15,14,29,15,12,229,98,81,151,14,56,228,85,80,183,15,15,29,15,3,229,111,80,187,15,3,29,14,56,228,92,81,144,246,81,149,14,46,228,82,80,190,246,80,184,14,36,229,121,169,229,97,81,154,14,56,229,121,80,190,246,80,181,15,13,229,113,169,229,113,81,144,14,38,29,14,33,228,92,81,141,15,13,228,85,169,229,126,169,229,113,80,181,14,46,228,83,81,140,15,
14,97,184,213,83,15,1,229,126,81,142,246,81,154,14,35,228,83,80,187,15,0,29,14,35,229,101,81,151,15,12,229,124,81,132,246,81,149,14,46,228,82,81,142,15,10,229,103,81,149,14,35,97,184,213,83,254,80,184,15,13,229,113,81,144,14,49,229,127,169,229,124,81,140,14,46,29,14,36,228,83,81,154,15,3,229,127,169,229,113,80,185,14,33,229,113,80,187,15,11,
29,15,12,229,113,169,229,124,81,137,14,35,229,108,80,185,246,81,154,15,13,229,113,169,229,111,80,185,15,0,29,14,46,228,82,80,183,246,80,184,15,8,229,111,80,185,15,3,228,80,169,229,111,80,185,15,3,228,85,169,228,83,80,187,246,223,111,225,160,31,220,214,105,231,177,116,187,249,82,164,253,92,184,253,105,179,241,73,147,231,29,235,169,31,134,236,92,181,236,29,
180,236,29,163,249,82,184,169,68,185,252,97,184,213,83,130,225,84,165,169,78,181,251,84,166,253,29,191,250,29,165,253,84,186,229,29,191,231,29,191,253,78,246,236,92,164,229,68,246,250,73,183,238,88,165,169,223,86,29,29,187,230,79,179,169,94,185,228,80,183,231,89,165,169,92,184,237,29,165,253,79,185,231,90,179,251,29,166,251,82,162,236,94,162,224,82,184,169,94,185,
228,84,184,238,29,165,230,82,184,165,29,145,230,89,246,254,84,186,229,84,184,238,19,138,231,97,184,162,29,152,230,29,165,252,95,165,234,79,191,235,88,164,250,29,52,9,169,246,221,85,191,250,29,191,250,29,185,231,81,175,169,73,190,236,29,180,236,90,191,231,83,191,231,90,248,213,83,138,231,117,185,249,88,246,240,82,163,169,88,184,227,82,175,169,73,190,236,29,165,234,
79,191,249,73,247,213,83,138,231,21,152,230,73,179,179,29,148,232,83,177,169,77,164,230,73,179,234,73,191,230,83,246,230,83,186,240,29,161,230,79,189,250,29,183,238,92,191,231,78,162,169,73,190,230,78,179,169,74,190,230,29,190,232,75,179,169,84,162,169,92,181,253,84,160,236,29,185,231,29,175,230,72,246,239,79,185,228,29,128,219,10,255,171,55,220,192,83,166,252,73,
248,217,92,164,236,83,162,169,0,246,221,92,164,238,88,162,217,92,177,236,55,159,231,77,163,253,19,133,224,71,179,169,0,246,220,121,191,228,15,248,231,88,161,161,12,250,169,16,224,191,17,246,185,17,246,189,13,255,131,116,184,249,72,162,167,109,185,250,84,162,224,82,184,169,0,246,220,121,191,228,15,248,231,88,161,161,13,250,169,12,230,165,29,230,165,29,227,189,20,220,
131,16,251,169,0,235,180,0,235,169,229,100,81,140,246,81,154,14,39,229,124,80,183,14,46,229,103,169,229,113,80,185,15,13,229,113,81,132,14,33,29,14,33,229,113,80,185,14,63,229,108,81,138,246,180,0,235,180,0,220,229,82,181,232,81,246,217,84,181,226,88,164,203,73,184,169,0,246,192,83,165,253,92,184,234,88,248,231,88,161,161,31,130,236,69,162,203,72,162,253,
82,184,171,20,220,217,84,181,226,88,164,203,73,184,167,115,183,228,88,246,180,29,244,217,84,181,226,88,164,203,73,184,171,55,134,224,94,189,236,79,148,253,83,248,218,84,172,236,29,235,169,104,146,224,80,228,167,83,179,254,21,230,165,29,226,185,17,246,185,17,246,189,13,255,131,109,191,234,86,179,251,127,162,231,19,134,230,78,191,253,84,185,231,29,235,169,104,146,224,80,
228,167,83,179,254,21,231,165,29,251,188,13,250,169,13,250,169,8,226,160,55,134,224,94,189,236,79,148,253,83,248,203,92,181,226,90,164,230,72,184,237,126,185,229,82,164,186,29,235,169,105,190,236,80,179,167,127,163,253,73,185,231,127,186,252,88,220,229,82,181,232,81,246,214,77,191,169,0,246,217,84,181,226,88,164,203,73,184,179,123,191,231,89,144,224,79,165,253,126,190,
224,81,178,161,31,134,224,94,189,236,79,159,234,82,184,171,20,246,224,91,246,214,77,191,169,73,190,236,83,246,214,77,191,167,107,191,250,84,180,229,88,246,180,29,162,251,72,179,169,88,184,237,55,134,224,94,189,236,79,148,253,83,248,203,92,181,226,90,164,230,72,184,237,105,164,232,83,165,249,92,164,236,83,181,240,29,235,169,13,248,184,55,134,224,94,189,236,79,148,253,
83,248,221,88,174,253,29,235,169,31,244,131,109,191,234,86,179,251,127,162,231,19,130,236,69,162,202,82,186,230,79,229,169,0,246,202,82,186,230,79,229,167,91,164,230,80,132,206,127,254,187,8,227,165,29,228,188,8,250,169,15,227,188,20,220,217,84,181,226,88,164,203,73,184,167,123,185,231,73,246,180,29,147,231,72,187,167,123,185,231,73,248,206,82,162,225,92,187,203,82,
186,237,55,134,224,94,189,236,79,148,253,83,248,221,88,174,253,110,191,243,88,246,180,29,228,187,55,134,224,94,189,236,79,148,253,83,248,200,72,162,230,127,163,253,73,185,231,126,185,229,82,164,169,0,246,239,92,186,250,88,220,217,84,181,226,88,164,203,73,184,167,109,183,251,88,184,253,29,235,169,105,183,251,90,179,253,109,183,238,88,220,228,92,189,236,126,185,251,83,179,
251,21,134,224,94,189,236,79,148,253,83,250,169,12,230,160,55,187,232,86,179,218,73,164,230,86,179,161,109,191,234,86,179,251,127,162,231,17,246,221,85,179,228,88,248,200,94,181,236,83,162,165,29,231,165,29,230,167,15,255,131,81,185,234,92,186,169,98,166,224,94,189,236,79,159,228,90,246,180,29,159,231,78,162,232,83,181,236,19,184,236,74,254,171,116,187,232,90,179,197,
92,180,236,81,244,160,55,137,249,84,181,226,88,164,192,80,177,167,115,183,228,88,246,180,29,244,217,84,181,226,88,164,192,94,185,231,31,220,214,77,191,234,86,179,251,116,187,238,19,133,224,71,179,169,0,246,220,121,191,228,15,248,231,88,161,161,12,250,169,16,238,165,29,231,165,29,251,177,20,220,214,77,191,234,86,179,251,116,187,238,19,134,230,78,191,253,84,185,231,29,
235,169,104,146,224,80,228,167,83,179,254,21,230,165,29,226,165,29,230,165,29,226,160,55,137,249,84,181,226,88,164,192,80,177,167,127,183,234,86,177,251,82,163,231,89,130,251,92,184,250,77,183,251,88,184,234,68,246,180,29,231,131,98,166,224,94,189,236,79,159,228,90,248,192,80,183,238,88,246,180,29,244,251,95,174,232,78,165,236,73,191,237,7,249,166,4,231,176,13,228,
187,10,239,189,4,238,176,13,225,171,55,137,249,84,181,226,88,164,192,80,177,167,110,181,232,81,179,221,68,166,236,29,235,169,120,184,252,80,248,218,94,183,229,88,130,240,77,179,167,123,191,253,55,137,249,84,181,226,88,164,192,80,177,167,103,159,231,89,179,241,29,235,169,109,191,234,86,179,251,127,162,231,19,140,192,83,178,236,69,246,162,29,231,131,98,166,224,94,189,236,
79,159,228,90,248,217,92,164,236,83,162,169,0,246,217,84,181,226,88,164,203,73,184,131,55,186,230,94,183,229,29,166,224,94,189,236,79,151,234,73,191,255,88,246,180,29,176,232,81,165,236,55,186,230,94,183,229,29,166,224,94,189,236,79,130,230,82,186,169,0,246,231,84,186,131,81,185,234,92,186,169,77,191,234,86,179,251,112,185,252,78,179,169,0,246,231,84,186,131,81,
185,234,92,186,169,77,191,234,86,179,251,126,185,231,83,165,169,0,246,242,92,181,253,84,160,232,73,179,237,0,184,224,81,250,169,72,184,236,76,163,224,77,166,236,89,235,231,84,186,244,55,220,229,82,181,232,81,246,239,72,184,234,73,191,230,83,246,237,88,165,253,79,185,240,109,191,234,86,179,251,105,185,230,81,254,160,55,246,169,29,246,239,82,164,169,98,250,169,94,246,
224,83,246,249,92,191,251,78,254,249,84,181,226,88,164,202,82,184,231,78,255,169,89,185,169,84,176,169,94,246,253,85,179,231,29,166,234,92,186,229,21,176,252,83,181,253,84,185,231,21,255,169,94,236,205,84,165,234,82,184,231,88,181,253,21,255,169,88,184,237,20,246,236,83,178,169,88,184,237,55,246,169,29,246,249,84,181,226,88,164,202,82,184,231,78,246,180,29,173,232,
94,162,224,75,183,253,88,178,180,83,191,229,17,246,252,83,179,248,72,191,249,77,179,237,0,184,224,81,171,131,29,246,169,29,191,239,29,166,224,94,189,236,79,130,230,82,186,169,73,190,236,83,220,169,29,246,169,29,246,169,29,166,234,92,186,229,21,176,252,83,181,253,84,185,231,21,255,169,77,191,234,86,179,251,105,185,230,81,236,205,88,165,253,79,185,240,21,255,169,88,
184,237,20,220,169,29,246,169,29,246,169,29,166,224,94,189,236,79,130,230,82,186,169,0,246,231,84,186,131,29,246,169,29,179,231,89,220,169,29,246,169,77,191,234,86,179,251,112,185,252,78,179,169,0,246,231,84,186,131,29,246,169,29,166,224,94,189,236,79,151,234,73,191,255,88,246,180,29,176,232,81,165,236,55,246,169,29,246,217,84,181,226,88,164,203,73,184,167,127,183,
234,86,177,251,82,163,231,89,149,230,81,185,251,14,246,180,29,130,225,88,187,236,19,148,252,73,162,230,83,148,229,72,179,131,29,246,169,29,134,224,94,189,236,79,148,253,83,248,221,88,174,253,29,235,169,31,244,131,29,246,169,29,186,230,94,183,229,29,137,249,84,228,169,0,246,217,84,181,226,88,164,203,73,184,179,123,191,231,89,144,224,79,165,253,126,190,224,81,178,161,
31,134,224,94,189,236,79,159,234,82,184,171,20,246,224,91,246,214,77,191,187,29,162,225,88,184,169,98,166,224,15,248,223,84,165,224,95,186,236,29,235,169,73,164,252,88,246,236,83,178,131,88,184,237,55,220,197,82,181,232,81,134,229,92,175,236,79,248,202,85,183,251,92,181,253,88,164,219,88,187,230,75,191,231,90,236,202,82,184,231,88,181,253,21,176,252,83,181,253,84,
185,231,21,255,131,29,246,169,29,178,236,78,162,251,82,175,217,84,181,226,88,164,221,82,185,229,21,255,131,88,184,237,20,220,131,109,191,234,86,179,251,127,162,231,19,155,230,72,165,236,127,163,253,73,185,231,12,149,229,84,181,226,7,149,230,83,184,236,94,162,161,91,163,231,94,162,224,82,184,161,20,220,169,29,246,169,84,176,169,77,191,234,86,179,251,124,181,253,84,160,
236,29,162,225,88,184,131,29,246,169,29,246,169,29,246,237,88,165,253,79,185,240,109,191,234,86,179,251,105,185,230,81,254,160,55,246,169,29,246,169,29,246,169,79,179,253,72,164,231,55,246,169,29,246,236,83,178,131,55,246,169,29,246,229,82,181,232,81,246,234,85,183,251,29,235,169,113,185,234,92,186,217,81,183,240,88,164,167,126,190,232,79,183,234,73,179,251,55,246,169,
29,246,224,91,246,231,82,162,169,94,190,232,79,246,253,85,179,231,29,164,236,73,163,251,83,246,236,83,178,131,29,246,169,29,186,230,94,183,229,29,190,252,80,246,180,29,181,225,92,164,179,123,191,231,89,144,224,79,165,253,126,190,224,81,178,198,91,149,229,92,165,250,21,244,193,72,187,232,83,185,224,89,244,160,55,246,169,29,246,224,91,246,231,82,162,169,85,163,228,29,
162,225,88,184,169,79,179,253,72,164,231,29,179,231,89,220,131,29,246,169,29,186,230,94,183,229,29,162,230,82,186,169,0,246,192,83,165,253,92,184,234,88,248,231,88,161,161,31,130,230,82,186,171,20,220,169,29,246,169,73,185,230,81,248,199,92,187,236,29,235,169,31,130,184,5,134,224,94,189,236,79,130,230,82,186,171,55,246,169,29,246,253,82,185,229,19,132,236,76,163,
224,79,179,250,117,183,231,89,186,236,29,235,169,91,183,229,78,179,131,29,246,169,29,162,230,82,186,167,126,183,231,127,179,205,79,185,249,77,179,237,29,235,169,91,183,229,78,179,131,29,246,169,29,162,230,82,186,167,105,179,241,73,163,251,88,159,237,29,235,169,31,164,235,69,183,250,78,179,253,84,178,179,18,249,176,12,239,185,15,228,190,4,226,176,5,239,185,10,244,131,
29,246,169,29,162,230,82,186,167,112,183,231,72,183,229,124,181,253,84,160,232,73,191,230,83,153,231,81,175,169,0,246,239,92,186,250,88,220,169,29,246,169,73,185,230,81,248,221,82,185,229,105,191,249,29,235,169,31,244,131,55,246,169,29,246,253,82,185,229,19,147,248,72,191,249,77,179,237,7,149,230,83,184,236,94,162,161,91,163,231,94,162,224,82,184,161,80,185,252,78,
179,160,55,246,169,29,246,169,29,246,169,77,191,234,86,179,251,112,185,252,78,179,169,0,246,228,82,163,250,88,220,169,29,246,169,29,246,169,29,187,230,72,165,236,19,159,234,82,184,169,0,246,171,79,180,241,92,165,250,88,162,179,18,249,218,68,165,253,88,187,202,72,164,250,82,164,250,18,134,230,84,184,253,84,184,238,117,183,231,89,244,131,29,246,169,29,179,231,89,255,
131,55,246,169,29,246,249,84,181,226,88,164,202,82,184,231,78,248,232,94,162,224,75,183,253,88,178,169,0,246,253,82,185,229,19,151,234,73,191,255,92,162,236,89,236,202,82,184,231,88,181,253,21,176,252,83,181,253,84,185,231,21,255,131,29,246,169,29,246,169,29,246,224,91,246,231,82,162,169,77,191,234,86,179,251,112,185,252,78,179,169,73,190,236,83,246,251,88,162,252,
79,184,169,88,184,237,55,246,169,29,246,169,29,246,169,81,185,234,92,186,169,73,183,251,90,179,253,29,235,169,77,191,234,86,179,251,112,185,252,78,179,167,105,183,251,90,179,253,55,246,169,29,246,169,29,246,169,84,176,169,83,185,253,29,162,232,79,177,236,73,246,253,85,179,231,29,164,236,73,163,251,83,246,236,83,178,131,29,246,169,29,246,169,29,246,239,82,164,169,98,
250,169,77,186,232,68,179,251,29,191,231,29,191,249,92,191,251,78,254,217,81,183,240,88,164,250,7,145,236,73,134,229,92,175,236,79,165,161,20,255,169,89,185,131,29,246,169,29,246,169,29,246,169,29,246,169,84,176,169,77,186,232,68,179,251,29,168,180,29,154,230,94,183,229,109,186,232,68,179,251,55,246,169,29,246,169,29,246,169,29,246,169,29,246,169,29,246,232,83,178,
169,77,186,232,68,179,251,19,149,225,92,164,232,94,162,236,79,220,169,29,246,169,29,246,169,29,246,169,29,246,169,29,246,169,92,184,237,29,162,232,79,177,236,73,236,192,78,146,236,78,181,236,83,178,232,83,162,198,91,254,249,81,183,240,88,164,167,126,190,232,79,183,234,73,179,251,20,246,253,85,179,231,55,246,169,29,246,169,29,246,169,29,246,169,29,246,169,29,246,192,
83,166,252,73,248,221,88,174,253,29,235,169,77,186,232,68,179,251,19,152,232,80,179,131,29,246,169,29,246,169,29,246,169,29,246,169,29,246,169,29,180,251,88,183,226,55,246,169,29,246,169,29,246,169,29,246,169,29,179,231,89,220,169,29,246,169,29,246,169,29,179,231,89,220,169,29,246,169,88,184,237,20,220,131,55,220,169,29,246,169,77,191,234,86,179,251,124,181,253,84,
160,236,29,235,169,73,164,252,88,220,169,29,246,169,109,191,234,86,179,251,127,162,231,19,148,232,94,189,238,79,185,252,83,178,202,82,186,230,79,229,169,0,246,221,85,179,228,88,248,205,92,184,238,88,164,131,29,246,169,29,134,224,94,189,236,79,148,253,83,248,221,88,174,253,29,235,169,31,142,171,55,246,169,29,246,229,82,181,232,81,246,214,77,191,169,0,246,217,84,181,
226,88,164,203,73,184,179,123,191,231,89,144,224,79,165,253,126,190,224,81,178,161,31,134,224,94,189,236,79,159,234,82,184,171,20,246,224,91,246,214,77,191,169,73,190,236,83,246,214,77,191,167,107,191,250,84,180,229,88,246,180,29,176,232,81,165,236,29,179,231,89,220,169,29,246,169,77,191,234,86,179,251,105,185,230,81,246,180,29,162,230,82,186,131,29,246,169,29,162,230,
82,186,167,109,183,251,88,184,253,29,235,169,113,185,234,92,186,217,81,183,240,88,164,167,127,183,234,86,166,232,94,189,131,29,246,169,29,166,234,92,186,229,21,176,252,83,181,253,84,185,231,21,255,169,85,163,228,7,147,248,72,191,249,105,185,230,81,254,253,82,185,229,20,246,236,83,178,160,55,179,231,89,255,131,55,148,232,83,177,203,73,184,167,109,183,251,88,184,253,29,
235,169,105,183,251,90,179,253,109,183,238,88,220,203,92,184,238,127,162,231,19,133,224,71,179,169,0,246,220,121,191,228,15,248,231,88,161,161,13,248,188,17,246,164,12,226,165,29,230,165,29,229,177,20,220,203,92,184,238,127,162,231,19,134,230,78,191,253,84,185,231,29,235,169,104,146,224,80,228,167,83,179,254,21,230,165,29,231,185,17,246,185,17,246,184,13,230,160,55,220,
219,88,165,236,73,148,253,83,248,217,92,164,236,83,162,169,0,246,221,92,164,238,88,162,217,92,177,236,55,132,236,78,179,253,127,162,231,19,133,224,71,179,169,0,246,220,121,191,228,15,248,231,88,161,161,13,248,188,17,246,164,12,226,165,29,230,165,29,229,177,20,220,219,88,165,236,73,148,253,83,248,217,82,165,224,73,191,230,83,246,180,29,131,205,84,187,187,19,184,236,
74,254,185,19,227,165,29,226,165,29,230,165,29,231,177,5,255,131,55,144,229,84,184,238,127,162,231,19,134,232,79,179,231,73,246,180,29,130,232,79,177,236,73,134,232,90,179,131,123,186,224,83,177,203,73,184,167,110,191,243,88,246,180,29,131,205,84,187,187,19,184,236,74,254,184,17,246,164,15,230,165,29,230,165,29,229,177,20,220,207,81,191,231,90,148,253,83,248,217,82,
165,224,73,191,230,83,246,180,29,131,205,84,187,187,19,184,236,74,254,185,17,246,184,13,250,169,13,250,169,15,229,187,20,220,131,105,183,251,90,179,253,123,186,224,83,177,203,73,184,167,109,183,251,88,184,253,29,235,169,105,183,251,90,179,253,109,183,238,88,220,221,92,164,238,88,162,207,81,191,231,90,148,253,83,248,218,84,172,236,29,235,169,104,146,224,80,228,167,83,179,
254,21,230,167,8,250,169,16,231,189,17,246,185,17,246,186,5,255,131,105,183,251,90,179,253,123,186,224,83,177,203,73,184,167,109,185,250,84,162,224,82,184,169,0,246,220,121,191,228,15,248,231,88,161,161,13,248,188,17,246,189,17,246,185,17,246,184,9,226,160,55,220,221,88,186,236,77,185,251,73,148,253,83,248,217,92,164,236,83,162,169,0,246,221,92,164,238,88,162,217,
92,177,236,55,130,236,81,179,249,82,164,253,127,162,231,19,133,224,71,179,169,0,246,220,121,191,228,15,248,231,88,161,161,13,248,188,17,246,164,12,226,165,29,230,165,29,229,177,20,220,221,88,186,236,77,185,251,73,148,253,83,248,217,82,165,224,73,191,230,83,246,180,29,131,205,84,187,187,19,184,236,74,254,185,17,246,184,13,250,169,13,250,169,12,238,177,20,220,131,110,
166,236,94,162,232,73,179,203,73,184,167,109,183,251,88,184,253,29,235,169,105,183,251,90,179,253,109,183,238,88,220,218,77,179,234,73,183,253,88,148,253,83,248,218,84,172,236,29,235,169,104,146,224,80,228,167,83,179,254,21,230,167,8,250,169,16,231,189,17,246,185,17,246,186,5,255,131,110,166,236,94,162,232,73,179,203,73,184,167,109,185,250,84,162,224,82,184,169,0,246,
220,121,191,228,15,248,231,88,161,161,13,248,188,17,246,189,17,246,185,17,246,184,13,230,160,55,220,193,88,183,237,127,183,231,90,148,253,83,248,217,92,164,236,83,162,169,0,246,221,92,164,238,88,162,217,92,177,236,55,158,236,92,178,203,92,184,238,127,162,231,19,133,224,71,179,169,0,246,220,121,191,228,15,248,231,88,161,161,13,248,188,17,246,164,12,226,165,29,230,165,
29,229,177,20,220,193,88,183,237,127,183,231,90,148,253,83,248,217,82,165,224,73,191,230,83,246,180,29,131,205,84,187,187,19,184,236,74,254,185,17,246,184,13,250,169,13,250,169,12,226,189,20,220,131,55,158,232,83,177,200,72,162,230,127,162,231,19,134,232,79,179,231,73,246,180,29,130,232,79,177,236,73,134,232,90,179,131,117,183,231,90,151,252,73,185,203,73,184,167,110,
191,243,88,246,180,29,131,205,84,187,187,19,184,236,74,254,185,19,227,165,29,251,184,9,250,169,13,250,169,14,238,160,55,158,232,83,177,200,72,162,230,127,162,231,19,134,230,78,191,253,84,185,231,29,235,169,104,146,224,80,228,167,83,179,254,21,230,167,8,250,169,9,250,169,13,250,169,15,239,177,20,220,131,16,251,169,229,103,81,142,14,46,228,82,81,148,246,171,229,113,
80,181,14,46,228,83,81,140,246,81,137,14,46,228,82,80,183,15,14,29,15,12,229,123,80,184,14,38,31,246,80,188,15,1,228,84,169,229,99,80,188,246,81,151,14,48,228,82,80,183,15,11,29,15,1,229,124,81,145,15,12,228,92,81,146,220,237,82,220,169,29,246,169,81,185,234,92,186,169,78,190,232,81,191,197,92,180,236,81,246,180,29,159,231,78,162,232,83,181,236,
19,184,236,74,254,171,105,179,241,73,154,232,95,179,229,31,255,131,29,246,169,29,165,225,92,186,224,113,183,235,88,186,167,110,191,243,88,246,180,29,131,205,84,187,187,19,184,236,74,254,184,17,246,164,15,230,165,29,230,165,29,228,185,20,220,169,29,246,169,78,190,232,81,191,197,92,180,236,81,248,217,82,165,224,73,191,230,83,246,180,29,131,205,84,187,187,19,184,236,74,
254,185,17,246,184,13,250,169,13,250,169,15,225,191,20,220,169,29,246,169,78,190,232,81,191,197,92,180,236,81,248,203,92,181,226,90,164,230,72,184,237,105,164,232,83,165,249,92,164,236,83,181,240,29,235,169,12,220,169,29,246,169,78,190,232,81,191,197,92,180,236,81,248,221,88,174,253,29,235,169,31,14,46,228,94,81,154,15,12,229,103,169,229,98,81,154,15,13,228,92,
80,186,246,80,184,14,36,228,83,81,146,244,131,29,246,169,29,165,225,92,186,224,113,183,235,88,186,167,105,179,241,73,149,230,81,185,251,14,246,180,29,149,230,81,185,251,14,248,239,79,185,228,111,145,203,21,231,177,13,250,169,15,230,165,29,229,185,20,220,169,29,246,169,78,190,232,81,191,197,92,180,236,81,248,221,88,174,253,101,151,229,84,177,231,80,179,231,73,246,180,
29,147,231,72,187,167,105,179,241,73,142,200,81,191,238,83,187,236,83,162,167,126,179,231,73,179,251,55,246,169,29,246,250,85,183,229,84,154,232,95,179,229,19,144,230,83,162,169,0,246,204,83,163,228,19,144,230,83,162,167,122,185,253,85,183,228,127,185,229,89,220,169,29,246,169,78,190,232,81,191,197,92,180,236,81,248,221,88,174,253,110,191,243,88,246,180,29,231,186,55,
246,169,29,246,250,85,183,229,84,154,232,95,179,229,19,134,232,79,179,231,73,246,180,29,130,232,79,177,236,73,134,232,90,179,131,88,184,237,55,220,214,117,183,231,90,248,239,79,179,236,71,179,203,73,184,167,109,183,251,88,184,253,29,246,169,0,246,221,92,164,238,88,162,217,92,177,236,55,137,193,92,184,238,19,176,251,88,179,243,88,148,253,83,248,218,84,172,236,29,246,
169,29,246,180,29,131,205,84,187,187,19,184,236,74,254,185,19,227,165,29,251,184,9,250,169,13,250,169,14,238,160,55,137,193,92,184,238,19,176,251,88,179,243,88,148,253,83,248,217,82,165,224,73,191,230,83,246,180,29,131,205,84,187,187,19,184,236,74,254,185,17,246,169,29,246,184,13,250,169,29,230,165,29,228,176,5,255,131,55,137,193,92,184,238,19,181,252,91,176,203,
73,184,167,109,183,251,88,184,253,29,246,169,0,246,221,92,164,238,88,162,217,92,177,236,55,137,193,92,184,238,19,181,252,91,176,203,73,184,167,110,191,243,88,246,169,29,246,169,0,246,220,121,191,228,15,248,231,88,161,161,13,248,188,17,246,164,12,226,165,29,230,165,29,229,177,20,220,214,117,183,231,90,248,234,72,176,239,127,162,231,19,134,230,78,191,253,84,185,231,29,
235,169,104,146,224,80,228,167,83,179,254,21,230,165,29,246,169,29,231,185,17,246,185,17,246,186,9,228,160,55,220,214,117,183,231,90,248,249,72,186,229,127,162,231,19,134,232,79,179,231,73,246,169,29,235,169,105,183,251,90,179,253,109,183,238,88,220,214,117,183,231,90,248,249,72,186,229,127,162,231,19,133,224,71,179,169,29,246,169,29,235,169,104,146,224,80,228,167,83,179,
254,21,230,167,8,250,169,16,231,189,17,246,185,17,246,186,5,255,131,98,158,232,83,177,167,77,163,229,81,148,253,83,248,217,82,165,224,73,191,230,83,246,180,29,131,205,84,187,187,19,184,236,74,254,185,19,227,165,29,246,169,9,250,169,29,230,165,29,229,189,15,255,131,55,251,164,29,14,36,228,84,80,185,246,81,154,15,13,228,86,169,77,164,236,91,191,241,29,15,13,
228,86,169,117,146,169,124,178,228,84,184,131,81,185,234,92,186,169,117,178,217,79,179,239,84,174,197,92,180,236,81,246,180,29,159,231,78,162,232,83,181,236,19,184,236,74,254,171,105,179,241,73,154,232,95,179,229,31,255,131,117,178,217,79,179,239,84,174,197,92,180,236,81,248,218,84,172,236,29,235,169,104,146,224,80,228,167,83,179,254,21,231,165,29,251,187,13,250,169,13,
250,169,12,238,160,55,158,237,109,164,236,91,191,241,113,183,235,88,186,167,109,185,250,84,162,224,82,184,169,0,246,220,121,191,228,15,248,231,88,161,161,13,250,169,12,230,165,29,230,165,29,229,177,5,255,131,117,178,217,79,179,239,84,174,197,92,180,236,81,248,203,92,181,226,90,164,230,72,184,237,105,164,232,83,165,249,92,164,236,83,181,240,29,235,169,12,220,193,89,134,
251,88,176,224,69,154,232,95,179,229,19,130,236,69,162,169,0,246,171,109,164,236,91,191,241,29,14,46,228,82,80,189,246,193,121,246,161,229,124,80,185,15,11,229,113,81,155,15,3,29,14,42,228,94,169,228,92,81,146,15,1,228,92,160,31,220,193,89,134,251,88,176,224,69,154,232,95,179,229,19,130,236,69,162,202,82,186,230,79,229,169,0,246,221,85,179,228,88,248,196,
72,162,236,89,220,193,89,134,251,88,176,224,69,154,232,95,179,229,19,130,236,69,162,209,124,186,224,90,184,228,88,184,253,29,235,169,120,184,252,80,248,221,88,174,253,101,151,229,84,177,231,80,179,231,73,248,219,84,177,225,73,220,193,89,134,251,88,176,224,69,154,232,95,179,229,19,144,230,83,162,169,0,246,204,83,163,228,19,144,230,83,162,167,122,185,253,85,183,228,55,
158,237,109,164,236,91,191,241,113,183,235,88,186,167,105,179,241,73,133,224,71,179,169,0,246,184,15,220,193,89,134,251,88,176,224,69,154,232,95,179,229,19,134,232,79,179,231,73,246,180,29,130,232,79,177,236,73,134,232,90,179,131,55,186,230,94,183,229,29,158,237,109,164,236,91,191,241,116,184,249,72,162,169,0,246,192,83,165,253,92,184,234,88,248,231,88,161,161,31,130,
236,69,162,203,82,174,171,20,220,193,89,134,251,88,176,224,69,159,231,77,163,253,19,152,232,80,179,169,0,246,171,117,178,217,79,179,239,84,174,192,83,166,252,73,244,131,117,178,217,79,179,239,84,174,192,83,166,252,73,248,218,84,172,236,29,235,169,104,146,224,80,228,167,83,179,254,21,230,167,14,238,165,29,251,189,17,246,185,17,246,186,5,255,131,117,178,217,79,179,239,
84,174,192,83,166,252,73,248,217,82,165,224,73,191,230,83,246,180,29,131,205,84,187,187,19,184,236,74,254,185,17,246,184,13,250,169,13,250,169,9,230,177,20,220,193,89,134,251,88,176,224,69,159,231,77,163,253,19,148,232,94,189,238,79,185,252,83,178,202,82,186,230,79,229,169,0,246,221,85,179,228,88,248,192,83,166,252,73,220,193,89,134,251,88,176,224,69,159,231,77,
163,253,19,148,232,94,189,238,79,185,252,83,178,221,79,183,231,78,166,232,79,179,231,94,175,169,0,246,185,19,228,131,117,178,217,79,179,239,84,174,192,83,166,252,73,248,217,81,183,234,88,190,230,81,178,236,79,130,236,69,162,169,0,246,171,228,83,81,150,14,46,228,82,179,29,250,171,55,158,237,109,164,236,91,191,241,116,184,249,72,162,167,105,179,241,73,246,180,29,244,
165,31,220,193,89,134,251,88,176,224,69,159,231,77,163,253,19,130,236,69,162,202,82,186,230,79,229,169,0,246,221,85,179,228,88,248,221,88,174,253,55,158,237,109,164,236,91,191,241,116,184,249,72,162,167,109,186,232,94,179,225,82,186,237,88,164,202,82,186,230,79,229,169,0,246,221,85,179,228,88,248,196,72,162,236,89,220,193,89,134,251,88,176,224,69,159,231,77,163,253,
19,144,230,83,162,169,0,246,204,83,163,228,19,144,230,83,162,167,122,185,253,85,183,228,127,185,229,89,220,193,89,134,251,88,176,224,69,159,231,77,163,253,19,130,236,69,162,218,84,172,236,29,235,169,12,238,131,117,178,217,79,179,239,84,174,192,83,166,252,73,248,202,81,179,232,79,130,236,69,162,198,83,144,230,94,163,250,29,235,169,91,183,229,78,179,131,117,178,217,79,
179,239,84,174,192,83,166,252,73,248,217,92,164,236,83,162,169,0,246,221,92,164,238,88,162,217,92,177,236,55,187,232,86,179,202,82,164,231,88,164,161,117,178,217,79,179,239,84,174,192,83,166,252,73,250,169,12,230,160,55,187,232,86,179,218,73,164,230,86,179,161,117,178,217,79,179,239,84,174,192,83,166,252,73,250,169,105,190,236,80,179,167,127,185,251,89,179,251,17,246,
184,17,246,185,19,228,160,55,183,249,77,186,240,126,186,224,94,189,221,82,149,229,88,183,251,21,158,237,109,164,236,91,191,241,116,184,249,72,162,160,55,220,164,16,246,80,184,14,36,229,113,80,181,15,13,229,127,169,228,84,81,140,14,46,229,119,81,148,246,81,154,15,13,228,86,169,77,164,236,91,191,241,29,14,35,228,82,80,191,14,46,229,112,80,183,14,46,228,93,169,
228,83,80,187,246,193,121,246,200,89,187,224,83,220,249,94,183,229,81,254,239,72,184,234,73,191,230,83,254,160,55,246,169,29,246,229,82,181,232,81,246,251,78,246,180,29,177,232,80,179,179,122,179,253,110,179,251,75,191,234,88,254,171,111,179,249,81,191,234,92,162,236,89,133,253,82,164,232,90,179,171,20,220,169,29,246,169,81,185,234,92,186,169,91,163,231,94,162,224,82,
184,169,73,164,240,122,179,253,21,248,167,19,255,131,29,246,169,29,246,169,29,246,229,82,181,232,81,246,230,95,188,169,0,246,251,78,220,169,29,246,169,29,246,169,29,176,230,79,246,214,17,246,231,29,191,231,29,191,249,92,191,251,78,254,242,19,248,167,64,255,169,89,185,131,29,246,169,29,246,169,29,246,169,29,246,169,82,180,227,29,235,169,82,180,227,7,144,224,83,178,
207,84,164,250,73,149,225,84,186,237,21,184,160,55,246,169,29,246,169,29,246,169,29,246,169,29,191,239,29,184,230,73,246,230,95,188,169,73,190,236,83,246,251,88,162,252,79,184,169,88,184,237,55,246,169,29,246,169,29,246,169,88,184,237,55,246,169,29,246,169,29,246,169,84,176,169,82,180,227,29,183,231,89,246,161,82,180,227,7,159,250,124,254,171,110,162,251,84,184,238,
107,183,229,72,179,171,20,246,230,79,246,230,95,188,179,116,165,200,21,244,223,92,186,252,88,148,232,78,179,171,20,255,169,92,184,237,29,162,230,78,162,251,84,184,238,21,185,235,87,248,223,92,186,252,88,255,169,67,235,169,31,244,169,73,190,236,83,220,169,29,246,169,29,246,169,29,246,169,29,246,193,89,134,251,88,176,224,69,159,231,77,163,253,19,130,236,69,162,169,0,
246,253,82,165,253,79,191,231,90,254,230,95,188,167,107,183,229,72,179,160,55,246,169,29,246,169,29,246,169,88,184,237,55,246,169,29,246,236,83,178,131,29,246,169,29,162,251,68,145,236,73,254,171,117,146,200,89,187,224,83,133,225,92,164,236,89,244,165,31,134,251,88,176,224,69,244,160,55,246,169,29,246,253,79,175,206,88,162,161,31,158,205,124,178,228,84,184,171,17,244,
217,79,179,239,84,174,171,20,220,169,29,246,169,73,164,240,122,179,253,21,244,193,121,137,200,89,187,224,83,244,165,31,133,236,73,162,224,83,177,250,31,250,171,109,164,236,91,191,241,31,255,131,88,184,237,20,220,131,81,185,234,92,186,169,117,178,202,82,166,240,127,162,231,29,235,169,80,183,226,88,148,252,73,162,230,83,254,171,117,178,202,82,166,240,127,162,231,31,250,169,
31,15,15,229,101,81,147,246,193,121,244,165,29,131,205,84,187,187,19,184,236,74,254,185,19,224,165,29,251,184,9,250,169,13,250,169,14,238,160,17,246,220,121,191,228,15,248,231,88,161,161,13,248,189,17,246,189,17,246,185,17,246,189,13,238,160,17,246,221,85,179,228,88,248,203,72,162,253,82,184,203,81,163,236,17,246,221,85,179,228,88,248,200,94,181,236,83,162,160,55,
158,237,126,185,249,68,148,253,83,248,217,92,164,236,83,162,169,0,246,221,92,164,238,88,162,217,92,177,236,55,220,131,16,251,169,229,124,80,184,14,56,228,92,81,140,246,81,149,14,46,228,82,81,152,14,60,229,126,81,132,249,81,154,15,13,228,83,81,154,15,1,229,101,169,228,87,80,183,246,80,191,14,58,228,83,169,229,113,80,185,14,46,229,101,81,151,15,14,229,121,
81,154,15,8,29,254,80,190,15,13,29,14,46,228,82,81,158,14,37,228,81,81,143,14,32,20,220,229,82,181,232,81,246,221,92,164,238,88,162,218,94,164,230,81,186,207,79,183,228,88,246,180,29,159,231,78,162,232,83,181,236,19,184,236,74,254,171,110,181,251,82,186,229,84,184,238,123,164,232,80,179,171,20,220,221,92,164,238,88,162,218,94,164,230,81,186,207,79,183,228,
88,248,218,84,172,236,29,235,169,104,146,224,80,228,167,83,179,254,21,231,165,29,230,165,29,231,165,29,230,160,55,130,232,79,177,236,73,133,234,79,185,229,81,144,251,92,187,236,19,148,232,94,189,238,79,185,252,83,178,221,79,183,231,78,166,232,79,179,231,94,175,169,0,246,184,55,130,232,79,177,236,73,133,234,79,185,229,81,144,251,92,187,236,19,148,230,79,178,236,79,
133,224,71,179,217,84,174,236,81,246,180,29,230,131,105,183,251,90,179,253,110,181,251,82,186,229,123,164,232,80,179,167,110,181,251,82,186,229,127,183,251,105,190,224,94,189,231,88,165,250,29,235,169,84,165,221,82,163,234,85,146,236,75,191,234,88,246,232,83,178,169,14,246,230,79,246,189,55,130,232,79,177,236,73,133,234,79,185,229,81,144,251,92,187,236,19,133,234,79,185,
229,81,148,232,79,159,228,92,177,236,126,185,229,82,164,186,29,235,169,105,190,236,80,179,167,124,181,253,84,160,236,55,130,232,79,177,236,73,133,234,79,185,229,81,144,251,92,187,236,19,149,232,83,160,232,78,133,224,71,179,169,0,246,220,121,191,228,15,248,231,88,161,161,13,250,169,13,250,169,13,250,169,9,224,185,20,220,221,92,164,238,88,162,218,94,164,230,81,186,207,
79,183,228,88,248,218,94,164,230,81,186,224,83,177,205,84,164,236,94,162,224,82,184,169,0,246,204,83,163,228,19,133,234,79,185,229,81,191,231,90,146,224,79,179,234,73,191,230,83,248,208,55,130,232,79,177,236,73,133,234,79,185,229,81,144,251,92,187,236,19,147,229,92,165,253,84,181,203,88,190,232,75,191,230,79,246,180,29,147,231,72,187,167,120,186,232,78,162,224,94,
148,236,85,183,255,84,185,251,19,151,229,74,183,240,78,220,221,92,164,238,88,162,218,94,164,230,81,186,207,79,183,228,88,248,217,92,164,236,83,162,169,0,246,221,92,164,238,88,162,217,92,177,236,55,176,230,79,246,214,17,246,234,85,191,229,89,246,224,83,246,224,77,183,224,79,165,161,105,183,251,90,179,253,109,183,238,88,236,206,88,162,202,85,191,229,89,164,236,83,254,
160,20,246,237,82,220,169,29,246,169,84,176,169,94,190,224,81,178,169,67,235,169,105,183,251,90,179,253,110,181,251,82,186,229,123,164,232,80,179,169,73,190,236,83,220,169,29,246,169,29,246,169,29,181,225,84,186,237,19,134,232,79,179,231,73,246,180,29,130,232,79,177,236,73,133,234,79,185,229,81,144,251,92,187,236,55,246,169,29,246,236,83,178,131,88,184,237,55,220,207,
81,175,203,73,184,167,109,183,251,88,184,253,29,235,169,109,186,232,68,179,251,109,183,238,88,220,207,81,175,203,73,184,167,110,191,243,88,246,180,29,131,205,84,187,187,19,184,236,74,254,185,19,227,165,29,251,184,9,250,169,13,250,169,14,238,160,55,144,229,68,148,253,83,248,217,82,165,224,73,191,230,83,246,180,29,131,205,84,187,187,19,184,236,74,254,185,17,246,184,13,
250,169,13,250,169,8,226,160,55,220,218,77,179,236,89,159,231,77,163,253,19,134,232,79,179,231,73,246,180,29,134,229,92,175,236,79,134,232,90,179,131,110,166,236,88,178,192,83,166,252,73,248,218,84,172,236,29,235,169,104,146,224,80,228,167,83,179,254,21,230,167,8,250,169,16,231,189,17,246,185,17,246,186,5,255,131,110,166,236,88,178,192,83,166,252,73,248,217,82,165,
224,73,191,230,83,246,180,29,131,205,84,187,187,19,184,236,74,254,185,19,227,165,29,226,165,29,230,165,29,227,189,20,220,131,106,183,229,86,133,249,88,179,237,127,162,231,19,134,232,79,179,231,73,246,180,29,134,229,92,175,236,79,134,232,90,179,131,106,183,229,86,133,249,88,179,237,127,162,231,19,133,224,71,179,169,0,246,220,121,191,228,15,248,231,88,161,161,13,248,188,
17,246,164,12,226,165,29,230,165,29,229,177,20,220,222,92,186,226,110,166,236,88,178,203,73,184,167,109,185,250,84,162,224,82,184,169,0,246,220,121,191,228,15,248,231,88,161,161,13,250,169,12,230,165,29,230,165,29,239,177,20,220,131,106,183,229,86,133,249,88,179,237,116,184,249,72,162,167,109,183,251,88,184,253,29,235,169,109,186,232,68,179,251,109,183,238,88,220,222,92,
186,226,110,166,236,88,178,192,83,166,252,73,248,218,84,172,236,29,235,169,104,146,224,80,228,167,83,179,254,21,230,167,8,250,169,16,231,189,17,246,185,17,246,186,5,255,131,106,183,229,86,133,249,88,179,237,116,184,249,72,162,167,109,185,250,84,162,224,82,184,169,0,246,220,121,191,228,15,248,231,88,161,161,13,248,188,17,246,189,17,246,185,17,246,176,5,255,131,55,133,
249,88,179,237,113,183,235,88,186,167,109,183,251,88,184,253,29,235,169,109,186,232,68,179,251,109,183,238,88,220,218,77,179,236,89,154,232,95,179,229,19,133,224,71,179,169,0,246,220,121,191,228,15,248,231,88,161,161,12,250,169,16,228,185,17,246,185,17,246,187,13,255,131,110,166,236,88,178,197,92,180,236,81,248,217,82,165,224,73,191,230,83,246,180,29,131,205,84,187,187,
19,184,236,74,254,185,17,246,184,13,250,169,13,250,169,12,226,189,20,220,131,110,183,255,88,134,229,92,181,236,127,162,231,19,134,232,79,179,231,73,246,180,29,134,229,92,175,236,79,134,232,90,179,131,110,183,255,88,134,229,92,181,236,127,162,231,19,133,224,71,179,169,0,246,220,121,191,228,15,248,231,88,161,161,12,250,169,16,228,185,17,246,185,17,246,186,5,255,131,110,
183,255,88,134,229,92,181,236,127,162,231,19,134,230,78,191,253,84,185,231,29,235,169,104,146,224,80,228,167,83,179,254,21,230,165,29,231,185,17,246,185,17,246,184,10,230,160,55,220,164,16,246,211,82,187,235,84,179,222,92,186,226,29,253,169,117,179,232,89,186,236,78,165,169,22,246,200,83,162,224,124,144,194,29,253,169,126,163,239,91,134,251,82,162,236,94,162,169,229,113,
80,187,14,35,228,84,80,185,15,1,229,113,169,228,82,80,191,14,58,228,83,169,31,14,46,229,120,81,140,15,0,31,220,211,82,187,235,84,179,222,92,186,226,127,162,231,19,134,232,79,179,231,73,246,180,29,153,253,85,179,251,78,134,232,90,179,131,103,185,228,95,191,236,106,183,229,86,148,253,83,248,218,84,172,236,29,235,169,104,146,224,80,228,167,83,179,254,21,230,167,
8,250,169,16,231,189,17,246,185,17,246,186,5,255,131,103,185,228,95,191,236,106,183,229,86,148,253,83,248,217,82,165,224,73,191,230,83,246,180,29,131,205,84,187,187,19,184,236,74,254,185,17,246,184,13,250,169,13,250,169,12,230,160,55,137,206,19,137,193,113,148,253,83,248,217,92,164,236,83,162,169,0,246,198,73,190,236,79,165,217,92,177,236,55,137,206,19,137,193,113,
148,253,83,248,218,84,172,236,29,235,169,104,146,224,80,228,167,83,179,254,21,230,167,8,250,169,16,231,189,17,246,185,17,246,186,5,255,131,98,145,167,98,158,197,127,162,231,19,134,230,78,191,253,84,185,231,29,235,169,104,146,224,80,228,167,83,179,254,21,230,167,8,250,169,9,250,169,13,250,169,12,230,160,55,220,229,82,181,232,81,246,200,83,162,224,124,144,194,29,235,
169,70,183,234,73,191,255,88,235,239,92,186,250,88,250,169,94,185,231,83,235,231,84,186,165,29,180,253,83,235,231,84,186,244,55,151,231,73,191,200,123,157,167,95,162,231,29,235,169,80,183,226,88,148,252,73,162,230,83,254,171,124,184,253,84,151,207,118,148,253,83,244,165,29,244,80,184,14,63,229,113,81,146,246,81,154,15,8,228,85,171,17,246,220,121,191,228,15,248,231,
88,161,161,13,248,188,17,246,164,12,226,165,29,230,165,29,229,177,20,250,169,104,146,224,80,228,167,83,179,254,21,230,165,29,231,185,17,246,185,17,246,188,9,255,165,29,130,225,88,187,236,19,148,252,73,162,230,83,148,229,72,179,165,29,130,225,88,187,236,19,151,234,94,179,231,73,255,131,124,184,253,84,151,207,118,248,235,73,184,167,109,183,251,88,184,253,29,235,169,114,
162,225,88,164,250,109,183,238,88,220,131,98,145,167,126,163,239,91,134,251,82,162,236,94,162,203,73,184,169,0,246,228,92,189,236,127,163,253,73,185,231,21,244,202,72,176,239,109,164,230,73,179,234,73,148,253,83,244,165,29,244,81,144,15,12,229,113,80,183,14,32,29,15,10,228,82,81,149,14,61,229,127,171,17,246,220,121,191,228,15,248,231,88,161,161,13,248,188,17,246,
164,12,226,165,29,230,165,29,229,177,20,250,169,104,146,224,80,228,167,83,179,254,21,230,167,8,250,169,9,250,169,13,250,169,8,226,160,17,246,221,85,179,228,88,248,203,72,162,253,82,184,203,81,163,236,17,246,221,85,179,228,88,248,200,94,181,236,83,162,160,55,137,206,19,149,252,91,176,217,79,185,253,88,181,253,127,162,231,19,134,232,79,179,231,73,246,180,29,153,253,
85,179,251,78,134,232,90,179,131,55,178,230,29,186,230,94,183,229,29,180,169,0,246,228,92,189,236,127,163,253,73,185,231,21,244,199,82,149,229,84,166,203,73,184,171,17,246,171,229,113,81,147,14,35,229,103,81,154,15,11,29,14,37,229,121,81,140,14,46,228,80,171,17,246,220,121,191,228,15,248,231,88,161,161,13,248,188,17,246,164,12,226,165,29,230,165,29,229,177,20,
250,169,104,146,224,80,228,167,83,179,254,21,230,165,29,231,185,17,246,185,17,246,187,8,238,160,17,246,221,85,179,228,88,248,203,72,162,253,82,184,203,81,163,236,17,246,221,85,179,228,88,248,200,94,181,236,83,162,160,6,246,235,19,134,232,79,179,231,73,246,180,29,134,229,92,175,236,79,134,232,90,179,169,88,184,237,55,178,230,29,186,230,94,183,229,29,180,169,0,246,
228,92,189,236,127,163,253,73,185,231,21,244,197,82,161,206,79,183,255,127,162,231,31,250,169,31,14,37,229,113,81,141,14,33,228,92,81,148,246,80,184,15,15,229,120,80,188,14,63,229,127,171,17,246,220,121,191,228,15,248,231,88,161,161,13,248,188,17,246,164,12,226,165,29,230,165,29,229,177,20,250,169,104,146,224,80,228,167,83,179,254,21,230,165,29,231,185,17,246,185,
17,246,176,5,255,165,29,130,225,88,187,236,19,148,252,73,162,230,83,148,229,72,179,165,29,130,225,88,187,236,19,151,234,94,179,231,73,255,178,29,180,167,109,183,251,88,184,253,29,235,169,114,162,225,88,164,250,109,183,238,88,246,236,83,178,131,89,185,169,81,185,234,92,186,169,95,246,180,29,187,232,86,179,203,72,162,253,82,184,161,31,159,231,91,191,231,84,162,236,119,
163,228,77,148,253,83,244,165,29,244,80,191,15,8,229,100,169,228,82,81,154,246,80,187,15,14,229,113,81,155,15,3,31,250,169,104,146,224,80,228,167,83,179,254,21,230,167,8,250,169,16,231,189,17,246,185,17,246,186,5,255,165,29,131,205,84,187,187,19,184,236,74,254,185,17,246,184,13,250,169,13,250,169,15,231,189,20,250,169,105,190,236,80,179,167,127,163,253,73,185,
231,127,186,252,88,250,169,105,190,236,80,179,167,124,181,234,88,184,253,20,237,169,95,248,217,92,164,236,83,162,169,0,246,217,81,183,240,88,164,217,92,177,236,29,179,231,89,220,237,82,246,229,82,181,232,81,246,235,29,235,169,80,183,226,88,148,252,73,162,230,83,254,171,106,183,229,81,149,229,84,187,235,127,162,231,31,250,169,31,14,35,229,101,80,185,15,11,29,14,46,
228,82,81,145,14,38,229,103,81,154,15,15,31,250,169,104,146,224,80,228,167,83,179,254,21,230,167,8,250,169,16,231,189,17,246,185,17,246,186,5,255,165,29,131,205,84,187,187,19,184,236,74,254,185,19,227,165,29,226,165,29,230,165,29,228,184,9,255,165,29,130,225,88,187,236,19,148,252,73,162,230,83,148,229,72,179,165,29,130,225,88,187,236,19,151,234,94,179,231,73,
255,178,29,180,167,109,183,251,88,184,253,29,235,169,109,186,232,68,179,251,109,183,238,88,246,236,83,178,131,89,185,169,81,185,234,92,186,169,95,246,180,29,187,232,86,179,203,72,162,253,82,184,161,31,128,232,83,191,250,85,148,253,83,244,165,29,130,184,5,130,161,31,14,46,229,120,81,151,15,8,229,113,81,156,244,160,17,246,220,121,191,228,15,248,231,88,161,161,13,248,
188,17,246,164,12,226,165,29,230,165,29,229,177,20,250,169,104,146,224,80,228,167,83,179,254,21,230,167,8,250,169,9,250,169,13,250,169,15,227,177,20,250,169,105,190,236,80,179,167,127,163,253,73,185,231,127,186,252,88,250,169,105,190,236,80,179,167,124,181,234,88,184,253,20,237,169,95,248,217,92,164,236,83,162,169,0,246,217,81,183,240,88,164,217,92,177,236,29,179,231,
89,220,237,82,246,229,82,181,232,81,246,235,29,235,169,80,183,226,88,148,252,73,162,230,83,254,171,120,133,217,127,162,231,31,250,169,31,147,218,109,244,165,29,131,205,84,187,187,19,184,236,74,254,185,19,227,165,29,251,184,9,250,169,13,250,169,14,238,160,17,246,220,121,191,228,15,248,231,88,161,161,13,248,188,17,246,189,17,246,185,17,246,176,5,255,165,29,130,225,88,
187,236,19,148,252,73,162,230,83,148,229,72,179,165,29,130,225,88,187,236,19,151,234,94,179,231,73,255,178,29,180,167,109,183,251,88,184,253,29,235,169,114,162,225,88,164,250,109,183,238,88,246,236,83,178,131,89,185,169,81,185,234,92,186,169,95,246,180,29,187,232,86,179,203,72,162,253,82,184,161,31,151,231,73,191,197,92,177,203,73,184,171,17,246,171,228,83,81,139,14,
46,229,121,169,228,82,81,154,14,37,31,250,169,104,146,224,80,228,167,83,179,254,21,230,167,8,250,169,16,231,189,17,246,185,17,246,186,5,255,165,29,131,205,84,187,187,19,184,236,74,254,185,17,246,184,13,250,169,13,250,169,12,226,187,20,250,169,105,190,236,80,179,167,127,163,253,73,185,231,127,186,252,88,250,169,105,190,236,80,179,167,124,181,234,88,184,253,20,237,169,
95,248,217,92,164,236,83,162,169,0,246,198,73,190,236,79,165,217,92,177,236,29,179,231,89,220,237,82,246,229,82,181,232,81,246,235,29,235,169,80,183,226,88,148,252,73,162,230,83,254,171,123,134,218,109,191,231,90,148,253,83,244,165,29,244,207,109,133,169,18,246,217,84,184,238,31,250,169,104,146,224,80,228,167,83,179,254,21,230,167,8,250,169,16,231,189,17,246,185,17,
246,186,5,255,165,29,131,205,84,187,187,19,184,236,74,254,185,19,227,165,29,226,165,29,230,165,29,231,189,15,255,165,29,130,225,88,187,236,19,148,252,73,162,230,83,148,229,72,179,165,29,130,225,88,187,236,19,151,234,94,179,231,73,255,178,29,180,167,109,183,251,88,184,253,29,235,169,114,162,225,88,164,250,109,183,238,88,246,236,83,178,131,89,185,169,81,185,234,92,186,
169,95,246,180,29,187,232,86,179,203,72,162,253,82,184,161,31,133,236,79,160,236,79,159,231,91,185,203,73,184,171,17,246,171,228,83,81,132,15,13,228,94,80,184,14,46,229,124,169,229,113,80,185,14,58,228,92,81,140,15,8,229,103,171,17,246,220,121,191,228,15,248,231,88,161,161,12,250,169,16,228,185,17,246,185,17,246,186,5,255,165,29,131,205,84,187,187,19,184,236,
74,254,185,17,246,184,13,250,169,13,250,169,12,238,191,20,250,169,105,190,236,80,179,167,127,163,253,73,185,231,127,186,252,88,250,169,105,190,236,80,179,167,124,181,234,88,184,253,20,237,169,95,248,217,92,164,236,83,162,169,0,246,198,73,190,236,79,165,217,92,177,236,29,179,231,89,220,131,89,185,131,29,246,169,29,186,230,94,183,229,29,153,253,85,179,251,78,133,234,79,
185,229,81,144,251,92,187,236,29,235,169,116,184,250,73,183,231,94,179,167,83,179,254,21,244,218,94,164,230,81,186,224,83,177,207,79,183,228,88,244,160,55,246,169,29,246,198,73,190,236,79,165,218,94,164,230,81,186,207,79,183,228,88,248,218,84,172,236,29,235,169,104,146,224,80,228,167,83,179,254,21,231,165,29,230,165,29,231,165,29,230,160,55,246,169,29,246,198,73,190,
236,79,165,218,94,164,230,81,186,207,79,183,228,88,248,203,92,181,226,90,164,230,72,184,237,105,164,232,83,165,249,92,164,236,83,181,240,29,235,169,12,220,169,29,246,169,114,162,225,88,164,250,110,181,251,82,186,229,123,164,232,80,179,167,127,185,251,89,179,251,110,191,243,88,134,224,69,179,229,29,235,169,13,220,169,29,246,169,114,162,225,88,164,250,110,181,251,82,186,229,
123,164,232,80,179,167,110,181,251,82,186,229,127,183,251,105,190,224,94,189,231,88,165,250,29,235,169,84,165,221,82,163,234,85,146,236,75,191,234,88,246,232,83,178,169,14,246,230,79,246,189,55,246,169,29,246,198,73,190,236,79,165,218,94,164,230,81,186,207,79,183,228,88,248,218,94,164,230,81,186,203,92,164,192,80,183,238,88,149,230,81,185,251,14,246,180,29,130,225,88,
187,236,19,151,234,73,191,255,88,220,169,29,246,169,114,162,225,88,164,250,110,181,251,82,186,229,123,164,232,80,179,167,126,183,231,75,183,250,110,191,243,88,246,180,29,131,205,84,187,187,19,184,236,74,254,185,17,246,185,17,246,185,17,246,187,14,226,160,55,246,169,29,246,198,73,190,236,79,165,218,94,164,230,81,186,207,79,183,228,88,248,218,94,164,230,81,186,224,83,177,
205,84,164,236,94,162,224,82,184,169,0,246,204,83,163,228,19,133,234,79,185,229,81,191,231,90,146,224,79,179,234,73,191,230,83,248,208,55,246,169,29,246,198,73,190,236,79,165,218,94,164,230,81,186,207,79,183,228,88,248,204,81,183,250,73,191,234,127,179,225,92,160,224,82,164,169,0,246,204,83,163,228,19,147,229,92,165,253,84,181,203,88,190,232,75,191,230,79,248,200,
81,161,232,68,165,131,29,246,169,29,153,253,85,179,251,78,133,234,79,185,229,81,144,251,92,187,236,19,134,232,79,179,231,73,246,180,29,153,253,85,179,251,78,134,232,90,179,131,29,246,169,29,176,230,79,246,214,17,246,234,85,191,229,89,246,224,83,246,224,77,183,224,79,165,161,114,162,225,88,164,250,109,183,238,88,236,206,88,162,202,85,191,229,89,164,236,83,254,160,20,
246,237,82,220,169,29,246,169,29,246,169,29,191,239,29,181,225,84,186,237,29,168,180,29,153,253,85,179,251,78,133,234,79,185,229,81,144,251,92,187,236,29,162,225,88,184,131,29,246,169,29,246,169,29,246,169,29,246,169,94,190,224,81,178,167,109,183,251,88,184,253,29,235,169,114,162,225,88,164,250,110,181,251,82,186,229,123,164,232,80,179,131,29,246,169,29,246,169,29,246,
236,83,178,131,29,246,169,29,179,231,89,220,236,83,178,131,55,178,230,55,246,169,29,246,229,82,181,232,81,246,217,81,183,240,88,164,218,94,164,230,81,186,207,79,183,228,88,246,180,29,159,231,78,162,232,83,181,236,19,184,236,74,254,171,110,181,251,82,186,229,84,184,238,123,164,232,80,179,171,20,220,169,29,246,169,109,186,232,68,179,251,110,181,251,82,186,229,123,164,232,
80,179,167,110,191,243,88,246,180,29,131,205,84,187,187,19,184,236,74,254,184,17,246,185,17,246,184,17,246,185,20,220,169,29,246,169,109,186,232,68,179,251,110,181,251,82,186,229,123,164,232,80,179,167,127,183,234,86,177,251,82,163,231,89,130,251,92,184,250,77,183,251,88,184,234,68,246,180,29,231,131,29,246,169,29,134,229,92,175,236,79,133,234,79,185,229,81,144,251,92,
187,236,19,148,230,79,178,236,79,133,224,71,179,217,84,174,236,81,246,180,29,230,131,29,246,169,29,134,229,92,175,236,79,133,234,79,185,229,81,144,251,92,187,236,19,133,234,79,185,229,81,148,232,79,130,225,84,181,226,83,179,250,78,246,180,29,191,250,105,185,252,94,190,205,88,160,224,94,179,169,92,184,237,29,229,169,82,164,169,9,220,169,29,246,169,109,186,232,68,179,
251,110,181,251,82,186,229,123,164,232,80,179,167,110,181,251,82,186,229,127,183,251,116,187,232,90,179,202,82,186,230,79,229,169,0,246,221,85,179,228,88,248,200,94,162,224,75,179,131,29,246,169,29,134,229,92,175,236,79,133,234,79,185,229,81,144,251,92,187,236,19,149,232,83,160,232,78,133,224,71,179,169,0,246,220,121,191,228,15,248,231,88,161,161,13,250,169,13,250,169,
13,250,169,14,230,187,20,220,169,29,246,169,109,186,232,68,179,251,110,181,251,82,186,229,123,164,232,80,179,167,110,181,251,82,186,229,84,184,238,121,191,251,88,181,253,84,185,231,29,235,169,120,184,252,80,248,218,94,164,230,81,186,224,83,177,205,84,164,236,94,162,224,82,184,167,100,220,169,29,246,169,109,186,232,68,179,251,110,181,251,82,186,229,123,164,232,80,179,167,120,
186,232,78,162,224,94,148,236,85,183,255,84,185,251,29,235,169,120,184,252,80,248,204,81,183,250,73,191,234,127,179,225,92,160,224,82,164,167,124,186,254,92,175,250,55,246,169,29,246,217,81,183,240,88,164,218,94,164,230,81,186,207,79,183,228,88,248,217,92,164,236,83,162,169,0,246,217,81,183,240,88,164,217,92,177,236,55,246,169,29,246,239,82,164,169,98,250,169,94,190,
224,81,178,169,84,184,169,84,166,232,84,164,250,21,134,229,92,175,236,79,134,232,90,179,179,122,179,253,126,190,224,81,178,251,88,184,161,20,255,169,89,185,131,29,246,169,29,246,169,29,246,224,91,246,234,85,191,229,89,246,247,0,246,217,81,183,240,88,164,218,94,164,230,81,186,207,79,183,228,88,246,253,85,179,231,55,246,169,29,246,169,29,246,169,29,246,169,29,181,225,
84,186,237,19,134,232,79,179,231,73,246,180,29,134,229,92,175,236,79,133,234,79,185,229,81,144,251,92,187,236,55,246,169,29,246,169,29,246,169,88,184,237,55,246,169,29,246,236,83,178,131,88,184,237,55,220,229,82,181,232,81,246,214,112,179,231,72,154,232,68,185,252,73,246,180,29,173,225,29,235,169,84,165,198,74,184,236,79,131,250,88,164,169,92,184,237,29,229,185,29,
185,251,29,229,187,17,246,250,73,183,251,73,246,180,29,224,177,17,246,250,73,179,249,29,235,169,14,224,244,55,220,229,82,181,232,81,246,239,72,184,234,73,191,230,83,246,228,92,189,236,112,179,231,72,148,252,73,162,230,83,254,253,88,174,253,17,246,230,79,178,236,79,255,131,29,246,169,29,186,230,94,183,229,29,180,252,73,162,230,83,246,180,29,159,231,78,162,232,83,181,
236,19,184,236,74,254,171,105,179,241,73,148,252,73,162,230,83,244,160,55,246,169,29,246,235,72,162,253,82,184,167,110,191,243,88,246,180,29,131,205,84,187,187,19,184,236,74,254,184,17,246,164,12,224,165,29,230,165,29,137,196,88,184,252,113,183,240,82,163,253,19,190,160,55,246,169,29,246,235,72,162,253,82,184,167,109,185,250,84,162,224,82,184,169,0,246,220,121,191,228,
15,248,231,88,161,161,13,250,169,5,250,169,13,250,169,98,155,236,83,163,197,92,175,230,72,162,167,78,162,232,79,162,169,22,246,161,21,185,251,89,179,251,29,251,169,12,255,169,23,246,214,112,179,231,72,154,232,68,185,252,73,248,250,73,179,249,20,255,131,29,246,169,29,180,252,73,162,230,83,248,203,92,181,226,90,164,230,72,184,237,126,185,229,82,164,186,29,235,169,105,
190,236,80,179,167,109,183,231,88,186,218,82,176,253,55,246,169,29,246,235,72,162,253,82,184,167,127,183,234,86,177,251,82,163,231,89,130,251,92,184,250,77,183,251,88,184,234,68,246,180,29,230,167,13,238,131,29,246,169,29,180,252,73,162,230,83,248,221,88,174,253,29,235,169,73,179,241,73,220,169,29,246,169,95,163,253,73,185,231,19,130,236,69,162,202,82,186,230,79,229,
169,0,246,221,85,179,228,88,248,221,88,174,253,55,246,169,29,246,235,72,162,253,82,184,167,105,179,241,73,133,253,79,185,226,88,130,251,92,184,250,77,183,251,88,184,234,68,246,180,29,231,131,29,246,169,29,180,252,73,162,230,83,248,221,88,174,253,110,162,251,82,189,236,126,185,229,82,164,186,29,235,169,126,185,229,82,164,186,19,176,251,82,187,219,122,148,161,15,230,185,
17,246,187,13,230,165,29,228,185,13,255,131,29,246,169,29,180,252,73,162,230,83,248,221,88,174,253,101,151,229,84,177,231,80,179,231,73,246,180,29,147,231,72,187,167,105,179,241,73,142,200,81,191,238,83,187,236,83,162,167,126,179,231,73,179,251,55,246,169,29,246,235,72,162,253,82,184,167,123,185,231,73,246,180,29,147,231,72,187,167,123,185,231,73,248,206,82,162,225,92,
187,203,82,186,237,55,246,169,29,246,235,72,162,253,82,184,167,105,179,241,73,133,224,71,179,169,0,246,184,11,220,169,29,246,169,95,163,253,73,185,231,19,151,252,73,185,203,72,162,253,82,184,202,82,186,230,79,246,180,29,176,232,81,165,236,55,246,169,29,246,235,72,162,253,82,184,167,109,183,251,88,184,253,29,235,169,110,191,237,88,180,232,79,220,169,29,246,169,80,183,
226,88,149,230,79,184,236,79,254,235,72,162,253,82,184,165,29,231,185,20,220,169,29,246,169,80,183,226,88,133,253,79,185,226,88,254,235,72,162,253,82,184,165,29,130,225,88,187,236,19,148,230,79,178,236,79,250,169,12,250,169,13,248,184,8,255,131,29,246,169,29,164,236,73,163,251,83,246,235,72,162,253,82,184,131,88,184,237,55,220,229,82,181,232,81,246,196,92,191,231,
112,179,231,72,148,253,83,246,180,29,187,232,86,179,196,88,184,252,127,163,253,73,185,231,21,244,81,154,15,13,228,84,81,154,14,47,228,83,81,148,246,81,154,15,13,229,103,81,155,15,3,229,101,80,183,14,32,31,250,169,12,255,131,81,185,234,92,186,169,109,186,232,68,179,251,112,179,231,72,148,253,83,246,180,29,187,232,86,179,196,88,184,252,127,163,253,73,185,231,21,
244,81,154,15,13,228,82,81,154,14,48,229,126,171,17,246,187,20,220,229,82,181,232,81,246,221,92,164,238,88,162,196,88,184,252,127,162,231,29,235,169,80,183,226,88,155,236,83,163,203,72,162,253,82,184,161,31,14,46,229,101,81,151,15,14,229,121,81,154,15,8,31,250,169,14,255,131,81,185,234,92,186,169,116,187,249,82,164,253,92,184,253,112,179,231,72,148,253,83,246,
180,29,187,232,86,179,196,88,184,252,127,163,253,73,185,231,21,244,80,184,15,14,228,83,171,17,246,189,20,220,220,78,179,251,78,155,236,83,163,203,73,184,169,0,246,231,84,186,131,81,185,234,92,186,169,114,161,231,88,164,196,88,184,252,127,162,231,29,235,169,83,191,229,55,251,164,29,14,46,229,120,81,140,15,0,29,14,46,228,80,81,151,15,11,228,82,169,228,82,80,
185,15,12,229,103,81,151,14,33,229,127,169,8,246,161,228,83,80,190,14,46,228,80,169,229,113,80,181,15,15,229,103,169,229,101,81,154,14,33,228,84,81,154,15,2,20,220,229,82,181,232,81,246,198,73,190,236,79,165,196,88,184,252,127,162,231,29,235,169,80,183,226,88,155,236,83,163,203,72,162,253,82,184,161,31,14,46,229,120,81,140,15,0,31,250,169,8,255,131,55,
246,169,16,251,169,0,235,180,0,235,169,228,84,81,142,15,12,29,14,46,228,82,80,185,14,51,229,127,169,18,246,197,92,184,238,72,183,238,88,246,218,88,181,253,84,185,231,29,235,180,0,235,180,55,246,169,89,185,131,29,246,169,29,246,169,98,130,184,5,154,232,83,177,208,29,235,169,98,155,236,83,163,197,92,175,230,72,162,167,78,162,232,79,162,169,22,246,189,29,252,
169,98,155,236,83,163,197,92,175,230,72,162,167,78,162,236,77,246,162,29,137,196,88,184,252,113,183,240,82,163,253,19,190,169,22,246,177,55,220,169,29,246,169,29,246,214,105,231,177,113,183,231,90,146,224,75,246,180,29,159,231,78,162,232,83,181,236,19,184,236,74,254,171,105,179,241,73,154,232,95,179,229,31,255,131,29,246,169,29,246,169,98,130,184,5,154,232,83,177,205,
84,160,167,110,191,243,88,246,180,29,131,205,84,187,187,19,184,236,74,254,184,17,246,164,12,224,165,29,230,165,29,231,191,20,220,169,29,246,169,29,246,214,105,231,177,113,183,231,90,146,224,75,248,217,82,165,224,73,191,230,83,246,180,29,131,205,84,187,187,19,184,236,74,254,185,17,246,177,17,246,185,17,246,214,105,231,177,113,183,231,90,143,160,55,246,169,29,246,169,29,
137,221,12,238,197,92,184,238,121,191,255,19,148,232,94,189,238,79,185,252,83,178,221,79,183,231,78,166,232,79,179,231,94,175,169,0,246,184,55,246,169,29,246,169,29,137,221,12,238,197,92,184,238,121,191,255,19,130,236,69,162,169,0,246,171,229,113,80,185,15,13,229,108,81,148,246,213,97,246,197,92,184,238,72,183,238,88,244,131,29,246,169,29,246,169,98,130,184,5,154,
232,83,177,205,84,160,167,105,179,241,73,149,230,81,185,251,14,246,180,29,149,230,81,185,251,14,248,239,79,185,228,111,145,203,21,231,189,13,250,169,12,226,188,17,246,184,10,230,160,55,246,169,29,246,169,29,137,221,12,238,197,92,184,238,121,191,255,19,130,236,69,162,209,124,186,224,90,184,228,88,184,253,29,235,169,120,184,252,80,248,221,88,174,253,101,151,229,84,177,231,
80,179,231,73,248,202,88,184,253,88,164,131,29,246,169,29,246,169,98,130,184,5,154,232,83,177,205,84,160,167,123,185,231,73,246,180,29,147,231,72,187,167,123,185,231,73,248,206,82,162,225,92,187,203,82,186,237,55,246,169,29,246,169,29,137,221,12,238,197,92,184,238,121,191,255,19,130,236,69,162,218,84,172,236,29,235,169,12,231,131,29,246,169,29,246,169,98,130,184,5,
154,232,83,177,205,84,160,167,109,183,251,88,184,253,29,235,169,110,191,237,88,180,232,79,220,131,29,246,169,29,246,169,98,130,184,5,151,251,127,162,231,29,235,169,116,184,250,73,183,231,94,179,167,83,179,254,21,244,221,88,174,253,127,163,253,73,185,231,31,255,131,29,246,169,29,246,169,98,130,184,5,151,251,127,162,231,19,133,224,71,179,169,0,246,220,121,191,228,15,248,
231,88,161,161,13,248,188,17,246,164,12,230,165,29,230,165,29,228,177,20,220,169,29,246,169,29,246,214,105,231,177,124,164,203,73,184,167,109,185,250,84,162,224,82,184,169,0,246,220,121,191,228,15,248,231,88,161,161,13,250,169,11,250,169,13,250,169,98,130,184,5,154,232,83,177,208,29,253,169,12,238,160,55,246,169,29,246,169,29,137,221,12,238,200,79,148,253,83,248,203,
92,181,226,90,164,230,72,184,237,126,185,229,82,164,186,29,235,169,126,185,229,82,164,186,19,176,251,82,187,219,122,148,161,15,228,185,17,246,187,15,230,165,29,228,187,13,255,131,29,246,169,29,246,169,98,130,184,5,151,251,127,162,231,19,148,230,79,178,236,79,133,224,71,179,217,84,174,236,81,246,180,29,230,131,29,246,169,29,246,169,98,130,184,5,151,251,127,162,231,19,
130,236,69,162,169,0,246,171,229,111,81,140,14,33,228,92,171,55,246,169,29,246,169,29,137,221,12,238,200,79,148,253,83,248,221,88,174,253,126,185,229,82,164,186,29,235,169,126,185,229,82,164,186,19,176,251,82,187,219,122,148,161,15,230,165,29,228,185,17,246,187,13,255,131,29,246,169,29,246,169,98,130,184,5,151,251,127,162,231,19,144,230,83,162,169,0,246,204,83,163,
228,19,144,230,83,162,167,122,185,253,85,183,228,127,185,229,89,220,169,29,246,169,29,246,214,105,231,177,124,164,203,73,184,167,105,179,241,73,133,224,71,179,169,0,246,184,14,220,169,29,246,169,29,246,214,105,231,177,124,164,203,73,184,167,124,163,253,82,148,252,73,162,230,83,149,230,81,185,251,29,235,169,73,164,252,88,220,169,29,246,169,29,246,214,105,231,177,124,164,203,
73,184,167,109,183,251,88,184,253,29,235,169,110,191,237,88,180,232,79,220,169,29,246,169,29,246,192,83,165,253,92,184,234,88,248,231,88,161,161,31,131,192,126,185,251,83,179,251,31,250,169,98,130,184,5,151,251,127,162,231,20,248,202,82,164,231,88,164,219,92,178,224,72,165,169,0,246,220,121,191,228,19,184,236,74,254,185,17,246,190,20,220,131,29,246,169,29,246,169,98,
130,184,5,147,231,127,162,231,29,235,169,116,184,250,73,183,231,94,179,167,83,179,254,21,244,221,88,174,253,127,163,253,73,185,231,31,255,131,29,246,169,29,246,169,98,130,184,5,147,231,127,162,231,19,133,224,71,179,169,0,246,220,121,191,228,15,248,231,88,161,161,13,248,188,17,246,164,12,230,165,29,230,165,29,228,177,20,220,169,29,246,169,29,246,214,105,231,177,120,184,
203,73,184,167,109,185,250,84,162,224,82,184,169,0,246,220,121,191,228,15,248,231,88,161,161,13,248,188,17,246,189,17,246,185,17,246,214,105,231,177,113,183,231,90,143,169,22,246,184,5,255,131,29,246,169,29,246,169,98,130,184,5,147,231,127,162,231,19,148,232,94,189,238,79,185,252,83,178,202,82,186,230,79,229,169,0,246,202,82,186,230,79,229,167,91,164,230,80,132,206,
127,254,187,5,250,169,15,238,165,29,228,177,20,220,169,29,246,169,29,246,214,105,231,177,120,184,203,73,184,167,127,185,251,89,179,251,110,191,243,88,134,224,69,179,229,29,235,169,13,220,169,29,246,169,29,246,214,105,231,177,120,184,203,73,184,167,105,179,241,73,246,180,29,244,204,83,177,229,84,165,225,31,220,169,29,246,169,29,246,214,105,231,177,120,184,203,73,184,167,105,
179,241,73,149,230,81,185,251,14,246,180,29,149,230,81,185,251,14,248,239,79,185,228,111,145,203,21,231,191,13,250,169,12,224,185,17,246,184,11,230,160,55,246,169,29,246,169,29,137,221,12,238,204,83,148,253,83,248,207,82,184,253,29,235,169,120,184,252,80,248,207,82,184,253,19,145,230,73,190,232,80,148,230,81,178,131,29,246,169,29,246,169,98,130,184,5,147,231,127,162,
231,19,130,236,69,162,218,84,172,236,29,235,169,12,229,131,29,246,169,29,246,169,98,130,184,5,147,231,127,162,231,19,151,252,73,185,203,72,162,253,82,184,202,82,186,230,79,246,180,29,162,251,72,179,131,29,246,169,29,246,169,98,130,184,5,147,231,127,162,231,19,134,232,79,179,231,73,246,180,29,133,224,89,179,235,92,164,131,29,246,169,29,246,169,116,184,250,73,183,231,
94,179,167,83,179,254,21,244,220,116,149,230,79,184,236,79,244,165,29,137,221,12,238,204,83,148,253,83,255,167,126,185,251,83,179,251,111,183,237,84,163,250,29,235,169,104,146,224,80,248,231,88,161,161,13,250,169,10,255,131,29,246,236,83,178,131,29,246,164,16,246,180,0,235,180,0,235,180,0,235,180,0,235,180,0,235,180,0,235,180,0,235,180,0,235,180,0,235,180,0,
235,180,0,235,180,0,235,180,0,235,180,0,220,131,16,251,169,229,100,81,140,246,81,154,15,1,228,80,81,140,246,80,185,15,13,228,83,81,154,15,13,228,85,169,228,87,80,191,14,62,29,52,9,169,246,80,183,14,49,228,81,81,140,246,81,151,14,36,229,124,169,229,113,80,185,15,13,229,108,81,148,246,81,159,14,39,229,103,169,229,98,80,183,14,40,55,191,239,29,191,
250,114,161,231,88,164,220,78,179,251,29,162,225,88,184,131,29,246,169,29,186,230,94,183,229,29,137,230,74,184,236,79,148,253,83,143,169,0,246,214,105,231,177,113,183,231,90,143,169,22,246,184,5,246,162,29,228,177,29,253,169,12,230,131,29,246,169,29,153,254,83,179,251,112,179,231,72,148,253,83,246,180,29,159,231,78,162,232,83,181,236,19,184,236,74,254,171,105,179,241,
73,148,252,73,162,230,83,244,160,55,246,169,29,246,198,74,184,236,79,155,236,83,163,203,73,184,167,110,191,243,88,246,180,29,131,205,84,187,187,19,184,236,74,254,184,17,246,164,12,224,165,29,230,165,29,137,196,88,184,252,113,183,240,82,163,253,19,190,160,55,246,169,29,246,198,74,184,236,79,155,236,83,163,203,73,184,167,109,185,250,84,162,224,82,184,169,0,246,220,121,
191,228,15,248,231,88,161,161,13,250,169,5,250,169,13,250,169,98,185,254,83,179,251,127,162,231,100,255,131,29,246,169,29,153,254,83,179,251,112,179,231,72,148,253,83,248,203,92,181,226,90,164,230,72,184,237,126,185,229,82,164,186,29,235,169,105,190,236,80,179,167,109,183,231,88,186,218,82,176,253,55,246,169,29,246,198,74,184,236,79,155,236,83,163,203,73,184,167,127,183,
234,86,177,251,82,163,231,89,130,251,92,184,250,77,183,251,88,184,234,68,246,180,29,230,167,13,238,131,29,246,169,29,153,254,83,179,251,112,179,231,72,148,253,83,248,221,88,174,253,29,235,169,31,14,46,228,94,80,187,14,56,31,220,169,29,246,169,114,161,231,88,164,196,88,184,252,127,162,231,19,130,236,69,162,202,82,186,230,79,229,169,0,246,221,85,179,228,88,248,221,
88,174,253,55,246,169,29,246,198,74,184,236,79,155,236,83,163,203,73,184,167,105,179,241,73,133,253,79,185,226,88,130,251,92,184,250,77,183,251,88,184,234,68,246,180,29,231,131,29,246,169,29,153,254,83,179,251,112,179,231,72,148,253,83,248,221,88,174,253,101,151,229,84,177,231,80,179,231,73,246,180,29,147,231,72,187,167,105,179,241,73,142,200,81,191,238,83,187,236,83,
162,167,126,179,231,73,179,251,55,246,169,29,246,198,74,184,236,79,155,236,83,163,203,73,184,167,123,185,231,73,246,180,29,147,231,72,187,167,123,185,231,73,248,206,82,162,225,92,187,203,82,186,237,55,246,169,29,246,198,74,184,236,79,155,236,83,163,203,73,184,167,105,179,241,73,133,224,71,179,169,0,246,184,11,220,169,29,246,169,114,161,231,88,164,196,88,184,252,127,162,
231,19,151,252,73,185,203,72,162,253,82,184,202,82,186,230,79,246,180,29,176,232,81,165,236,55,246,169,29,246,198,74,184,236,79,155,236,83,163,203,73,184,167,109,183,251,88,184,253,29,235,169,110,191,237,88,180,232,79,220,169,29,246,169,80,183,226,88,149,230,79,184,236,79,254,198,74,184,236,79,155,236,83,163,203,73,184,165,29,231,185,20,220,169,29,246,169,80,183,226,
88,133,253,79,185,226,88,254,198,74,184,236,79,155,236,83,163,203,73,184,165,29,130,225,88,187,236,19,148,230,79,178,236,79,250,169,12,250,169,13,248,184,8,255,131,88,184,237,55,220,229,82,181,232,81,246,217,92,177,236,78,246,180,29,173,131,29,246,169,29,187,232,84,184,169,0,246,196,92,191,231,109,183,238,88,250,131,29,246,169,29,166,229,92,175,236,79,246,180,29,
134,229,92,175,236,79,134,232,90,179,165,55,246,169,29,246,253,92,164,238,88,162,169,0,246,221,92,164,238,88,162,217,92,177,236,17,220,169,29,246,169,84,187,249,82,164,253,92,184,253,29,235,169,116,187,249,82,164,253,92,184,253,109,183,238,88,250,131,64,220,131,81,185,234,92,186,169,112,179,231,72,148,252,73,162,230,83,165,169,0,246,242,55,246,169,29,246,228,92,191,
231,29,235,169,112,183,224,83,155,236,83,163,203,73,184,165,55,246,169,29,246,249,81,183,240,88,164,169,0,246,217,81,183,240,88,164,196,88,184,252,127,162,231,17,220,169,29,246,169,73,183,251,90,179,253,29,235,169,105,183,251,90,179,253,112,179,231,72,148,253,83,250,131,29,246,169,29,191,228,77,185,251,73,183,231,73,246,180,29,159,228,77,185,251,73,183,231,73,155,236,
83,163,203,73,184,165,55,171,131,55,251,164,29,131,250,88,164,250,109,183,238,88,246,80,184,14,38,228,83,81,145,246,80,188,15,3,29,153,254,83,179,251,109,183,238,88,246,107,189,66,169,228,82,81,154,246,80,183,15,6,229,101,81,145,15,7,228,71,80,185,246,80,190,14,60,228,87,81,144,14,32,29,15,12,228,80,80,188,14,60,228,82,81,148,220,131,84,176,169,114,
161,231,88,164,217,92,177,236,29,183,231,89,246,198,74,184,236,79,155,236,83,163,203,73,184,169,73,190,236,83,220,169,29,246,169,109,183,238,88,165,167,82,161,231,88,164,169,0,246,198,74,184,236,79,134,232,90,179,131,29,246,169,29,155,236,83,163,203,72,162,253,82,184,250,19,185,254,83,179,251,29,235,169,114,161,231,88,164,196,88,184,252,127,162,231,55,179,231,89,220,
131,109,183,238,88,165,167,82,162,225,88,164,250,29,235,169,114,162,225,88,164,250,109,183,238,88,220,196,88,184,252,127,163,253,73,185,231,78,248,230,73,190,236,79,165,169,0,246,198,73,190,236,79,165,196,88,184,252,127,162,231,55,220,229,82,181,232,81,246,239,72,184,234,73,191,230,83,246,250,88,162,196,88,184,252,110,162,232,73,179,161,92,181,253,84,160,236,118,179,240,
20,220,169,29,246,169,91,185,251,29,189,236,68,250,169,77,183,238,88,246,224,83,246,249,92,191,251,78,254,217,92,177,236,78,255,169,89,185,131,29,246,169,29,246,169,29,246,249,92,177,236,19,128,224,78,191,235,81,179,169,0,246,226,88,175,169,0,235,169,92,181,253,84,160,236,118,179,240,55,246,169,29,246,236,83,178,131,55,246,169,29,246,239,82,164,169,86,179,240,17,
246,235,72,162,253,82,184,169,84,184,169,77,183,224,79,165,161,112,179,231,72,148,252,73,162,230,83,165,160,29,178,230,55,246,169,29,246,169,29,246,169,84,176,169,86,179,240,29,235,180,29,183,234,73,191,255,88,157,236,68,246,253,85,179,231,55,246,169,29,246,169,29,246,169,29,246,169,29,180,252,73,162,230,83,248,203,92,181,226,90,164,230,72,184,237,126,185,229,82,164,
186,29,235,169,105,190,236,80,179,167,124,181,253,84,160,236,55,246,169,29,246,169,29,246,169,88,186,250,88,220,169,29,246,169,29,246,169,29,246,169,29,246,235,72,162,253,82,184,167,127,183,234,86,177,251,82,163,231,89,149,230,81,185,251,14,246,180,29,130,225,88,187,236,19,134,232,83,179,229,110,185,239,73,220,169,29,246,169,29,246,169,29,179,231,89,220,169,29,246,169,
88,184,237,55,179,231,89,220,131,112,183,224,83,155,236,83,163,203,73,184,167,112,185,252,78,179,203,72,162,253,82,184,184,126,186,224,94,189,179,126,185,231,83,179,234,73,254,239,72,184,234,73,191,230,83,254,160,55,246,169,29,246,250,88,162,196,88,184,252,110,162,232,73,179,161,31,187,232,84,184,171,20,220,236,83,178,160,55,220,217,81,183,240,88,164,196,88,184,252,127,
162,231,19,155,230,72,165,236,127,163,253,73,185,231,12,149,229,84,181,226,7,149,230,83,184,236,94,162,161,91,163,231,94,162,224,82,184,161,20,220,169,29,246,169,78,179,253,112,179,231,72,133,253,92,162,236,21,244,249,81,183,240,88,164,171,20,220,236,83,178,160,55,220,221,92,164,238,88,162,196,88,184,252,127,162,231,19,155,230,72,165,236,127,163,253,73,185,231,12,149,
229,84,181,226,7,149,230,83,184,236,94,162,161,91,163,231,94,162,224,82,184,161,20,220,169,29,246,169,78,179,253,112,179,231,72,133,253,92,162,236,21,244,253,92,164,238,88,162,171,20,220,236,83,178,160,55,220,192,80,166,230,79,162,232,83,162,196,88,184,252,127,162,231,19,155,230,72,165,236,127,163,253,73,185,231,12,149,229,84,181,226,7,149,230,83,184,236,94,162,161,
91,163,231,94,162,224,82,184,161,20,220,169,29,246,169,78,179,253,112,179,231,72,133,253,92,162,236,21,244,224,80,166,230,79,162,232,83,162,171,20,220,236,83,178,160,55,220,224,91,246,198,74,184,236,79,155,236,83,163,203,73,184,169,73,190,236,83,220,169,29,246,169,114,161,231,88,164,196,88,184,252,127,162,231,19,155,230,72,165,236,127,163,253,73,185,231,12,149,229,84,
181,226,7,149,230,83,184,236,94,162,161,91,163,231,94,162,224,82,184,161,20,220,169,29,246,169,29,246,169,29,165,236,73,155,236,83,163,218,73,183,253,88,254,171,82,161,231,88,164,171,20,220,169,29,246,169,88,184,237,20,220,236,83,178,131,55,153,253,85,179,251,78,155,236,83,163,203,73,184,167,112,185,252,78,179,203,72,162,253,82,184,184,126,186,224,94,189,179,126,185,
231,83,179,234,73,254,239,72,184,234,73,191,230,83,254,160,55,246,169,29,246,250,88,162,196,88,184,252,110,162,232,73,179,161,31,185,253,85,179,251,78,244,160,55,179,231,89,255,131,55,165,236,73,155,236,83,163,218,73,183,253,88,254,171,80,183,224,83,244,160,55,220,237,82,220,169,29,246,169,81,185,234,92,186,169,123,185,230,73,179,251,29,235,169,116,184,250,73,183,231,
94,179,167,83,179,254,21,244,221,88,174,253,113,183,235,88,186,171,20,220,169,29,246,169,123,185,230,73,179,251,19,133,224,71,179,169,0,246,220,121,191,228,15,248,231,88,161,161,12,250,169,16,229,187,17,246,185,17,246,184,5,255,131,123,185,230,73,179,251,19,134,230,78,191,253,84,185,231,29,235,169,104,146,224,80,228,167,83,179,254,21,230,165,29,231,191,17,246,184,17,
246,164,15,226,160,55,144,230,82,162,236,79,248,203,92,181,226,90,164,230,72,184,237,105,164,232,83,165,249,92,164,236,83,181,240,29,235,169,12,220,207,82,185,253,88,164,167,105,179,241,73,246,180,29,244,75,148,246,200,81,186,169,79,191,238,85,162,250,29,164,236,78,179,251,75,179,237,29,162,214,12,238,171,55,144,230,82,162,236,79,248,221,88,174,253,126,185,229,82,164,
186,29,235,169,126,185,229,82,164,186,19,176,251,82,187,219,122,148,161,12,230,185,17,246,184,12,224,165,29,231,186,4,255,131,123,185,230,73,179,251,19,130,236,69,162,209,124,186,224,90,184,228,88,184,253,29,235,169,120,184,252,80,248,221,88,174,253,101,151,229,84,177,231,80,179,231,73,248,197,88,176,253,55,144,230,82,162,236,79,248,207,82,184,253,29,235,169,120,184,252,
80,248,207,82,184,253,19,145,230,73,190,232,80,220,207,82,185,253,88,164,167,105,179,241,73,133,224,71,179,169,0,246,184,14,220,207,82,185,253,88,164,167,109,183,251,88,184,253,29,235,169,123,164,232,80,179,131,88,184,237,55,220,221,82,177,238,81,179,203,73,184,169,0,246,192,83,165,253,92,184,234,88,248,231,88,161,161,31,130,236,69,162,203,72,162,253,82,184,171,20,
220,221,82,177,238,81,179,203,73,184,167,115,183,228,88,246,180,29,244,221,82,177,238,81,179,171,55,130,230,90,177,229,88,148,253,83,248,200,83,181,225,82,164,217,82,191,231,73,246,180,29,128,236,94,162,230,79,228,167,83,179,254,21,230,165,29,230,160,55,130,230,90,177,229,88,148,253,83,248,218,84,172,236,29,235,169,104,146,224,80,228,167,83,179,254,21,230,165,29,227,
189,17,246,185,17,246,188,9,255,131,105,185,238,90,186,236,127,162,231,19,134,230,78,191,253,84,185,231,29,235,169,104,146,224,80,228,167,83,179,254,21,230,165,29,231,191,17,246,185,19,227,165,29,251,188,5,255,131,105,185,238,90,186,236,127,162,231,19,148,232,94,189,238,79,185,252,83,178,202,82,186,230,79,229,169,0,246,221,85,179,228,88,248,217,92,184,236,81,133,230,
91,162,131,105,185,238,90,186,236,127,162,231,19,130,236,69,162,169,0,246,171,31,220,221,82,177,238,81,179,203,73,184,167,124,163,253,82,148,252,73,162,230,83,149,230,81,185,251,29,235,169,91,183,229,78,179,131,105,185,238,90,186,236,127,162,231,19,140,192,83,178,236,69,246,180,29,228,185,55,130,230,90,177,229,88,148,253,83,248,217,92,164,236,83,162,169,0,246,218,94,
164,236,88,184,206,72,191,131,80,183,226,88,149,230,79,184,236,79,254,221,82,177,238,81,179,203,73,184,165,29,239,176,4,255,131,80,183,226,88,133,253,79,185,226,88,254,221,82,177,238,81,179,203,73,184,165,29,130,225,88,187,236,19,148,230,79,178,236,79,250,169,12,250,169,13,248,184,8,255,131,104,191,207,69,248,228,92,189,236,122,164,232,89,191,236,83,162,161,105,185,
238,90,186,236,127,162,231,17,246,242,55,246,169,29,246,202,82,186,230,79,133,236,76,163,236,83,181,236,118,179,240,77,185,224,83,162,167,83,179,254,21,230,165,29,149,230,81,185,251,14,248,239,79,185,228,111,145,203,21,231,189,17,246,184,9,250,169,12,226,160,20,250,131,29,246,169,29,149,230,81,185,251,110,179,248,72,179,231,94,179,194,88,175,249,82,191,231,73,248,231,
88,161,161,12,250,169,126,185,229,82,164,186,19,176,251,82,187,219,122,148,161,11,250,169,11,250,169,11,255,160,17,220,244,17,246,189,8,255,131,55,186,230,94,183,229,29,130,230,90,177,229,88,159,228,90,246,180,29,159,231,78,162,232,83,181,236,19,184,236,74,254,171,116,187,232,90,179,197,92,180,236,81,244,160,55,130,230,90,177,229,88,159,228,90,248,218,84,172,236,29,
235,169,104,146,224,80,228,167,83,179,254,21,231,165,29,251,187,15,250,169,12,250,169,16,228,187,20,220,221,82,177,238,81,179,192,80,177,167,109,185,250,84,162,224,82,184,169,0,246,220,121,191,228,15,248,231,88,161,161,13,250,169,12,231,165,29,230,165,29,231,184,20,220,221,82,177,238,81,179,192,80,177,167,127,183,234,86,177,251,82,163,231,89,130,251,92,184,250,77,183,
251,88,184,234,68,246,180,29,231,131,105,185,238,90,186,236,116,187,238,19,159,228,92,177,236,29,235,169,31,164,235,69,183,250,78,179,253,84,178,179,18,249,184,15,231,190,4,230,184,9,225,177,10,229,190,12,239,171,55,130,230,90,177,229,88,159,228,90,248,218,94,183,229,88,130,240,77,179,169,0,246,204,83,163,228,19,133,234,92,186,236,105,175,249,88,248,207,84,162,131,
105,185,238,90,186,236,116,187,238,19,140,192,83,178,236,69,246,180,29,228,184,55,130,230,90,177,229,88,159,228,90,248,217,92,164,236,83,162,169,0,246,221,82,177,238,81,179,203,73,184,131,55,186,230,94,183,229,29,176,252,83,181,253,84,185,231,29,187,232,86,179,207,81,175,221,82,163,234,85,148,252,73,162,230,83,254,231,92,187,236,17,246,253,88,174,253,17,246,249,82,
165,224,73,191,230,83,255,131,29,246,169,29,186,230,94,183,229,29,180,252,73,162,230,83,246,180,29,159,231,78,162,232,83,181,236,19,184,236,74,254,171,105,179,241,73,148,252,73,162,230,83,244,160,55,246,169,29,246,235,72,162,253,82,184,167,115,183,228,88,246,180,29,184,232,80,179,131,29,246,169,29,180,252,73,162,230,83,248,218,84,172,236,29,235,169,104,146,224,80,228,
167,83,179,254,21,230,165,29,227,187,17,246,185,17,246,186,5,255,131,29,246,169,29,180,252,73,162,230,83,248,217,82,165,224,73,191,230,83,246,180,29,166,230,78,191,253,84,185,231,55,246,169,29,246,235,72,162,253,82,184,167,127,183,234,86,177,251,82,163,231,89,149,230,81,185,251,14,246,180,29,130,225,88,187,236,19,148,252,73,162,230,83,146,236,91,183,252,81,162,131,
29,246,169,29,180,252,73,162,230,83,248,203,92,181,226,90,164,230,72,184,237,105,164,232,83,165,249,92,164,236,83,181,240,29,235,169,13,248,185,5,220,169,29,246,169,95,163,253,73,185,231,19,130,236,69,162,169,0,246,253,88,174,253,55,246,169,29,246,235,72,162,253,82,184,167,105,179,241,73,149,230,81,185,251,14,246,180,29,130,225,88,187,236,19,130,236,69,162,131,29,
246,169,29,180,252,73,162,230,83,248,221,88,174,253,110,162,251,82,189,236,105,164,232,83,165,249,92,164,236,83,181,240,29,235,169,12,220,169,29,246,169,95,163,253,73,185,231,19,130,236,69,162,218,73,164,230,86,179,202,82,186,230,79,229,169,0,246,202,82,186,230,79,229,167,91,164,230,80,132,206,127,254,187,13,230,165,29,228,185,13,250,169,15,230,185,20,220,169,29,246,
169,95,163,253,73,185,231,19,144,230,83,162,169,0,246,204,83,163,228,19,144,230,83,162,167,122,185,253,85,183,228,127,185,229,89,220,169,29,246,169,95,163,253,73,185,231,19,130,236,69,162,218,84,172,236,29,235,169,12,224,131,29,246,169,29,180,252,73,162,230,83,248,200,72,162,230,127,163,253,73,185,231,126,185,229,82,164,169,0,246,239,92,186,250,88,220,169,29,246,169,
95,163,253,73,185,231,19,134,232,79,179,231,73,246,180,29,144,229,68,130,230,72,181,225,123,164,232,80,179,131,29,246,169,29,187,232,86,179,202,82,164,231,88,164,161,95,163,253,73,185,231,17,246,184,13,255,131,29,246,169,29,187,232,86,179,218,73,164,230,86,179,161,95,163,253,73,185,231,17,246,221,85,179,228,88,248,203,82,164,237,88,164,165,29,231,165,29,230,167,13,
238,160,55,246,169,29,246,251,88,162,252,79,184,169,95,163,253,73,185,231,55,179,231,89,220,131,81,185,234,92,186,169,91,163,231,94,162,224,82,184,169,95,191,231,89,144,229,68,130,230,72,181,225,127,163,253,73,185,231,21,180,252,73,162,230,83,250,169,84,184,249,72,162,199,92,187,236,20,220,169,29,246,169,95,163,253,73,185,231,19,159,231,77,163,253,127,179,238,92,184,
179,126,185,231,83,179,234,73,254,239,72,184,234,73,191,230,83,254,224,83,166,252,73,255,131,29,246,169,29,246,169,29,246,224,91,246,224,83,166,252,73,248,220,78,179,251,116,184,249,72,162,221,68,166,236,29,235,180,29,147,231,72,187,167,104,165,236,79,159,231,77,163,253,105,175,249,88,248,221,82,163,234,85,220,169,29,246,169,29,246,169,29,246,169,29,246,230,79,246,224,
83,166,252,73,248,220,78,179,251,116,184,249,72,162,221,68,166,236,29,235,180,29,147,231,72,187,167,104,165,236,79,159,231,77,163,253,105,175,249,88,248,196,82,163,250,88,148,252,73,162,230,83,231,169,73,190,236,83,220,169,29,246,169,29,246,169,29,246,169,29,246,228,82,180,224,81,179,207,81,175,192,83,166,252,73,141,224,83,166,252,73,152,232,80,179,212,29,235,169,73,
164,252,88,220,169,29,246,169,29,246,169,29,179,231,89,220,169,29,246,169,88,184,237,20,220,131,29,246,169,29,180,252,73,162,230,83,248,192,83,166,252,73,147,231,89,179,237,7,149,230,83,184,236,94,162,161,91,163,231,94,162,224,82,184,161,84,184,249,72,162,160,55,246,169,29,246,169,29,246,169,84,176,169,84,184,249,72,162,167,104,165,236,79,159,231,77,163,253,105,175,
249,88,246,180,0,246,204,83,163,228,19,131,250,88,164,192,83,166,252,73,130,240,77,179,167,105,185,252,94,190,131,29,246,169,29,246,169,29,246,169,29,246,169,82,164,169,84,184,249,72,162,167,104,165,236,79,159,231,77,163,253,105,175,249,88,246,180,0,246,204,83,163,228,19,131,250,88,164,192,83,166,252,73,130,240,77,179,167,112,185,252,78,179,203,72,162,253,82,184,184,
29,162,225,88,184,131,29,246,169,29,246,169,29,246,169,29,246,169,80,185,235,84,186,236,123,186,240,116,184,249,72,162,210,84,184,249,72,162,199,92,187,236,96,246,180,29,176,232,81,165,236,55,246,169,29,246,169,29,246,169,88,184,237,55,246,169,29,246,236,83,178,160,55,179,231,89,220,131,123,186,240,105,185,252,94,190,207,79,183,228,88,246,180,29,159,231,78,162,232,83,
181,236,19,184,236,74,254,171,123,164,232,80,179,171,20,220,207,81,175,221,82,163,234,85,144,251,92,187,236,19,152,232,80,179,169,0,246,171,123,186,240,105,185,252,94,190,202,82,184,253,79,185,229,78,244,131,123,186,240,105,185,252,94,190,207,79,183,228,88,248,200,83,181,225,82,164,217,82,191,231,73,246,180,29,128,236,94,162,230,79,228,167,83,179,254,21,231,165,29,231,
160,55,144,229,68,130,230,72,181,225,123,164,232,80,179,167,110,191,243,88,246,180,29,131,205,84,187,187,19,184,236,74,254,185,17,246,184,5,226,165,29,230,165,29,231,188,13,255,131,123,186,240,105,185,252,94,190,207,79,183,228,88,248,217,82,165,224,73,191,230,83,246,180,29,131,205,84,187,187,19,184,236,74,254,184,17,246,164,12,226,165,29,231,165,29,251,184,9,255,131,
123,186,240,105,185,252,94,190,207,79,183,228,88,248,203,92,181,226,90,164,230,72,184,237,126,185,229,82,164,186,29,235,169,105,190,236,80,179,167,109,183,231,88,186,131,123,186,240,105,185,252,94,190,207,79,183,228,88,248,203,92,181,226,90,164,230,72,184,237,105,164,232,83,165,249,92,164,236,83,181,240,29,235,169,13,248,185,5,220,207,81,175,221,82,163,234,85,144,251,92,
187,236,19,148,230,79,178,236,79,133,224,71,179,217,84,174,236,81,246,180,29,230,131,123,186,240,105,185,252,94,190,207,79,183,228,88,248,223,84,165,224,95,186,236,29,235,169,91,183,229,78,179,131,123,186,240,105,185,252,94,190,207,79,183,228,88,248,217,92,164,236,83,162,169,0,246,218,94,164,236,88,184,206,72,191,131,80,183,226,88,149,230,79,184,236,79,254,207,81,175,
221,82,163,234,85,144,251,92,187,236,17,246,184,11,255,131,80,183,226,88,133,253,79,185,226,88,254,207,81,175,221,82,163,234,85,144,251,92,187,236,17,246,221,85,179,228,88,248,203,82,164,237,88,164,165,29,231,165,29,230,167,12,227,160,55,187,232,86,179,218,85,183,237,82,161,161,123,186,240,105,185,252,94,190,207,79,183,228,88,255,131,104,191,207,69,248,228,92,189,236,
122,164,232,89,191,236,83,162,161,123,186,240,105,185,252,94,190,207,79,183,228,88,250,169,70,220,169,29,246,169,126,185,229,82,164,218,88,167,252,88,184,234,88,157,236,68,166,230,84,184,253,19,184,236,74,254,185,17,246,202,82,186,230,79,229,167,91,164,230,80,132,206,127,254,191,17,246,191,17,246,191,20,255,165,55,246,169,29,246,202,82,186,230,79,133,236,76,163,236,83,
181,236,118,179,240,77,185,224,83,162,167,83,179,254,21,231,165,29,149,230,81,185,251,14,248,239,79,185,228,111,145,203,21,238,165,29,231,185,17,246,187,9,255,160,17,220,244,17,246,176,13,255,131,104,191,207,69,248,228,92,189,236,110,162,232,79,144,224,88,186,237,21,144,229,68,130,230,72,181,225,123,164,232,80,179,165,29,238,160,55,220,229,82,181,232,81,246,207,81,175,
221,82,163,234,85,130,224,73,186,236,29,235,169,116,184,250,73,183,231,94,179,167,83,179,254,21,244,221,88,174,253,113,183,235,88,186,171,20,220,207,81,175,221,82,163,234,85,130,224,73,186,236,19,133,224,71,179,169,0,246,220,121,191,228,15,248,231,88,161,161,12,250,169,13,250,169,13,250,169,15,226,160,55,144,229,68,130,230,72,181,225,105,191,253,81,179,167,109,185,250,
84,162,224,82,184,169,0,246,220,121,191,228,15,248,231,88,161,161,13,250,169,13,250,169,13,250,169,9,255,131,123,186,240,105,185,252,94,190,221,84,162,229,88,248,203,92,181,226,90,164,230,72,184,237,105,164,232,83,165,249,92,164,236,83,181,240,29,235,169,12,220,207,81,175,221,82,163,234,85,130,224,73,186,236,19,130,236,69,162,169,0,246,171,123,186,240,29,149,230,83,
162,251,82,186,250,31,220,207,81,175,221,82,163,234,85,130,224,73,186,236,19,130,236,69,162,202,82,186,230,79,229,169,0,246,221,85,179,228,88,248,221,88,174,253,55,144,229,68,130,230,72,181,225,105,191,253,81,179,167,123,185,231,73,246,180,29,147,231,72,187,167,123,185,231,73,248,206,82,162,225,92,187,203,82,186,237,55,144,229,68,130,230,72,181,225,105,191,253,81,179,
167,105,179,241,73,133,224,71,179,169,0,246,184,9,220,207,81,175,221,82,163,234,85,130,224,73,186,236,19,134,232,79,179,231,73,246,180,29,144,229,68,130,230,72,181,225,123,164,232,80,179,131,55,186,230,94,183,229,29,130,230,72,181,225,104,166,203,73,184,169,0,246,228,92,189,236,123,186,240,105,185,252,94,190,203,72,162,253,82,184,161,31,130,230,72,181,225,104,166,203,
73,184,171,17,246,171,104,134,171,17,246,220,121,191,228,15,248,231,88,161,161,13,250,169,12,230,165,29,230,165,29,229,187,20,255,131,81,185,234,92,186,169,105,185,252,94,190,207,82,164,254,92,164,237,127,162,231,29,235,169,80,183,226,88,144,229,68,130,230,72,181,225,127,163,253,73,185,231,21,244,221,82,163,234,85,144,230,79,161,232,79,178,203,73,184,171,17,246,171,123,
129,205,31,250,169,104,146,224,80,228,167,83,179,254,21,230,165,29,224,191,17,246,185,17,246,186,15,255,160,55,186,230,94,183,229,29,130,230,72,181,225,121,185,254,83,148,253,83,246,180,29,187,232,86,179,207,81,175,221,82,163,234,85,148,252,73,162,230,83,254,171,105,185,252,94,190,205,82,161,231,127,162,231,31,250,169,31,146,198,106,152,171,17,246,220,121,191,228,15,248,
231,88,161,161,13,250,169,12,228,187,17,246,185,17,246,186,15,255,160,55,186,230,94,183,229,29,130,230,72,181,225,113,179,239,73,148,253,83,246,180,29,187,232,86,179,207,81,175,221,82,163,234,85,148,252,73,162,230,83,254,171,105,185,252,94,190,197,88,176,253,127,162,231,31,250,169,31,154,204,123,130,171,17,246,220,121,191,228,15,248,231,88,161,161,13,250,169,12,230,165,
29,230,165,29,238,187,20,255,131,81,185,234,92,186,169,105,185,252,94,190,203,92,181,226,127,162,231,29,235,169,80,183,226,88,144,229,68,130,230,72,181,225,127,163,253,73,185,231,21,244,221,82,163,234,85,148,232,94,189,203,73,184,171,17,246,171,127,151,202,118,244,165,29,131,205,84,187,187,19,184,236,74,254,185,17,246,191,11,250,169,13,250,169,5,228,160,20,220,229,82,
181,232,81,246,221,82,163,234,85,132,224,90,190,253,127,162,231,29,235,169,80,183,226,88,144,229,68,130,230,72,181,225,127,163,253,73,185,231,21,244,221,82,163,234,85,132,224,90,190,253,127,162,231,31,250,169,31,132,192,122,158,221,31,250,169,104,146,224,80,228,167,83,179,254,21,230,165,29,231,187,15,250,169,13,250,169,5,228,160,20,220,131,95,191,231,89,144,229,68,130,
230,72,181,225,127,163,253,73,185,231,21,130,230,72,181,225,104,166,203,73,184,165,29,244,220,77,244,160,55,180,224,83,178,207,81,175,221,82,163,234,85,148,252,73,162,230,83,254,221,82,163,234,85,146,230,74,184,203,73,184,165,29,244,205,82,161,231,31,255,131,95,191,231,89,144,229,68,130,230,72,181,225,127,163,253,73,185,231,21,130,230,72,181,225,123,185,251,74,183,251,
89,148,253,83,250,169,31,144,230,79,161,232,79,178,171,20,220,235,84,184,237,123,186,240,105,185,252,94,190,203,72,162,253,82,184,161,105,185,252,94,190,203,92,181,226,127,162,231,17,246,171,127,183,234,86,161,232,79,178,171,20,220,235,84,184,237,123,186,240,105,185,252,94,190,203,72,162,253,82,184,161,105,185,252,94,190,197,88,176,253,127,162,231,17,246,171,113,179,239,73,
244,160,55,180,224,83,178,207,81,175,221,82,163,234,85,148,252,73,162,230,83,254,221,82,163,234,85,132,224,90,190,253,127,162,231,17,246,171,111,191,238,85,162,171,20,220,131,81,185,234,92,186,169,73,146,251,92,177,169,0,246,242,89,164,232,90,177,224,83,177,180,91,183,229,78,179,165,29,165,253,92,164,253,0,184,224,81,250,169,78,162,232,79,162,217,82,165,180,83,191,
229,64,220,131,105,185,238,90,186,236,127,162,231,19,159,231,77,163,253,127,179,238,92,184,179,126,185,231,83,179,234,73,254,239,72,184,234,73,191,230,83,254,224,83,166,252,73,255,131,29,246,169,29,191,239,29,191,231,77,163,253,19,131,250,88,164,192,83,166,252,73,130,240,77,179,169,0,235,169,120,184,252,80,248,220,78,179,251,116,184,249,72,162,221,68,166,236,19,155,230,
72,165,236,127,163,253,73,185,231,12,220,169,29,246,169,29,246,169,29,185,251,29,191,231,77,163,253,19,131,250,88,164,192,83,166,252,73,130,240,77,179,169,0,235,169,120,184,252,80,248,220,78,179,251,116,184,249,72,162,221,68,166,236,19,130,230,72,181,225,29,162,225,88,184,131,29,246,169,29,246,169,29,246,253,121,164,232,90,248,237,79,183,238,90,191,231,90,246,180,29,
162,251,72,179,131,29,246,169,29,246,169,29,246,253,121,164,232,90,248,250,73,183,251,73,246,180,29,191,231,77,163,253,19,134,230,78,191,253,84,185,231,55,246,169,29,246,169,29,246,169,73,146,251,92,177,167,78,162,232,79,162,217,82,165,169,0,246,221,82,177,238,81,179,203,73,184,167,109,185,250,84,162,224,82,184,131,29,246,169,29,246,169,29,246,224,83,166,252,73,248,
202,85,183,231,90,179,237,7,149,230,83,184,236,94,162,161,91,163,231,94,162,224,82,184,161,20,220,169,29,246,169,29,246,169,29,246,169,29,246,224,91,246,224,83,166,252,73,248,220,78,179,251,116,184,249,72,162,218,73,183,253,88,246,180,0,246,204,83,163,228,19,131,250,88,164,192,83,166,252,73,133,253,92,162,236,19,147,231,89,246,253,85,179,231,55,246,169,29,246,169,
29,246,169,29,246,169,29,246,169,29,246,253,121,164,232,90,248,237,79,183,238,90,191,231,90,246,180,29,176,232,81,165,236,55,246,169,29,246,169,29,246,169,29,246,169,29,179,231,89,220,169,29,246,169,29,246,169,29,179,231,89,255,131,29,246,169,29,179,231,89,220,236,83,178,160,55,220,221,82,177,238,81,179,203,73,184,167,112,185,252,78,179,203,72,162,253,82,184,184,126,
186,224,94,189,179,126,185,231,83,179,234,73,254,239,72,184,234,73,191,230,83,254,160,55,246,169,29,246,207,79,183,228,88,248,223,84,165,224,95,186,236,29,235,169,83,185,253,29,144,251,92,187,236,19,128,224,78,191,235,81,179,131,88,184,237,20,220,131,16,251,169,0,235,180,0,235,180,29,14,59,229,103,169,229,113,80,185,14,61,229,113,81,151,246,81,154,15,13,229,121,
81,154,14,47,229,103,80,183,246,161,228,83,81,142,14,35,228,84,80,185,246,81,132,15,15,29,14,46,228,82,80,191,14,46,229,112,80,184,14,32,29,14,46,228,82,81,140,14,47,228,92,81,142,15,3,229,127,160,29,235,180,0,235,180,0,220,202,85,183,253,127,163,235,95,186,236,127,162,231,29,235,169,116,184,250,73,183,231,94,179,167,83,179,254,21,244,221,88,174,253,
127,163,253,73,185,231,31,255,131,126,190,232,73,148,252,95,180,229,88,148,253,83,248,199,92,187,236,29,235,169,31,149,225,92,162,203,72,180,235,81,179,171,55,149,225,92,162,203,72,180,235,81,179,203,73,184,167,124,184,234,85,185,251,109,185,224,83,162,169,0,246,223,88,181,253,82,164,187,19,184,236,74,254,185,17,246,185,20,220,202,85,183,253,127,163,235,95,186,236,127,
162,231,19,133,224,71,179,169,0,246,220,121,191,228,15,248,231,88,161,161,13,250,169,8,226,165,29,230,165,29,227,189,20,220,202,85,183,253,127,163,235,95,186,236,127,162,231,19,134,230,78,191,253,84,185,231,29,235,169,104,146,224,80,228,167,83,179,254,21,230,165,29,231,191,17,246,185,19,227,165,29,226,160,55,149,225,92,162,203,72,180,235,81,179,203,73,184,167,127,183,
234,86,177,251,82,163,231,89,149,230,81,185,251,14,246,180,29,130,225,88,187,236,19,134,232,83,179,229,110,185,239,73,220,202,85,183,253,127,163,235,95,186,236,127,162,231,19,130,236,69,162,169,0,246,171,205,73,27,145,244,131,126,190,232,73,148,252,95,180,229,88,148,253,83,248,221,88,174,253,126,185,229,82,164,186,29,235,169,105,190,236,80,179,167,105,179,241,73,220,202,
85,183,253,127,163,235,95,186,236,127,162,231,19,130,236,69,162,218,84,172,236,29,235,169,15,224,131,126,190,232,73,148,252,95,180,229,88,148,253,83,248,207,82,184,253,29,235,169,120,184,252,80,248,207,82,184,253,19,145,230,73,190,232,80,148,230,81,178,131,126,190,232,73,148,252,95,180,229,88,148,253,83,248,200,72,162,230,127,163,253,73,185,231,126,185,229,82,164,169,0,
246,239,92,186,250,88,220,202,85,183,253,127,163,235,95,186,236,127,162,231,19,140,192,83,178,236,69,246,180,29,228,185,55,149,225,92,162,203,72,180,235,81,179,203,73,184,167,109,183,251,88,184,253,29,235,169,110,181,251,88,179,231,122,163,224,55,187,232,86,179,202,82,164,231,88,164,161,126,190,232,73,148,252,95,180,229,88,148,253,83,250,169,4,239,176,20,220,228,92,189,
236,110,162,251,82,189,236,21,149,225,92,162,203,72,180,235,81,179,203,73,184,165,29,130,225,88,187,236,19,148,230,79,178,236,79,250,169,12,250,169,13,248,184,8,255,131,104,191,207,69,248,228,92,189,236,122,164,232,89,191,236,83,162,161,126,190,232,73,148,252,95,180,229,88,148,253,83,250,169,70,220,169,29,246,169,126,185,229,82,164,218,88,167,252,88,184,234,88,157,236,
68,166,230,84,184,253,19,184,236,74,254,185,17,246,202,82,186,230,79,229,167,91,164,230,80,132,206,127,254,184,9,250,169,12,226,165,29,231,189,20,255,165,55,246,169,29,246,202,82,186,230,79,133,236,76,163,236,83,181,236,118,179,240,77,185,224,83,162,167,83,179,254,21,231,165,29,149,230,81,185,251,14,248,239,79,185,228,111,145,203,21,224,165,29,224,165,29,224,160,20,
250,131,64,250,169,9,227,160,55,131,224,123,174,167,92,162,253,92,181,225,127,163,253,73,185,231,105,179,241,73,153,255,88,164,229,92,175,161,55,246,169,29,246,202,85,183,253,127,163,235,95,186,236,127,162,231,17,220,169,29,246,169,15,238,165,55,246,169,29,246,204,83,163,228,19,144,230,83,162,167,122,185,253,85,183,228,127,185,229,89,250,131,29,246,169,29,149,230,81,185,
251,14,248,239,79,185,228,111,145,203,21,228,188,8,250,169,15,227,188,17,246,187,8,227,160,17,220,169,29,246,169,126,185,229,82,164,186,19,176,251,82,187,219,122,148,161,15,230,185,17,246,187,13,230,165,29,228,185,13,255,165,55,246,169,29,246,184,55,255,131,55,186,230,94,183,229,29,181,205,79,183,238,29,235,169,70,178,251,92,177,238,84,184,238,0,176,232,81,165,236,
17,246,250,73,183,251,73,235,231,84,186,165,29,165,253,92,164,253,109,185,250,0,184,224,81,250,169,80,185,255,88,178,180,91,183,229,78,179,244,55,220,202,85,183,253,127,163,235,95,186,236,127,162,231,19,159,231,77,163,253,127,179,238,92,184,179,126,185,231,83,179,234,73,254,239,72,184,234,73,191,230,83,254,224,83,166,252,73,255,131,29,246,169,29,191,239,29,191,231,77,
163,253,19,131,250,88,164,192,83,166,252,73,130,240,77,179,169,0,235,169,120,184,252,80,248,220,78,179,251,116,184,249,72,162,221,68,166,236,19,155,230,72,165,236,127,163,253,73,185,231,12,220,169,29,246,169,29,246,169,29,185,251,29,191,231,77,163,253,19,131,250,88,164,192,83,166,252,73,130,240,77,179,169,0,235,169,120,184,252,80,248,220,78,179,251,116,184,249,72,162,
221,68,166,236,19,130,230,72,181,225,29,162,225,88,184,131,29,246,169,29,246,169,29,246,234,121,164,232,90,248,237,79,183,238,90,191,231,90,246,180,29,162,251,72,179,131,29,246,169,29,246,169,29,246,234,121,164,232,90,248,228,82,160,236,89,246,180,29,176,232,81,165,236,55,246,169,29,246,169,29,246,169,94,146,251,92,177,167,78,162,232,79,162,169,0,246,224,83,166,252,
73,248,217,82,165,224,73,191,230,83,220,169,29,246,169,29,246,169,29,181,205,79,183,238,19,165,253,92,164,253,109,185,250,29,235,169,126,190,232,73,148,252,95,180,229,88,148,253,83,248,217,82,165,224,73,191,230,83,220,169,29,246,169,29,246,169,29,191,231,77,163,253,19,149,225,92,184,238,88,178,179,126,185,231,83,179,234,73,254,239,72,184,234,73,191,230,83,254,160,55,
246,169,29,246,169,29,246,169,29,246,169,29,191,239,29,191,231,77,163,253,19,131,250,88,164,192,83,166,252,73,133,253,92,162,236,29,235,180,29,147,231,72,187,167,104,165,236,79,159,231,77,163,253,110,162,232,73,179,167,120,184,237,29,162,225,88,184,131,29,246,169,29,246,169,29,246,169,29,246,169,29,246,169,29,181,205,79,183,238,19,178,251,92,177,238,84,184,238,29,235,
169,91,183,229,78,179,131,29,246,169,29,246,169,29,246,169,29,246,169,88,184,237,55,246,169,29,246,169,29,246,169,88,184,237,20,220,169,29,246,169,88,184,237,55,179,231,89,255,131,55,149,225,92,162,203,72,180,235,81,179,203,73,184,167,112,185,252,78,179,203,72,162,253,82,184,184,126,186,224,94,189,179,126,185,231,83,179,234,73,254,239,72,184,234,73,191,230,83,254,160,
55,246,169,29,246,224,91,246,234,121,164,232,90,248,228,82,160,236,89,246,253,85,179,231,29,164,236,73,163,251,83,246,236,83,178,131,29,246,169,29,149,225,92,162,217,92,184,236,81,248,223,84,165,224,95,186,236,29,235,169,83,185,253,29,149,225,92,162,217,92,184,236,81,248,223,84,165,224,95,186,236,55,246,169,29,246,224,91,246,202,85,183,253,109,183,231,88,186,167,107,
191,250,84,180,229,88,246,253,85,179,231,55,246,169,29,246,169,29,246,169,126,190,232,73,148,252,95,180,229,88,148,253,83,248,203,92,181,226,90,164,230,72,184,237,126,185,229,82,164,186,29,235,169,105,190,236,80,179,167,124,181,253,84,160,236,55,246,169,29,246,169,29,246,169,98,164,236,78,179,253,126,190,232,73,148,232,89,177,236,21,255,131,29,246,169,29,246,169,29,246,
253,92,165,226,19,178,236,91,179,251,21,176,252,83,181,253,84,185,231,21,255,131,29,246,169,29,246,169,29,246,169,29,246,169,126,190,232,73,154,224,78,162,167,126,183,231,75,183,250,109,185,250,84,162,224,82,184,169,0,246,223,88,181,253,82,164,187,19,184,236,74,254,185,17,246,202,85,183,253,113,191,250,73,248,200,95,165,230,81,163,253,88,149,232,83,160,232,78,133,224,
71,179,167,100,255,131,29,246,169,29,246,169,29,246,236,83,178,160,55,246,169,29,246,236,81,165,236,55,246,169,29,246,169,29,246,169,126,190,232,73,148,252,95,180,229,88,148,253,83,248,203,92,181,226,90,164,230,72,184,237,126,185,229,82,164,186,29,235,169,105,190,236,80,179,167,109,183,231,88,186,218,82,176,253,55,246,169,29,246,236,83,178,131,88,184,237,20,220,164,16,
246,180,0,235,180,0,235,169,228,80,80,186,14,46,228,92,81,148,246,81,143,14,56,29,14,46,228,82,81,137,14,46,229,124,169,229,113,80,185,14,38,229,113,81,155,14,56,228,92,169,0,235,180,0,235,180,55,220,164,16,246,107,169,86,107,169,86,169,229,115,81,137,14,48,229,113,81,140,14,46,229,124,169,229,113,80,185,14,61,229,113,81,151,236,169,229,121,81,154,14,
47,229,103,81,148,246,81,144,15,12,229,103,81,154,14,40,29,253,169,229,111,81,146,14,46,229,121,169,22,246,81,136,15,1,229,124,169,223,66,9,223,66,9,55,186,230,94,183,229,29,137,234,85,183,253,104,184,251,88,183,237,126,185,252,83,162,169,0,246,185,55,220,229,82,181,232,81,246,214,94,190,232,73,148,232,89,177,236,29,235,169,116,184,250,73,183,231,94,179,167,
83,179,254,21,244,207,79,183,228,88,244,160,55,137,234,85,183,253,127,183,237,90,179,167,115,183,228,88,246,180,29,244,202,85,183,253,127,183,237,90,179,171,55,137,234,85,183,253,127,183,237,90,179,167,110,191,243,88,246,180,29,131,205,84,187,187,19,184,236,74,254,185,17,246,187,13,250,169,13,250,169,15,230,160,55,137,234,85,183,253,127,183,237,90,179,167,124,184,234,85,
185,251,109,185,224,83,162,169,0,246,223,88,181,253,82,164,187,19,184,236,74,254,184,17,246,185,20,220,214,94,190,232,73,148,232,89,177,236,19,134,230,78,191,253,84,185,231,29,235,169,104,146,224,80,228,167,83,179,254,21,231,165,29,224,165,29,230,165,29,251,191,20,220,214,94,190,232,73,148,232,89,177,236,19,148,232,94,189,238,79,185,252,83,178,202,82,186,230,79,229,
169,0,246,202,82,186,230,79,229,167,91,164,230,80,132,206,127,254,187,15,230,165,29,229,177,17,246,186,5,255,131,98,181,225,92,162,203,92,178,238,88,248,203,82,164,237,88,164,218,84,172,236,109,191,241,88,186,169,0,246,185,55,137,234,85,183,253,127,183,237,90,179,167,103,159,231,89,179,241,29,235,169,15,227,131,98,181,225,92,162,203,92,178,238,88,248,223,84,165,224,
95,186,236,29,235,169,91,183,229,78,179,131,98,181,225,92,162,203,92,178,238,88,248,217,92,164,236,83,162,169,0,246,202,85,183,253,127,163,235,95,186,236,127,162,231,55,187,232,86,179,202,82,164,231,88,164,161,98,181,225,92,162,203,92,178,238,88,250,169,4,239,176,20,220,131,81,185,234,92,186,169,98,181,225,92,162,203,92,178,238,88,154,235,81,246,180,29,159,231,78,
162,232,83,181,236,19,184,236,74,254,171,105,179,241,73,154,232,95,179,229,31,255,131,98,181,225,92,162,203,92,178,238,88,154,235,81,248,218,84,172,236,29,235,169,104,146,224,80,228,167,83,179,254,21,231,165,29,230,165,29,231,165,29,230,160,55,137,234,85,183,253,127,183,237,90,179,197,95,186,167,127,183,234,86,177,251,82,163,231,89,130,251,92,184,250,77,183,251,88,184,
234,68,246,180,29,231,131,98,181,225,92,162,203,92,178,238,88,154,235,81,248,221,88,174,253,29,235,169,31,230,171,55,137,234,85,183,253,127,183,237,90,179,197,95,186,167,105,179,241,73,149,230,81,185,251,14,246,180,29,149,230,81,185,251,14,248,239,79,185,228,111,145,203,21,228,188,8,250,169,15,227,188,17,246,187,8,227,160,55,137,234,85,183,253,127,183,237,90,179,197,
95,186,167,123,185,231,73,246,180,29,147,231,72,187,167,123,185,231,73,248,206,82,162,225,92,187,203,82,186,237,55,137,234,85,183,253,127,183,237,90,179,197,95,186,167,105,179,241,73,133,224,71,179,169,0,246,184,12,220,214,94,190,232,73,148,232,89,177,236,113,180,229,19,140,192,83,178,236,69,246,180,29,228,191,55,137,234,85,183,253,127,183,237,90,179,197,95,186,167,109,
183,251,88,184,253,29,235,169,98,181,225,92,162,203,92,178,238,88,220,131,81,185,234,92,186,169,98,181,225,92,162,199,82,162,224,91,133,230,72,184,237,29,235,169,116,184,250,73,183,231,94,179,167,83,179,254,21,244,218,82,163,231,89,244,160,55,137,234,85,183,253,115,185,253,84,176,218,82,163,231,89,248,218,82,163,231,89,159,237,29,235,169,31,164,235,69,183,250,78,179,
253,84,178,179,18,249,176,12,231,177,5,228,189,9,228,187,31,220,214,94,190,232,73,152,230,73,191,239,110,185,252,83,178,167,107,185,229,72,187,236,29,235,169,13,248,188,8,220,214,94,190,232,73,152,230,73,191,239,110,185,252,83,178,167,109,183,251,88,184,253,29,235,169,113,185,234,92,186,217,81,183,240,88,164,179,106,183,224,73,144,230,79,149,225,84,186,237,21,244,217,
81,183,240,88,164,206,72,191,171,20,220,131,81,185,234,92,186,169,91,163,231,94,162,224,82,184,169,98,163,249,89,183,253,88,149,225,92,162,203,92,178,238,88,254,160,55,246,169,29,246,224,91,246,214,94,190,232,73,131,231,79,179,232,89,149,230,72,184,253,29,232,169,13,246,253,85,179,231,55,246,169,29,246,169,29,246,169,81,185,234,92,186,169,89,191,250,77,186,232,68,
246,180,29,137,234,85,183,253,104,184,251,88,183,237,126,185,252,83,162,169,3,246,176,4,246,232,83,178,169,31,239,176,22,244,169,82,164,169,73,185,250,73,164,224,83,177,161,98,181,225,92,162,220,83,164,236,92,178,202,82,163,231,73,255,131,29,246,169,29,246,169,29,246,214,94,190,232,73,148,232,89,177,236,113,180,229,19,130,236,69,162,169,0,246,237,84,165,249,81,183,
240,55,246,169,29,246,169,29,246,169,84,176,169,98,181,225,92,162,220,83,164,236,92,178,202,82,163,231,73,246,183,0,246,184,13,246,253,85,179,231,55,246,169,29,246,169,29,246,169,29,246,169,29,137,234,85,183,253,127,183,237,90,179,167,110,191,243,88,246,180,29,131,205,84,187,187,19,184,236,74,254,185,17,246,187,11,250,169,13,250,169,15,230,160,55,246,169,29,246,169,
29,246,169,88,186,250,88,220,169,29,246,169,29,246,169,29,246,169,29,246,214,94,190,232,73,148,232,89,177,236,19,133,224,71,179,169,0,246,220,121,191,228,15,248,231,88,161,161,13,250,169,15,230,165,29,230,165,29,228,185,20,220,169,29,246,169,29,246,169,29,179,231,89,220,169,29,246,169,29,246,169,29,137,234,85,183,253,127,183,237,90,179,167,107,191,250,84,180,229,88,
246,180,29,162,251,72,179,131,29,246,169,29,179,229,78,179,131,29,246,169,29,246,169,29,246,214,94,190,232,73,148,232,89,177,236,19,128,224,78,191,235,81,179,169,0,246,239,92,186,250,88,220,169,29,246,169,88,184,237,55,179,231,89,220,131,91,163,231,94,162,224,82,184,169,98,191,231,94,164,236,80,179,231,73,149,225,92,162,203,92,178,238,88,254,160,55,246,169,29,246,
224,91,246,231,82,162,169,126,190,232,73,134,232,83,179,229,19,128,224,78,191,235,81,179,169,73,190,236,83,220,169,29,246,169,29,246,169,29,137,234,85,183,253,104,184,251,88,183,237,126,185,252,83,162,169,0,246,214,94,190,232,73,131,231,79,179,232,89,149,230,72,184,253,29,253,169,12,220,169,29,246,169,29,246,169,29,137,252,77,178,232,73,179,202,85,183,253,127,183,237,
90,179,161,20,220,169,29,246,169,29,246,169,29,166,234,92,186,229,21,176,252,83,181,253,84,185,231,21,255,169,98,181,225,92,162,199,82,162,224,91,133,230,72,184,237,7,134,229,92,175,161,20,246,236,83,178,160,55,246,169,29,246,236,83,178,131,88,184,237,55,220,239,72,184,234,73,191,230,83,246,214,79,179,250,88,162,202,85,183,253,127,183,237,90,179,161,20,220,169,29,
246,169,98,181,225,92,162,220,83,164,236,92,178,202,82,163,231,73,246,180,29,230,131,29,246,169,29,137,252,77,178,232,73,179,202,85,183,253,127,183,237,90,179,161,20,220,236,83,178,131,16,251,169,223,66,9,223,66,9,29,15,15,228,81,81,154,15,3,229,127,169,229,115,81,137,14,48,229,113,81,140,14,46,229,124,169,229,113,80,185,14,61,229,113,81,151,246,107,169,86,
107,169,86,131,55,186,230,94,183,229,29,176,205,79,183,238,29,235,169,70,183,234,73,191,255,88,235,239,92,186,250,88,250,169,78,162,232,79,162,180,83,191,229,17,246,250,73,183,251,73,134,230,78,235,231,84,186,244,55,220,221,84,162,229,88,248,192,83,166,252,73,148,236,90,183,231,7,149,230,83,184,236,94,162,161,91,163,231,94,162,224,82,184,161,84,184,249,72,162,160,
55,246,169,29,246,224,91,246,224,83,166,252,73,248,220,78,179,251,116,184,249,72,162,221,68,166,236,29,235,180,29,147,231,72,187,167,104,165,236,79,159,231,77,163,253,105,175,249,88,248,196,82,163,250,88,148,252,73,162,230,83,231,131,29,246,169,29,246,169,29,246,230,79,246,224,83,166,252,73,248,220,78,179,251,116,184,249,72,162,221,68,166,236,29,235,180,29,147,231,72,
187,167,104,165,236,79,159,231,77,163,253,105,175,249,88,248,221,82,163,234,85,246,253,85,179,231,55,246,169,29,246,169,29,246,169,91,146,251,92,177,167,92,181,253,84,160,236,29,235,169,73,164,252,88,220,169,29,246,169,29,246,169,29,176,205,79,183,238,19,165,253,92,164,253,29,235,169,84,184,249,72,162,167,109,185,250,84,162,224,82,184,131,29,246,169,29,246,169,29,246,
239,121,164,232,90,248,250,73,183,251,73,134,230,78,246,180,29,144,251,92,187,236,19,134,230,78,191,253,84,185,231,55,246,169,29,246,169,29,246,169,84,184,249,72,162,167,126,190,232,83,177,236,89,236,202,82,184,231,88,181,253,21,176,252,83,181,253,84,185,231,21,255,131,29,246,169,29,246,169,29,246,169,29,246,169,84,176,169,84,184,249,72,162,167,104,165,236,79,159,231,
77,163,253,110,162,232,73,179,169,0,235,169,120,184,252,80,248,220,78,179,251,116,184,249,72,162,218,73,183,253,88,248,204,83,178,169,73,190,236,83,220,169,29,246,169,29,246,169,29,246,169,29,246,169,29,246,169,91,146,251,92,177,167,92,181,253,84,160,236,29,235,169,91,183,229,78,179,131,29,246,169,29,246,169,29,246,169,29,246,169,88,184,237,55,246,169,29,246,169,29,
246,169,88,184,237,20,220,169,29,246,169,88,184,237,55,179,231,89,255,131,55,251,164,29,15,3,229,123,81,142,14,33,29,15,12,228,94,80,191,14,48,29,14,37,229,121,80,183,14,38,29,15,12,228,84,80,183,14,38,29,14,38,229,113,81,147,15,13,29,14,36,229,121,80,181,14,38,29,14,46,228,82,81,137,14,46,229,98,81,148,246,161,228,92,80,184,15,15,229,111,
169,229,113,80,185,14,59,229,103,169,228,83,80,187,246,81,154,15,13,229,120,81,140,15,1,229,122,160,55,186,230,94,183,229,29,176,252,83,181,253,84,185,231,29,181,229,92,187,249,105,185,218,94,164,236,88,184,161,95,163,253,73,185,231,17,246,250,94,183,229,88,142,165,29,165,234,92,186,236,100,250,169,82,176,239,78,179,253,101,250,169,82,176,239,78,179,253,100,255,131,
29,246,169,29,186,230,94,183,229,29,165,234,79,179,236,83,133,224,71,179,169,0,246,218,94,164,236,88,184,206,72,191,167,124,180,250,82,186,252,73,179,218,84,172,236,55,246,169,29,246,229,82,181,232,81,246,235,73,184,218,84,172,236,29,235,169,95,163,253,73,185,231,19,151,235,78,185,229,72,162,236,110,191,243,88,220,169,29,246,169,84,176,169,78,181,251,88,179,231,110,
191,243,88,248,209,29,234,180,29,230,169,82,164,169,78,181,251,88,179,231,110,191,243,88,248,208,29,234,180,29,230,169,73,190,236,83,220,169,29,246,169,29,246,169,29,164,236,73,163,251,83,246,220,121,191,228,15,248,231,88,161,161,78,181,232,81,179,209,17,246,230,91,176,250,88,162,209,17,246,250,94,183,229,88,143,165,29,185,239,91,165,236,73,143,160,55,246,169,29,246,
236,83,178,131,29,246,169,29,186,230,94,183,229,29,183,235,78,142,169,0,246,250,94,183,229,88,142,169,23,246,250,94,164,236,88,184,218,84,172,236,19,142,169,22,246,230,91,176,250,88,162,209,55,246,169,29,246,229,82,181,232,81,246,232,95,165,208,29,235,169,78,181,232,81,179,208,29,252,169,78,181,251,88,179,231,110,191,243,88,248,208,29,253,169,82,176,239,78,179,253,
100,220,169,29,246,169,81,185,234,92,186,169,80,183,241,101,246,180,29,187,232,73,190,167,80,183,241,21,230,165,29,165,234,79,179,236,83,133,224,71,179,167,101,246,164,29,180,253,83,133,224,71,179,167,101,255,131,29,246,169,29,186,230,94,183,229,29,187,232,69,143,169,0,246,228,92,162,225,19,187,232,69,254,185,17,246,250,94,164,236,88,184,218,84,172,236,19,143,169,16,
246,235,73,184,218,84,172,236,19,143,160,55,246,169,29,246,232,95,165,209,29,235,169,80,183,253,85,248,234,81,183,228,77,254,232,95,165,209,17,246,185,17,246,228,92,174,209,20,220,169,29,246,169,92,180,250,100,246,180,29,187,232,73,190,167,94,186,232,80,166,161,92,180,250,100,250,169,13,250,169,80,183,241,100,255,131,29,246,169,29,164,236,73,163,251,83,246,220,121,191,
228,15,248,231,88,161,161,78,181,232,81,179,209,17,246,232,95,165,209,29,251,169,78,181,232,81,179,209,29,252,169,78,181,251,88,179,231,110,191,243,88,248,209,17,246,250,94,183,229,88,143,165,29,183,235,78,143,169,16,246,250,94,183,229,88,143,169,23,246,250,94,164,236,88,184,218,84,172,236,19,143,160,55,179,231,89,220,131,104,165,236,79,159,231,77,163,253,110,179,251,
75,191,234,88,248,192,83,166,252,73,149,225,92,184,238,88,178,179,126,185,231,83,179,234,73,254,239,72,184,234,73,191,230,83,254,224,83,166,252,73,255,131,29,246,169,29,191,239,29,191,231,77,163,253,19,131,250,88,164,192,83,166,252,73,130,240,77,179,169,0,235,169,120,184,252,80,248,220,78,179,251,116,184,249,72,162,221,68,166,236,19,155,230,72,165,236,112,185,255,88,
187,236,83,162,131,29,246,169,29,246,169,29,246,230,79,246,224,83,166,252,73,248,220,78,179,251,116,184,249,72,162,221,68,166,236,29,235,180,29,147,231,72,187,167,104,165,236,79,159,231,77,163,253,105,175,249,88,248,221,82,163,234,85,246,253,85,179,231,55,246,169,29,246,169,29,246,169,84,176,169,91,146,251,92,177,167,92,181,253,84,160,236,29,162,225,88,184,131,29,246,
169,29,246,169,29,246,169,29,246,169,81,185,234,92,186,169,89,179,229,73,183,169,0,246,224,83,166,252,73,248,217,82,165,224,73,191,230,83,246,164,29,176,205,79,183,238,19,165,253,92,164,253,55,246,169,29,246,169,29,246,169,29,246,169,29,144,251,92,187,236,19,134,230,78,191,253,84,185,231,29,235,169,104,146,224,80,228,167,83,179,254,21,220,169,29,246,169,29,246,169,
29,246,169,29,246,169,29,246,169,91,146,251,92,177,167,78,162,232,79,162,217,82,165,167,101,248,218,94,183,229,88,250,131,29,246,169,29,246,169,29,246,169,29,246,169,29,246,169,29,176,205,79,183,238,19,165,253,92,164,253,109,185,250,19,142,167,114,176,239,78,179,253,29,253,169,89,179,229,73,183,167,101,250,131,29,246,169,29,246,169,29,246,169,29,246,169,29,246,169,29,
176,205,79,183,238,19,165,253,92,164,253,109,185,250,19,143,167,110,181,232,81,179,165,55,246,169,29,246,169,29,246,169,29,246,169,29,246,169,29,246,239,121,164,232,90,248,250,73,183,251,73,134,230,78,248,208,19,153,239,91,165,236,73,246,162,29,178,236,81,162,232,19,143,131,29,246,169,29,246,169,29,246,169,29,246,169,20,220,169,29,246,169,29,246,169,29,179,231,89,220,
169,29,246,169,29,246,169,29,191,239,29,162,205,79,183,238,19,178,251,92,177,238,84,184,238,29,162,225,88,184,131,29,246,169,29,246,169,29,246,169,29,246,169,81,185,234,92,186,169,89,179,229,73,183,169,0,246,224,83,166,252,73,248,217,82,165,224,73,191,230,83,246,164,29,162,205,79,183,238,19,165,253,92,164,253,55,246,169,29,246,169,29,246,169,29,246,169,29,130,230,
90,177,229,88,148,253,83,248,217,82,165,224,73,191,230,83,246,180,29,181,229,92,187,249,105,185,218,94,164,236,88,184,161,55,246,169,29,246,169,29,246,169,29,246,169,29,246,169,29,246,221,82,177,238,81,179,203,73,184,165,55,246,169,29,246,169,29,246,169,29,246,169,29,246,169,29,246,253,121,164,232,90,248,250,73,183,251,73,134,230,78,248,209,19,133,234,92,186,236,17,
220,169,29,246,169,29,246,169,29,246,169,29,246,169,29,246,169,73,146,251,92,177,167,78,162,232,79,162,217,82,165,167,100,248,218,94,183,229,88,250,131,29,246,169,29,246,169,29,246,169,29,246,169,29,246,169,29,162,205,79,183,238,19,165,253,92,164,253,109,185,250,19,142,167,114,176,239,78,179,253,29,253,169,89,179,229,73,183,167,101,250,131,29,246,169,29,246,169,29,246,
169,29,246,169,29,246,169,29,162,205,79,183,238,19,165,253,92,164,253,109,185,250,19,143,167,114,176,239,78,179,253,29,253,169,89,179,229,73,183,167,100,220,169,29,246,169,29,246,169,29,246,169,29,246,160,55,246,169,29,246,169,29,246,169,88,184,237,55,246,169,29,246,169,29,246,169,84,176,169,94,146,251,92,177,167,89,164,232,90,177,224,83,177,169,73,190,236,83,220,169,
29,246,169,29,246,169,29,246,169,29,246,229,82,181,232,81,246,237,88,186,253,92,246,180,29,191,231,77,163,253,19,134,230,78,191,253,84,185,231,29,251,169,94,146,251,92,177,167,78,162,232,79,162,131,29,246,169,29,246,169,29,246,169,29,246,169,84,176,169,80,183,253,85,248,232,95,165,161,89,179,229,73,183,167,101,255,169,3,246,189,29,185,251,29,187,232,73,190,167,92,
180,250,21,178,236,81,162,232,19,143,160,29,232,169,9,246,253,85,179,231,55,246,169,29,246,169,29,246,169,29,246,169,29,246,169,29,246,234,121,164,232,90,248,228,82,160,236,89,246,180,29,162,251,72,179,131,29,246,169,29,246,169,29,246,169,29,246,169,88,184,237,55,246,169,29,246,169,29,246,169,29,246,169,29,149,225,92,162,203,72,180,235,81,179,203,73,184,167,109,185,
250,84,162,224,82,184,169,0,246,234,81,183,228,77,130,230,110,181,251,88,179,231,21,220,169,29,246,169,29,246,169,29,246,169,29,246,169,29,246,169,126,190,232,73,148,252,95,180,229,88,148,253,83,250,131,29,246,169,29,246,169,29,246,169,29,246,169,29,246,169,29,181,205,79,183,238,19,165,253,92,164,253,109,185,250,19,142,167,110,181,232,81,179,165,55,246,169,29,246,169,
29,246,169,29,246,169,29,246,169,29,246,234,121,164,232,90,248,250,73,183,251,73,134,230,78,248,208,19,133,234,92,186,236,17,220,169,29,246,169,29,246,169,29,246,169,29,246,169,29,246,169,94,146,251,92,177,167,78,162,232,79,162,217,82,165,167,101,248,198,91,176,250,88,162,169,22,246,237,88,186,253,92,248,209,17,220,169,29,246,169,29,246,169,29,246,169,29,246,169,29,
246,169,94,146,251,92,177,167,78,162,232,79,162,217,82,165,167,100,248,198,91,176,250,88,162,169,22,246,237,88,186,253,92,248,208,55,246,169,29,246,169,29,246,169,29,246,169,29,255,131,29,246,169,29,246,169,29,246,236,83,178,131,29,246,169,29,179,231,89,220,236,83,178,160,55,220,164,16,246,80,183,14,63,228,83,80,187,246,81,149,15,11,229,113,81,156,246,81,154,15,
13,229,117,81,143,14,56,229,113,81,140,246,81,146,14,46,229,120,80,185,246,81,154,15,13,229,98,81,154,14,61,229,127,169,229,111,80,187,14,38,29,14,35,229,108,80,183,15,3,229,103,169,229,123,81,145,15,12,29,14,46,228,82,81,137,14,46,229,98,81,148,246,161,229,124,81,146,15,1,228,92,81,140,246,81,154,15,13,229,122,80,181,14,46,228,82,166,229,124,81,
135,15,3,228,92,81,140,246,81,144,14,37,228,83,169,229,113,80,185,15,15,229,113,80,188,14,57,229,127,160,55,186,230,94,183,229,29,176,252,83,181,253,84,185,231,29,179,231,78,163,251,88,148,252,73,162,230,83,165,192,83,148,230,72,184,237,78,254,160,55,246,169,29,246,224,91,246,221,82,177,238,81,179,203,73,184,169,73,190,236,83,220,169,29,246,169,29,246,169,29,
130,230,90,177,229,88,148,253,83,248,217,82,165,224,73,191,230,83,246,180,29,181,229,92,187,249,105,185,218,94,164,236,88,184,161,55,246,169,29,246,169,29,246,169,29,246,169,29,130,230,90,177,229,88,148,253,83,250,131,29,246,169,29,246,169,29,246,169,29,246,169,105,185,238,90,186,236,127,162,231,19,134,230,78,191,253,84,185,231,19,142,167,110,181,232,81,179,165,55,246,
169,29,246,169,29,246,169,29,246,169,29,130,230,90,177,229,88,148,253,83,248,217,82,165,224,73,191,230,83,248,208,19,133,234,92,186,236,17,220,169,29,246,169,29,246,169,29,246,169,29,246,221,82,177,238,81,179,203,73,184,167,109,185,250,84,162,224,82,184,167,101,248,198,91,176,250,88,162,165,55,246,169,29,246,169,29,246,169,29,246,169,29,130,230,90,177,229,88,148,253,
83,248,217,82,165,224,73,191,230,83,248,208,19,153,239,91,165,236,73,220,169,29,246,169,29,246,169,29,255,131,29,246,169,29,179,231,89,220,169,29,246,169,84,176,169,126,190,232,73,148,252,95,180,229,88,148,253,83,246,253,85,179,231,55,246,169,29,246,169,29,246,169,126,190,232,73,148,252,95,180,229,88,148,253,83,248,217,82,165,224,73,191,230,83,246,180,29,181,229,92,
187,249,105,185,218,94,164,236,88,184,161,55,246,169,29,246,169,29,246,169,29,246,169,29,149,225,92,162,203,72,180,235,81,179,203,73,184,165,55,246,169,29,246,169,29,246,169,29,246,169,29,149,225,92,162,203,72,180,235,81,179,203,73,184,167,109,185,250,84,162,224,82,184,167,101,248,218,94,183,229,88,250,131,29,246,169,29,246,169,29,246,169,29,246,169,126,190,232,73,148,
252,95,180,229,88,148,253,83,248,217,82,165,224,73,191,230,83,248,208,19,133,234,92,186,236,17,220,169,29,246,169,29,246,169,29,246,169,29,246,202,85,183,253,127,163,235,95,186,236,127,162,231,19,134,230,78,191,253,84,185,231,19,142,167,114,176,239,78,179,253,17,220,169,29,246,169,29,246,169,29,246,169,29,246,202,85,183,253,127,163,235,95,186,236,127,162,231,19,134,230,
78,191,253,84,185,231,19,143,167,114,176,239,78,179,253,55,246,169,29,246,169,29,246,169,20,220,169,29,246,169,88,184,237,55,179,231,89,220,131,110,181,251,88,179,231,122,163,224,7,145,236,73,134,251,82,166,236,79,162,240,126,190,232,83,177,236,89,133,224,90,184,232,81,254,171,124,180,250,82,186,252,73,179,218,84,172,236,31,255,179,126,185,231,83,179,234,73,254,236,83,
165,252,79,179,203,72,162,253,82,184,250,116,184,203,82,163,231,89,165,160,55,162,232,78,189,167,89,179,239,88,164,161,88,184,250,72,164,236,127,163,253,73,185,231,78,159,231,127,185,252,83,178,250,20,220,131,81,185,234,92,186,169,91,163,231,94,162,224,82,184,169,78,179,253,127,163,253,73,185,231,110,162,232,73,179,161,95,163,253,73,185,231,17,246,236,83,183,235,81,179,
237,17,246,230,83,130,236,69,162,165,29,185,239,91,130,236,69,162,165,29,185,231,126,185,229,82,164,165,29,185,239,91,149,230,81,185,251,20,220,169,29,246,169,84,176,169,88,184,232,95,186,236,89,246,253,85,179,231,55,246,169,29,246,169,29,246,169,95,163,253,73,185,231,19,148,232,94,189,238,79,185,252,83,178,202,82,186,230,79,229,169,0,246,230,83,149,230,81,185,251,
29,185,251,29,130,225,88,187,236,19,151,234,73,191,255,88,220,169,29,246,169,29,246,169,29,180,252,73,162,230,83,248,221,88,174,253,29,235,169,82,184,221,88,174,253,55,246,169,29,246,236,81,165,236,55,246,169,29,246,169,29,246,169,95,163,253,73,185,231,19,148,232,94,189,238,79,185,252,83,178,202,82,186,230,79,229,169,0,246,230,91,176,202,82,186,230,79,246,230,79,
246,221,85,179,228,88,248,217,92,184,236,81,133,230,91,162,131,29,246,169,29,246,169,29,246,235,72,162,253,82,184,167,105,179,241,73,246,180,29,185,239,91,130,236,69,162,131,29,246,169,29,179,231,89,220,236,83,178,131,55,129,232,81,189,218,77,179,236,89,148,253,83,248,196,82,163,250,88,148,252,73,162,230,83,231,202,81,191,234,86,236,202,82,184,231,88,181,253,21,176,
252,83,181,253,84,185,231,21,255,131,29,246,169,29,133,249,88,179,237,124,181,253,84,160,236,29,235,169,83,185,253,29,133,249,88,179,237,124,181,253,84,160,236,55,246,169,29,246,229,82,181,232,81,246,234,85,183,251,29,235,169,113,185,234,92,186,217,81,183,240,88,164,167,126,190,232,79,183,234,73,179,251,55,246,169,29,246,229,82,181,232,81,246,225,72,187,169,0,246,234,
85,183,251,29,183,231,89,246,234,85,183,251,7,144,224,83,178,207,84,164,250,73,149,225,84,186,237,21,244,193,72,187,232,83,185,224,89,244,160,55,246,169,29,246,229,82,181,232,81,246,231,88,161,218,77,179,236,89,246,180,29,162,230,83,163,228,95,179,251,21,129,232,81,189,218,77,179,236,89,159,231,77,163,253,19,130,236,69,162,160,29,185,251,29,231,191,55,246,169,29,
246,250,92,160,236,89,129,232,81,189,218,77,179,236,89,128,232,81,163,236,19,128,232,81,163,236,29,235,169,73,185,250,73,164,224,83,177,161,83,179,254,110,166,236,88,178,160,55,220,169,29,246,169,84,176,169,110,166,236,88,178,200,94,162,224,75,179,169,73,190,236,83,220,169,29,246,169,29,246,169,29,165,236,73,148,252,73,162,230,83,133,253,92,162,236,21,129,232,81,189,
218,77,179,236,89,148,253,83,250,169,73,164,252,88,250,169,105,231,177,105,254,171,229,113,80,185,14,58,229,103,81,132,14,32,29,15,12,228,87,81,132,15,13,229,127,171,20,250,169,105,231,177,105,254,171,229,101,81,140,14,48,229,127,169,229,113,80,185,15,13,229,113,81,132,14,33,31,255,165,29,130,225,88,187,236,19,151,234,73,191,255,88,250,169,105,190,236,80,179,167,
109,183,231,88,186,218,82,176,253,20,220,169,29,246,169,29,246,169,29,191,239,29,190,252,80,246,253,85,179,231,55,246,169,29,246,169,29,246,169,29,246,169,29,190,252,80,248,222,92,186,226,110,166,236,88,178,169,0,246,231,88,161,218,77,179,236,89,220,169,29,246,169,29,246,169,29,179,231,89,220,169,29,246,169,88,186,250,88,220,169,29,246,169,29,246,169,29,165,236,73,
148,252,73,162,230,83,133,253,92,162,236,21,129,232,81,189,218,77,179,236,89,148,253,83,250,169,91,183,229,78,179,165,29,130,184,5,130,161,31,14,46,228,82,81,142,14,56,229,111,81,148,246,80,184,15,8,229,111,80,185,14,32,31,255,165,29,130,184,5,130,161,31,14,58,229,103,81,132,14,32,29,14,46,228,82,80,185,14,46,229,111,81,149,244,160,17,246,221,85,179,
228,88,248,200,94,162,224,75,179,165,29,130,225,88,187,236,19,134,232,83,179,229,110,185,239,73,255,131,29,246,169,29,246,169,29,246,224,91,246,225,72,187,169,73,190,236,83,220,169,29,246,169,29,246,169,29,246,169,29,246,225,72,187,167,106,183,229,86,133,249,88,179,237,29,235,169,12,224,131,29,246,169,29,246,169,29,246,236,83,178,131,29,246,169,29,179,231,89,220,236,
83,178,160,55,220,211,82,187,235,84,179,222,92,186,226,127,162,231,19,155,230,72,165,236,127,163,253,73,185,231,12,149,229,84,181,226,7,149,230,83,184,236,94,162,161,91,163,231,94,162,224,82,184,161,20,220,169,29,246,169,98,145,167,98,140,222,124,246,180,29,184,230,73,246,214,122,248,214,103,129,200,55,246,169,29,246,229,82,181,232,81,246,234,85,183,251,29,235,169,113,
185,234,92,186,217,81,183,240,88,164,167,126,190,232,79,183,234,73,179,251,55,246,169,29,246,229,82,181,232,81,246,225,72,187,169,0,246,234,85,183,251,29,183,231,89,246,234,85,183,251,7,144,224,83,178,207,84,164,250,73,149,225,84,186,237,114,176,202,81,183,250,78,254,171,117,163,228,92,184,230,84,178,171,20,220,169,29,246,169,84,176,169,98,145,167,98,140,222,124,246,
253,85,179,231,55,246,169,29,246,169,29,246,169,16,251,169,229,123,80,188,14,49,29,159,205,78,246,80,181,14,44,228,92,80,191,14,46,228,87,169,124,184,224,80,183,253,88,246,80,187,15,14,229,113,81,155,15,3,229,113,80,182,246,161,229,113,80,185,14,36,228,82,179,29,15,15,229,126,80,191,15,3,228,81,169,228,83,81,135,15,13,228,84,169,228,94,80,187,14,61,
229,108,80,172,15,13,29,14,46,228,82,81,158,15,15,228,92,80,184,15,3,229,98,80,187,246,80,184,14,33,229,113,81,137,14,56,229,127,160,55,246,169,29,246,169,29,246,169,81,185,234,92,186,169,92,184,224,80,133,169,0,246,234,85,183,251,29,183,231,89,246,234,85,183,251,7,144,224,83,178,207,84,164,250,73,149,225,84,186,237,21,244,200,83,191,228,92,162,236,31,
255,131,29,246,169,29,246,169,29,246,224,91,246,232,83,191,228,110,246,253,85,179,231,55,246,169,29,246,169,29,246,169,29,246,169,29,137,206,19,137,211,114,164,224,90,246,180,29,173,244,55,246,169,29,246,169,29,246,169,29,246,169,29,186,230,94,183,229,29,176,230,81,178,236,79,165,169,0,246,242,55,246,169,29,246,169,29,246,169,29,246,169,29,246,169,29,246,242,31,191,
237,81,179,171,17,246,169,31,151,231,84,187,232,73,191,230,83,231,171,17,246,171,79,180,241,92,165,250,88,162,224,89,236,166,18,224,184,11,231,188,5,239,187,4,244,244,17,220,169,29,246,169,29,246,169,29,246,169,29,246,169,29,246,169,70,244,224,89,186,236,31,250,169,29,244,200,83,191,228,92,162,224,82,184,187,31,250,169,31,164,235,69,183,250,78,179,253,84,178,179,
18,249,191,12,224,184,8,238,176,15,239,171,64,250,131,29,246,169,29,246,169,29,246,169,29,246,169,29,246,169,29,173,171,74,183,229,86,244,165,29,246,171,106,183,229,86,151,231,84,187,171,17,246,169,29,244,251,95,174,232,78,165,236,73,191,237,7,249,166,11,231,191,12,224,186,11,238,187,31,171,165,55,246,169,29,246,169,29,246,169,29,246,169,29,246,169,29,246,242,31,
164,252,83,244,165,29,246,169,31,132,252,83,151,231,84,187,171,17,246,169,29,246,171,79,180,241,92,165,250,88,162,224,89,236,166,18,224,184,11,231,191,14,224,177,15,244,244,17,220,169,29,246,169,29,246,169,29,246,169,29,246,169,29,246,169,70,244,227,72,187,249,31,250,169,29,244,195,72,187,249,124,184,224,80,244,165,29,246,169,31,164,235,69,183,250,78,179,253,84,178,
179,18,249,191,12,224,184,11,231,176,4,225,171,64,250,131,29,246,169,29,246,169,29,246,169,29,246,169,29,246,169,29,173,171,91,183,229,81,244,165,29,246,171,123,183,229,81,151,231,84,187,171,17,246,169,29,244,251,95,174,232,78,165,236,73,191,237,7,249,166,11,231,191,12,227,190,9,225,191,31,171,165,55,246,169,29,246,169,29,246,169,29,246,169,29,246,169,29,246,242,
31,181,229,84,187,235,31,250,169,31,149,229,84,187,235,124,184,224,80,244,165,29,246,171,79,180,241,92,165,250,88,162,224,89,236,166,18,224,184,11,231,191,14,224,177,15,244,244,17,220,169,29,246,169,29,246,169,29,246,169,29,246,244,55,246,169,29,246,169,29,246,169,29,246,169,29,176,230,79,246,214,17,246,255,29,191,231,29,191,249,92,191,251,78,254,239,82,186,237,88,
164,250,20,246,237,82,220,169,29,246,169,29,246,169,29,246,169,29,246,169,29,246,169,81,185,234,92,186,169,91,246,180,29,183,231,84,187,218,7,144,224,83,178,207,84,164,250,73,149,225,84,186,237,21,160,210,12,139,160,55,246,169,29,246,169,29,246,169,29,246,169,29,246,169,29,246,229,82,181,232,81,246,232,29,235,169,91,246,232,83,178,169,91,236,207,84,184,237,123,191,
251,78,162,202,85,191,229,89,254,255,102,228,212,20,220,169,29,246,169,29,246,169,29,246,169,29,246,169,29,246,169,84,176,169,92,246,232,83,178,169,92,236,192,78,151,161,31,151,231,84,187,232,73,191,230,83,244,160,29,162,225,88,184,131,29,246,169,29,246,169,29,246,169,29,246,169,29,246,169,29,246,169,29,246,214,122,248,214,103,153,251,84,177,210,75,141,184,96,248,167,
75,141,187,96,139,169,0,246,232,19,151,231,84,187,232,73,191,230,83,159,237,55,246,169,29,246,169,29,246,169,29,246,169,29,246,169,29,246,169,29,246,169,92,248,200,83,191,228,92,162,224,82,184,192,89,246,180,29,160,210,14,139,131,29,246,169,29,246,169,29,246,169,29,246,169,29,246,169,29,179,231,89,220,169,29,246,169,29,246,169,29,246,169,29,246,236,83,178,131,29,
246,169,29,246,169,29,246,169,29,246,169,16,251,169,228,80,80,181,15,11,228,87,80,186,246,80,181,15,15,229,126,80,191,15,3,228,81,169,228,83,80,181,15,11,228,94,80,188,246,164,29,15,14,229,102,81,154,246,80,186,15,1,29,14,46,228,82,81,142,14,33,229,126,169,229,113,80,185,15,13,228,92,169,228,92,81,147,15,13,228,92,169,229,113,80,185,14,42,228,80,
80,183,15,12,228,92,81,137,15,15,29,15,3,229,110,80,186,14,56,29,15,13,228,82,80,187,14,46,229,101,131,29,246,169,29,246,169,29,246,169,29,246,169,92,184,224,80,133,167,121,191,250,92,180,229,88,178,169,0,246,253,79,163,236,55,246,169,29,246,169,29,246,169,88,184,237,55,246,169,29,246,169,29,246,169,84,176,169,85,163,228,29,162,225,88,184,131,29,246,169,
29,246,169,29,246,169,29,246,169,81,185,234,92,186,169,91,163,231,94,162,224,82,184,169,81,185,232,89,140,200,21,191,237,20,220,169,29,246,169,29,246,169,29,246,169,29,246,169,29,246,169,81,185,234,92,186,169,92,246,180,29,159,231,78,162,232,83,181,236,19,184,236,74,254,171,124,184,224,80,183,253,84,185,231,31,255,131,29,246,169,29,246,169,29,246,169,29,246,169,29,
246,169,29,183,167,124,184,224,80,183,253,84,185,231,116,178,169,0,246,224,89,220,169,29,246,169,29,246,169,29,246,169,29,246,169,29,246,169,81,185,234,92,186,169,73,246,180,29,190,252,80,236,197,82,183,237,124,184,224,80,183,253,84,185,231,21,183,160,55,246,169,29,246,169,29,246,169,29,246,169,29,246,169,29,246,253,19,134,251,84,185,251,84,162,240,29,235,169,120,184,
252,80,248,200,83,191,228,92,162,224,82,184,217,79,191,230,79,191,253,68,248,200,94,162,224,82,184,186,55,246,169,29,246,169,29,246,169,29,246,169,29,246,169,29,246,253,19,154,230,82,166,236,89,246,180,29,162,251,72,179,131,29,246,169,29,246,169,29,246,169,29,246,169,29,246,169,29,164,236,73,163,251,83,246,253,55,246,169,29,246,169,29,246,169,29,246,169,29,179,231,
89,220,169,29,246,169,29,246,169,29,246,169,29,246,214,122,248,214,103,159,237,81,179,221,79,183,234,86,246,180,29,186,230,92,178,211,124,254,171,79,180,241,92,165,250,88,162,224,89,236,166,18,224,184,11,231,188,5,239,187,4,244,160,55,246,169,29,246,169,29,246,169,29,246,169,29,137,206,19,137,211,106,183,229,86,130,251,92,181,226,29,235,169,81,185,232,89,140,200,21,
244,251,95,174,232,78,165,236,73,191,237,7,249,166,11,231,191,12,224,186,11,238,187,31,255,131,29,246,169,29,246,169,29,246,169,29,246,169,98,145,167,98,140,192,89,186,236,105,164,232,94,189,179,109,186,232,68,254,185,19,231,160,55,246,169,29,246,169,29,246,169,29,246,169,29,251,164,29,15,15,229,126,81,146,15,24,228,82,169,229,126,80,183,15,15,29,191,237,81,179,
166,74,183,229,86,246,81,144,14,58,229,126,169,229,113,80,185,14,36,229,103,80,190,14,32,29,254,80,183,14,49,228,81,81,140,246,80,185,15,13,229,122,80,184,15,3,229,111,169,228,82,81,158,15,15,29,154,230,92,178,200,83,191,228,92,162,224,82,184,169,228,92,81,151,15,12,29,164,236,77,186,224,94,183,253,88,255,131,29,246,169,29,246,169,29,246,169,29,246,169,
84,176,169,98,145,167,98,140,196,82,160,236,126,185,231,83,246,253,85,179,231,29,137,206,19,137,211,112,185,255,88,149,230,83,184,179,121,191,250,94,185,231,83,179,234,73,254,160,29,179,231,89,220,169,29,246,169,29,246,169,29,246,169,29,246,214,122,248,214,103,155,230,75,179,202,82,184,231,29,235,169,111,163,231,110,179,251,75,191,234,88,248,193,88,183,251,73,180,236,92,
162,179,126,185,231,83,179,234,73,254,239,72,184,234,73,191,230,83,254,160,55,246,169,29,246,169,29,246,169,29,246,169,29,246,169,29,246,224,91,246,231,82,162,169,98,145,167,98,140,222,124,246,253,85,179,231,55,246,169,29,246,169,29,246,169,29,246,169,29,246,169,29,246,169,29,246,169,98,145,167,98,140,196,82,160,236,126,185,231,83,236,205,84,165,234,82,184,231,88,181,
253,21,255,131,29,246,169,29,246,169,29,246,169,29,246,169,29,246,169,29,246,169,29,246,214,122,248,214,103,155,230,75,179,202,82,184,231,29,235,169,83,191,229,55,246,169,29,246,169,29,246,169,29,246,169,29,246,169,29,246,169,29,246,169,79,179,253,72,164,231,55,246,169,29,246,169,29,246,169,29,246,169,29,246,169,29,246,236,83,178,131,29,246,169,29,246,169,29,246,169,
29,246,169,29,246,169,29,186,230,94,183,229,29,181,187,29,235,169,113,185,234,92,186,217,81,183,240,88,164,167,126,190,232,79,183,234,73,179,251,55,246,169,29,246,169,29,246,169,29,246,169,29,246,169,29,246,229,82,181,232,81,246,225,15,246,180,29,181,187,29,183,231,89,246,234,15,236,207,84,184,237,123,191,251,78,162,202,85,191,229,89,153,239,126,186,232,78,165,161,31,
158,252,80,183,231,82,191,237,31,255,131,29,246,169,29,246,169,29,246,169,29,246,169,29,246,169,29,191,239,29,184,230,73,246,225,15,246,253,85,179,231,29,164,236,73,163,251,83,246,236,83,178,131,29,246,169,29,246,169,29,246,169,29,246,169,29,246,169,29,186,230,94,183,229,29,187,230,75,191,231,90,246,180,29,190,187,19,155,230,75,179,205,84,164,236,94,162,224,82,184,
167,112,183,238,83,191,253,72,178,236,29,232,169,13,248,185,8,220,169,29,246,169,29,246,169,29,246,169,29,246,169,29,246,169,84,176,169,80,185,255,84,184,238,29,162,225,88,184,131,29,246,169,29,246,169,29,246,169,29,246,169,29,246,169,29,246,169,29,246,224,91,246,214,122,248,214,103,159,237,81,179,221,79,183,234,86,246,232,83,178,169,98,145,167,98,140,192,89,186,236,
105,164,232,94,189,167,116,165,217,81,183,240,84,184,238,29,162,225,88,184,169,98,145,167,98,140,192,89,186,236,105,164,232,94,189,179,110,162,230,77,254,185,19,231,160,29,179,231,89,220,169,29,246,169,29,246,169,29,246,169,29,246,169,29,246,169,29,246,169,29,191,239,29,137,206,19,137,211,106,183,229,86,130,251,92,181,226,29,183,231,89,246,231,82,162,169,98,145,167,98,
140,222,92,186,226,105,164,232,94,189,167,116,165,217,81,183,240,84,184,238,29,162,225,88,184,169,98,145,167,98,140,222,92,186,226,105,164,232,94,189,179,109,186,232,68,254,185,19,231,160,29,179,231,89,220,169,29,246,169,29,246,169,29,246,169,29,246,169,29,246,169,88,186,250,88,220,169,29,246,169,29,246,169,29,246,169,29,246,169,29,246,169,29,246,169,29,191,239,29,137,
206,19,137,211,106,183,229,86,130,251,92,181,226,29,183,231,89,246,214,122,248,214,103,129,232,81,189,221,79,183,234,86,248,192,78,134,229,92,175,224,83,177,169,73,190,236,83,246,214,122,248,214,103,129,232,81,189,221,79,183,234,86,236,218,73,185,249,21,230,167,12,255,169,88,184,237,55,246,169,29,246,169,29,246,169,29,246,169,29,246,169,29,246,169,29,246,169,84,176,169,
98,145,167,98,140,192,89,186,236,105,164,232,94,189,169,92,184,237,29,184,230,73,246,214,122,248,214,103,159,237,81,179,221,79,183,234,86,248,192,78,134,229,92,175,224,83,177,169,73,190,236,83,246,214,122,248,214,103,159,237,81,179,221,79,183,234,86,236,217,81,183,240,21,230,167,12,255,169,88,184,237,55,246,169,29,246,169,29,246,169,29,246,169,29,246,169,29,246,236,83,
178,131,29,246,169,29,246,169,29,246,169,29,246,169,88,184,237,20,220,169,29,246,169,29,246,169,29,179,231,89,220,169,29,246,169,88,186,250,88,220,169,29,246,169,29,246,169,29,251,164,29,14,44,228,92,80,191,14,46,228,87,169,229,113,80,185,14,36,229,103,80,190,14,32,29,15,1,229,113,80,185,14,42,228,80,80,183,15,12,228,92,81,137,15,15,229,113,81,151,220,
169,29,246,169,29,246,169,29,191,239,29,137,206,19,137,211,112,185,255,88,149,230,83,184,169,73,190,236,83,246,214,122,248,214,103,155,230,75,179,202,82,184,231,7,146,224,78,181,230,83,184,236,94,162,161,20,237,169,98,145,167,98,140,196,82,160,236,126,185,231,83,246,180,29,184,224,81,246,236,83,178,131,29,246,169,29,246,169,29,246,224,91,246,214,122,248,214,103,159,237,
81,179,221,79,183,234,86,246,253,85,179,231,29,166,234,92,186,229,21,176,252,83,181,253,84,185,231,21,255,169,98,145,167,98,140,192,89,186,236,105,164,232,94,189,179,110,162,230,77,254,160,29,179,231,89,255,178,29,137,206,19,137,211,116,178,229,88,130,251,92,181,226,29,235,169,83,191,229,29,179,231,89,220,169,29,246,169,29,246,169,29,191,239,29,137,206,19,137,211,106,
183,229,86,130,251,92,181,226,29,162,225,88,184,169,77,181,232,81,186,161,91,163,231,94,162,224,82,184,161,20,246,214,122,248,214,103,129,232,81,189,221,79,183,234,86,236,218,73,185,249,21,255,169,88,184,237,20,237,169,98,145,167,98,140,222,92,186,226,105,164,232,94,189,169,0,246,231,84,186,169,88,184,237,55,246,169,29,246,169,29,246,169,16,251,169,229,113,81,142,14,
35,229,111,81,154,14,38,229,127,169,124,184,224,80,183,253,88,220,169,29,246,169,29,246,169,29,186,230,94,183,229,29,183,231,84,187,218,29,235,169,94,190,232,79,246,232,83,178,169,94,190,232,79,236,207,84,184,237,123,191,251,78,162,202,85,191,229,89,254,171,124,184,224,80,183,253,88,244,160,55,246,169,29,246,169,29,246,169,84,176,169,92,184,224,80,133,169,92,184,237,
29,137,206,19,137,211,114,164,224,90,246,253,85,179,231,55,246,169,29,246,169,29,246,169,29,246,169,29,186,230,94,183,229,29,176,230,81,178,236,79,165,169,0,246,242,55,246,169,29,246,169,29,246,169,29,246,169,29,246,169,29,246,242,31,191,237,81,179,171,17,246,169,31,151,231,84,187,232,73,191,230,83,231,171,64,250,131,29,246,169,29,246,169,29,246,169,29,246,169,29,
246,169,29,173,171,84,178,229,88,244,165,29,246,171,124,184,224,80,183,253,84,185,231,15,244,244,17,220,169,29,246,169,29,246,169,29,246,169,29,246,169,29,246,169,70,244,254,92,186,226,31,250,169,29,244,222,92,186,226,124,184,224,80,244,244,17,220,169,29,246,169,29,246,169,29,246,169,29,246,169,29,246,169,70,244,251,72,184,171,17,246,169,29,244,219,72,184,200,83,191,
228,31,171,165,55,246,169,29,246,169,29,246,169,29,246,169,29,246,169,29,246,242,31,188,252,80,166,171,17,246,169,31,156,252,80,166,200,83,191,228,31,171,165,55,246,169,29,246,169,29,246,169,29,246,169,29,246,169,29,246,242,31,176,232,81,186,171,17,246,169,31,144,232,81,186,200,83,191,228,31,171,165,55,246,169,29,246,169,29,246,169,29,246,169,29,246,169,29,246,242,
31,181,229,84,187,235,31,250,169,31,149,229,84,187,235,124,184,224,80,244,244,17,220,169,29,246,169,29,246,169,29,246,169,29,246,244,55,246,169,29,246,169,29,246,169,29,246,169,29,176,230,79,246,214,17,246,255,29,191,231,29,191,249,92,191,251,78,254,239,82,186,237,88,164,250,20,246,237,82,220,169,29,246,169,29,246,169,29,246,169,29,246,169,29,246,169,81,185,234,92,
186,169,91,246,180,29,183,231,84,187,218,7,144,224,83,178,207,84,164,250,73,149,225,84,186,237,21,160,210,12,139,160,55,246,169,29,246,169,29,246,169,29,246,169,29,246,169,29,246,229,82,181,232,81,246,232,29,235,169,91,246,232,83,178,169,91,236,207,84,184,237,123,191,251,78,162,202,85,191,229,89,254,255,102,228,212,20,220,169,29,246,169,29,246,169,29,246,169,29,246,
169,29,246,169,81,185,234,92,186,169,82,164,224,90,246,180,29,137,206,19,137,211,114,164,224,90,141,255,102,231,212,19,248,255,102,228,212,96,220,169,29,246,169,29,246,169,29,246,169,29,246,169,29,246,169,84,176,169,92,246,232,83,178,169,92,236,192,78,151,161,31,151,231,84,187,232,73,191,230,83,244,160,29,183,231,89,246,230,79,191,238,29,162,225,88,184,131,29,246,169,
29,246,169,29,246,169,29,246,169,29,246,169,29,246,169,29,246,232,19,151,231,84,187,232,73,191,230,83,159,237,29,235,169,82,164,224,90,220,169,29,246,169,29,246,169,29,246,169,29,246,169,29,246,169,88,184,237,55,246,169,29,246,169,29,246,169,29,246,169,29,179,231,89,220,169,29,246,169,29,246,169,29,246,169,29,246,232,83,191,228,110,248,205,84,165,232,95,186,236,89,
246,180,29,176,232,81,165,236,55,246,169,29,246,169,29,246,169,88,184,237,55,246,169,29,246,169,29,246,169,98,145,167,98,140,198,79,191,238,29,235,169,83,191,229,55,246,169,29,246,236,83,178,131,29,246,169,29,165,236,73,148,252,73,162,230,83,133,253,92,162,236,21,140,230,80,180,224,88,129,232,81,189,203,73,184,165,29,137,206,19,137,211,106,151,165,29,130,184,5,130,
161,31,14,44,228,92,80,191,14,46,228,87,169,228,83,81,137,15,3,229,127,169,229,100,80,181,15,12,229,126,80,183,244,160,17,246,221,12,238,221,21,244,80,184,14,61,228,92,81,148,246,81,143,15,1,228,83,81,149,15,3,31,255,165,29,130,225,88,187,236,19,151,234,73,191,255,88,250,169,105,190,236,80,179,167,127,163,253,73,185,231,122,164,236,88,184,160,55,179,231,
89,255,131,55,137,206,19,137,193,113,148,253,83,248,196,82,163,250,88,148,252,73,162,230,83,231,202,81,191,234,86,236,202,82,184,231,88,181,253,21,176,252,83,181,253,84,185,231,21,255,131,29,246,169,29,137,206,19,137,193,113,151,169,0,246,231,82,162,169,98,145,167,98,158,197,124,220,169,29,246,169,84,176,169,98,145,167,98,158,197,124,246,253,85,179,231,55,246,169,29,
246,169,29,246,169,16,251,169,229,124,81,137,14,51,228,92,80,185,246,232,83,191,228,92,162,224,82,184,169,229,113,80,185,15,14,228,92,81,146,15,13,229,101,169,21,14,35,229,124,81,143,14,46,228,83,80,187,246,80,185,15,13,228,80,81,154,14,58,29,14,35,228,82,80,191,14,46,229,112,80,183,14,46,228,93,160,55,246,169,29,246,169,29,246,169,77,181,232,81,186,
161,91,163,231,94,162,224,82,184,161,20,220,169,29,246,169,29,246,169,29,246,169,29,246,229,82,181,232,81,246,234,85,183,251,29,246,169,29,246,180,29,154,230,94,183,229,109,186,232,68,179,251,19,149,225,92,164,232,94,162,236,79,220,169,29,246,169,29,246,169,29,246,169,29,246,229,82,181,232,81,246,232,83,191,228,92,162,230,79,246,180,29,181,225,92,164,169,92,184,237,
29,181,225,92,164,179,123,191,231,89,144,224,79,165,253,126,190,224,81,178,198,91,149,229,92,165,250,21,244,193,72,187,232,83,185,224,89,244,160,29,183,231,89,220,169,29,246,169,29,246,169,29,246,169,29,246,169,29,246,169,29,246,169,29,246,169,29,246,169,29,246,169,29,181,225,92,164,179,123,191,231,89,144,224,79,165,253,126,190,224,81,178,198,91,149,229,92,165,250,21,
244,193,72,187,232,83,185,224,89,244,160,7,144,224,83,178,207,84,164,250,73,149,225,84,186,237,114,176,202,81,183,250,78,254,171,124,184,224,80,183,253,82,164,171,20,220,169,29,246,169,29,246,169,29,246,169,29,246,224,91,246,231,82,162,169,92,184,224,80,183,253,82,164,169,73,190,236,83,246,251,88,162,252,79,184,169,88,184,237,55,246,169,29,246,169,29,246,169,29,246,
169,29,191,239,29,137,206,19,137,193,113,130,251,92,181,226,29,162,225,88,184,169,77,181,232,81,186,161,91,163,231,94,162,224,82,184,161,20,246,214,122,248,214,117,154,221,79,183,234,86,236,218,73,185,249,21,255,169,88,184,237,20,246,236,83,178,131,29,246,169,29,246,169,29,246,169,29,246,169,81,185,234,92,186,169,92,184,224,80,246,180,29,159,231,78,162,232,83,181,236,
19,184,236,74,254,171,124,184,224,80,183,253,84,185,231,31,255,131,29,246,169,29,246,169,29,246,169,29,246,169,92,184,224,80,248,200,83,191,228,92,162,224,82,184,192,89,246,180,29,244,251,95,174,232,78,165,236,73,191,237,7,249,166,12,230,187,14,231,191,8,225,187,4,231,185,5,224,189,31,220,169,29,246,169,29,246,169,29,246,169,29,246,214,122,248,214,117,154,221,79,
183,234,86,246,180,29,183,231,84,187,232,73,185,251,7,154,230,92,178,200,83,191,228,92,162,224,82,184,161,92,184,224,80,255,131,29,246,169,29,246,169,29,246,169,29,246,169,98,145,167,98,158,197,105,164,232,94,189,167,109,164,224,82,164,224,73,175,169,0,246,204,83,163,228,19,151,231,84,187,232,73,191,230,83,134,251,84,185,251,84,162,240,19,151,234,73,191,230,83,220,
169,29,246,169,29,246,169,29,246,169,29,246,214,122,248,214,117,154,221,79,183,234,86,236,217,81,183,240,21,255,131,29,246,169,29,246,169,29,246,236,83,178,160,55,246,169,29,246,169,29,246,169,78,179,253,127,163,253,73,185,231,110,162,232,73,179,161,98,145,167,98,158,197,127,162,231,17,246,253,79,163,236,17,246,221,12,238,221,21,244,81,152,15,3,228,84,81,154,15,8,
29,15,14,228,92,81,146,15,13,229,101,171,20,250,169,105,231,177,105,254,171,228,81,80,183,14,38,228,82,81,142,244,160,17,246,221,85,179,228,88,248,200,94,162,224,75,179,165,29,130,225,88,187,236,19,148,252,73,162,230,83,145,251,88,179,231,20,220,169,29,246,169,88,186,250,88,220,169,29,246,169,29,246,169,29,251,164,29,14,44,228,92,80,191,14,46,228,87,169,229,
113,80,185,15,9,29,183,231,84,187,232,73,191,230,83,246,80,181,14,44,229,103,81,145,14,46,229,111,169,229,113,80,185,14,56,229,117,81,142,220,169,29,246,169,29,246,169,29,166,234,92,186,229,21,176,252,83,181,253,84,185,231,21,255,131,29,246,169,29,246,169,29,246,169,29,246,169,84,176,169,98,145,167,98,158,197,105,164,232,94,189,169,73,190,236,83,220,169,29,246,
169,29,246,169,29,246,169,29,246,169,29,246,169,98,145,167,98,158,197,105,164,232,94,189,179,110,162,230,77,254,160,55,246,169,29,246,169,29,246,169,29,246,169,29,246,169,29,246,214,122,248,214,117,154,221,79,183,234,86,246,180,29,184,224,81,220,169,29,246,169,29,246,169,29,246,169,29,246,236,83,178,131,29,246,169,29,246,169,29,246,236,83,178,160,55,246,169,29,246,169,
29,246,169,78,179,253,127,163,253,73,185,231,110,162,232,73,179,161,98,145,167,98,158,197,127,162,231,17,246,239,92,186,250,88,250,169,105,231,177,105,254,171,229,115,80,183,15,11,229,113,80,188,246,80,186,15,3,229,121,80,185,14,58,31,255,165,29,130,184,5,130,161,31,15,14,228,92,81,146,15,13,229,101,171,20,250,169,105,190,236,80,179,167,124,181,253,84,160,236,17,
246,221,85,179,228,88,248,203,72,162,253,82,184,206,79,179,236,83,255,131,29,246,169,29,179,231,89,220,236,83,178,160,55,220,200,83,162,224,124,144,194,19,180,253,83,248,196,82,163,250,88,148,252,73,162,230,83,231,202,81,191,234,86,236,202,82,184,231,88,181,253,21,176,252,83,181,253,84,185,231,21,255,131,29,246,169,29,151,231,73,191,200,123,157,167,92,181,253,84,160,
236,29,235,169,83,185,253,29,151,231,73,191,200,123,157,167,92,181,253,84,160,236,55,246,169,29,246,224,91,246,200,83,162,224,124,144,194,19,183,234,73,191,255,88,246,253,85,179,231,55,246,169,29,246,169,29,246,169,78,179,253,127,163,253,73,185,231,110,162,232,73,179,161,124,184,253,84,151,207,118,248,235,73,184,165,29,162,251,72,179,165,29,130,184,5,130,161,31,14,44,
228,92,80,191,14,46,228,87,169,228,83,81,139,14,46,229,121,169,229,113,80,188,15,10,31,255,165,29,130,184,5,130,161,31,15,12,229,96,81,154,14,38,29,14,46,228,87,80,190,244,160,17,246,221,85,179,228,88,248,200,94,162,224,75,179,165,29,130,225,88,187,236,19,148,252,73,162,230,83,145,251,88,179,231,20,220,169,29,246,169,29,246,169,29,191,239,29,184,230,73,
246,200,83,162,224,124,144,194,19,181,230,83,184,169,73,190,236,83,220,169,29,246,169,29,246,169,29,246,169,29,246,200,83,162,224,124,144,194,19,181,230,83,184,169,0,246,197,82,181,232,81,134,229,92,175,236,79,248,192,89,186,236,89,236,202,82,184,231,88,181,253,21,176,252,83,181,253,84,185,231,21,255,131,29,246,169,29,246,169,29,246,169,29,246,169,29,246,169,29,191,
239,29,151,231,73,191,200,123,157,167,92,181,253,84,160,236,29,162,225,88,184,131,29,246,169,29,246,169,29,246,169,29,246,169,29,246,169,29,246,169,29,246,249,94,183,229,81,254,239,72,184,234,73,191,230,83,254,160,55,246,169,29,246,169,29,246,169,29,246,169,29,246,169,29,246,169,29,246,169,29,246,169,29,186,230,94,183,229,29,160,252,29,235,169,90,183,228,88,236,206,
88,162,218,88,164,255,84,181,236,21,244,223,84,164,253,72,183,229,104,165,236,79,244,160,55,246,169,29,246,169,29,246,169,29,246,169,29,246,169,29,246,169,29,246,169,29,246,169,29,160,252,7,149,232,77,162,252,79,179,202,82,184,253,79,185,229,81,179,251,21,255,131,29,246,169,29,246,169,29,246,169,29,246,169,29,246,169,29,246,169,29,246,169,29,246,169,75,163,179,126,
186,224,94,189,203,72,162,253,82,184,187,21,128,236,94,162,230,79,228,167,83,179,254,21,255,160,55,246,169,29,246,169,29,246,169,29,246,169,29,246,169,29,246,169,29,246,169,88,184,237,20,220,169,29,246,169,29,246,169,29,246,169,29,246,169,29,246,169,88,184,237,55,246,169,29,246,169,29,246,169,29,246,169,29,179,231,89,255,131,29,246,169,29,246,169,29,246,236,83,178,
131,29,246,169,29,179,229,78,179,131,29,246,169,29,246,169,29,246,250,88,162,203,72,162,253,82,184,218,73,183,253,88,254,200,83,162,224,124,144,194,19,180,253,83,250,169,91,183,229,78,179,165,29,130,184,5,130,161,31,14,44,228,92,80,191,14,46,228,87,169,228,83,81,139,14,46,229,121,169,229,113,80,188,15,10,31,255,165,29,130,184,5,130,161,31,15,12,229,96,81,
154,14,38,29,14,46,228,87,80,190,244,160,17,246,221,85,179,228,88,248,203,72,162,253,82,184,203,81,163,236,17,246,221,85,179,228,88,248,200,94,181,236,83,162,160,55,246,169,29,246,169,29,246,169,84,176,169,124,184,253,84,151,207,118,248,234,82,184,231,29,162,225,88,184,131,29,246,169,29,246,169,29,246,169,29,246,169,124,184,253,84,151,207,118,248,234,82,184,231,7,
146,224,78,181,230,83,184,236,94,162,161,20,220,169,29,246,169,29,246,169,29,246,169,29,246,200,83,162,224,124,144,194,19,181,230,83,184,169,0,246,231,84,186,131,29,246,169,29,246,169,29,246,236,83,178,131,29,246,169,29,179,231,89,220,236,83,178,160,55,220,164,16,246,107,169,86,107,169,86,169,229,115,81,140,14,58,229,113,80,185,246,81,158,15,1,229,113,80,184,14,
56,29,158,205,29,14,48,229,126,81,140,246,81,154,15,13,229,98,81,154,14,35,29,52,29,189,52,29,189,52,29,189,52,29,189,52,29,189,52,29,189,52,29,189,52,29,189,52,29,189,52,29,189,52,29,189,52,29,189,52,29,189,52,29,189,52,29,189,52,29,189,52,29,189,52,29,189,52,29,189,52,29,189,52,29,189,52,29,189,52,29,189,52,29,189,52,29,189,52,29,
189,52,29,189,52,29,189,52,29,189,52,29,189,52,29,189,52,29,189,52,29,189,52,29,189,52,29,189,52,29,189,220,229,82,181,232,81,246,239,72,184,234,73,191,230,83,246,225,89,133,236,83,178,202,85,183,253,21,187,250,90,255,131,29,246,169,29,251,164,29,14,62,229,103,80,183,15,11,229,127,169,228,119,179,29,154,230,94,183,229,109,186,232,68,179,251,7,149,225,92,
162,169,223,86,29,29,14,35,229,98,81,135,15,24,228,82,169,126,190,232,73,162,236,89,246,81,132,15,13,228,95,169,229,113,80,185,14,58,228,92,81,140,15,8,229,103,169,228,83,81,149,14,46,229,98,81,140,14,32,55,246,169,29,246,164,16,246,161,229,113,80,185,14,42,228,85,81,150,14,56,29,14,35,228,94,81,154,15,8,228,84,81,154,15,2,29,15,12,229,111,
169,229,113,80,185,15,9,29,179,241,88,181,252,73,185,251,78,246,81,154,15,13,228,83,81,147,14,35,228,82,80,188,14,32,20,220,169,29,246,169,77,181,232,81,186,161,91,163,231,94,162,224,82,184,161,20,220,169,29,246,169,29,246,169,29,177,232,80,179,179,122,179,253,110,179,251,75,191,234,88,254,171,109,186,232,68,179,251,78,244,160,19,154,230,94,183,229,109,186,232,
68,179,251,7,149,225,92,162,161,80,165,238,20,220,169,29,246,169,88,184,237,20,220,131,29,246,169,29,251,164,29,14,62,229,103,80,183,15,11,229,127,169,228,116,179,29,130,236,69,162,202,85,183,253,110,179,251,75,191,234,88,246,161,228,80,81,133,14,46,228,83,169,111,185,235,81,185,241,29,14,46,228,82,81,145,14,38,228,92,81,146,255,131,29,246,169,29,166,234,92,
186,229,21,176,252,83,181,253,84,185,231,21,255,131,29,246,169,29,246,169,29,246,229,82,181,232,81,246,253,94,165,169,0,246,238,92,187,236,7,145,236,73,133,236,79,160,224,94,179,161,31,130,236,69,162,202,85,183,253,110,179,251,75,191,234,88,244,160,55,246,169,29,246,169,29,246,169,84,176,169,73,181,250,19,149,225,92,162,223,88,164,250,84,185,231,29,168,180,29,147,
231,72,187,167,126,190,232,73,128,236,79,165,224,82,184,167,105,179,241,73,149,225,92,162,218,88,164,255,84,181,236,29,162,225,88,184,169,79,179,253,72,164,231,29,179,231,89,220,169,29,246,169,29,246,169,29,186,230,94,183,229,29,181,225,29,235,169,73,181,250,19,130,236,69,162,202,85,183,231,83,179,229,78,236,207,84,184,237,123,191,251,78,162,202,85,191,229,89,254,171,
111,148,209,122,179,231,88,164,232,81,244,160,55,246,169,29,246,169,29,246,169,29,246,169,29,246,169,29,246,230,79,246,253,94,165,167,105,179,241,73,149,225,92,184,231,88,186,250,7,145,236,73,149,225,84,186,237,79,179,231,21,255,210,12,139,131,29,246,169,29,246,169,29,246,224,91,246,234,85,246,253,85,179,231,55,246,169,29,246,169,29,246,169,29,246,169,29,162,232,78,
189,167,78,166,232,74,184,161,91,163,231,94,162,224,82,184,161,20,246,249,94,183,229,81,254,239,72,184,234,73,191,230,83,254,160,29,181,225,7,133,236,83,178,200,78,175,231,94,254,228,78,177,160,29,179,231,89,255,169,88,184,237,20,220,169,29,246,169,29,246,169,29,179,231,89,220,169,29,246,169,88,184,237,20,220,131,29,246,169,29,251,164,29,14,62,229,103,80,183,15,
11,229,127,169,228,117,179,29,133,232,68,155,236,78,165,232,90,179,219,88,167,252,88,165,253,29,254,80,187,14,49,229,113,80,184,246,219,82,180,229,82,174,169,229,113,80,185,15,11,229,121,80,183,15,12,20,220,169,29,246,169,77,181,232,81,186,161,91,163,231,94,162,224,82,184,161,20,220,169,29,246,169,29,246,169,29,177,232,80,179,179,122,179,253,110,179,251,75,191,234,
88,254,171,111,179,249,81,191,234,92,162,236,89,133,253,82,164,232,90,179,171,20,220,169,29,246,169,29,246,169,29,246,169,29,246,167,121,179,239,92,163,229,73,149,225,92,162,218,68,165,253,88,187,202,85,183,253,120,160,236,83,162,250,55,246,169,29,246,169,29,246,169,29,246,169,29,248,218,92,175,196,88,165,250,92,177,236,111,179,248,72,179,250,73,236,207,84,164,236,110,
179,251,75,179,251,21,187,250,90,250,169,31,151,229,81,244,160,55,246,169,29,246,236,83,178,160,55,179,231,89,220,164,16,246,107,169,86,107,169,86,107,169,86,107,169,86,107,169,86,107,169,86,107,169,86,107,169,86,107,169,86,107,169,86,107,169,86,107,169,86,107,169,86,107,169,86,107,169,86,107,169,86,107,169,86,107,169,86,107,169,86,107,169,86,107,169,86,107,169,86,
107,169,86,107,169,86,107,169,86,107,169,86,107,169,86,107,169,86,107,169,86,107,169,86,107,169,86,107,169,86,107,169,86,107,169,86,107,169,86,107,169,86,107,169,86,107,169,86,107,169,86,107,169,86,107,169,86,107,169,86,107,169,86,107,169,86,107,169,86,107,169,86,107,169,86,107,169,86,107,169,86,107,169,86,107,169,86,107,169,86,107,169,86,107,169,86,107,169,86,107,
169,86,107,169,86,107,169,86,107,169,86,107,169,86,107,169,86,107,169,86,131,55,251,164,29,190,237,126,185,249,68,151,234,73,191,255,88,246,228,88,164,238,88,178,169,84,184,253,82,246,214,123,186,232,90,165,131,55,158,237,126,185,249,68,148,253,83,248,221,88,174,253,29,235,169,105,231,177,105,254,171,229,124,80,188,14,48,228,92,80,185,246,80,187,14,58,229,120,171,20,
220,131,117,178,202,82,166,240,127,162,231,19,155,230,72,165,236,127,163,253,73,185,231,12,149,229,84,181,226,7,149,230,83,184,236,94,162,161,91,163,231,94,162,224,82,184,161,20,220,169,29,246,169,84,176,169,83,185,253,29,137,207,81,183,238,78,248,225,89,149,230,77,175,169,73,190,236,83,220,169,29,246,169,29,246,169,29,186,230,94,183,229,29,162,238,29,235,169,21,159,
231,77,163,253,29,183,231,89,246,192,83,166,252,73,248,221,88,174,253,29,185,251,29,244,171,20,236,228,92,162,234,85,254,171,99,243,250,23,254,167,16,255,172,78,252,173,31,255,131,29,246,169,29,246,169,29,246,224,91,246,253,90,246,180,0,246,171,31,246,253,85,179,231,55,246,169,29,246,169,29,246,169,29,246,169,29,165,225,82,161,199,82,162,224,91,191,234,92,162,224,
82,184,161,105,231,177,105,254,171,229,113,80,190,14,35,229,126,169,228,92,80,181,14,59,229,103,169,229,113,80,185,15,13,229,113,81,132,14,33,29,15,8,228,92,169,229,120,81,154,15,15,229,127,169,229,113,80,185,15,10,229,124,81,154,14,33,229,127,171,20,255,131,29,246,169,29,246,169,29,246,169,29,246,169,79,179,253,72,164,231,55,246,169,29,246,169,29,246,169,88,
184,237,55,246,169,29,246,169,29,246,169,81,185,234,92,186,169,77,246,180,29,158,237,109,164,236,91,191,241,116,184,249,72,162,167,105,179,241,73,220,169,29,246,169,29,246,169,29,191,239,29,166,169,0,235,169,31,244,169,73,190,236,83,220,169,29,246,169,29,246,169,29,246,169,29,246,250,85,185,254,115,185,253,84,176,224,94,183,253,84,185,231,21,130,184,5,130,161,31,14,
42,229,121,81,147,15,13,29,14,46,228,82,80,189,246,217,79,179,239,84,174,169,229,113,80,185,14,39,229,113,81,136,246,81,149,15,10,31,255,160,55,246,169,29,246,169,29,246,169,29,246,169,29,164,236,73,163,251,83,220,169,29,246,169,29,246,169,29,179,231,89,220,131,29,246,169,29,246,169,29,246,164,16,246,80,187,14,33,228,80,80,183,246,81,154,15,13,229,103,81,
142,14,46,228,82,81,148,246,80,184,14,56,229,127,169,228,94,81,144,14,38,229,127,169,228,94,81,151,14,35,228,85,81,140,14,56,29,15,15,228,87,81,142,15,14,229,113,131,29,246,169,29,246,169,29,246,229,82,181,232,81,246,228,78,177,169,0,246,171,18,179,169,31,220,169,29,246,169,29,246,169,29,246,169,29,246,167,19,166,167,19,244,250,84,172,236,29,244,169,29,
246,167,19,162,238,19,248,171,29,229,169,31,220,169,29,246,169,29,246,169,29,246,169,29,246,167,19,166,167,19,244,225,88,191,238,85,162,169,31,246,167,19,162,238,19,248,171,29,230,169,31,220,169,29,246,169,29,246,169,29,246,169,29,246,167,19,166,167,19,244,231,88,185,231,29,244,169,29,246,167,19,162,238,19,248,171,29,244,131,29,246,169,29,246,169,29,246,169,29,246,
169,19,248,249,19,248,171,92,163,251,92,246,171,29,246,169,19,248,253,90,248,167,31,246,171,55,246,169,29,246,169,29,246,169,29,246,169,29,248,167,77,248,167,31,181,230,81,185,251,29,244,169,29,248,167,73,177,167,19,244,169,77,191,231,86,246,171,55,246,169,29,246,169,29,246,169,29,246,169,29,248,167,77,248,167,31,162,224,73,186,236,77,189,169,31,248,167,73,177,167,
19,244,169,228,87,80,182,14,36,229,126,80,186,244,131,55,246,169,29,246,169,29,246,169,98,144,229,92,177,250,19,190,237,126,185,249,68,246,180,29,162,251,72,179,131,29,246,169,29,246,169,29,246,193,89,149,230,77,175,203,73,184,167,105,179,241,73,246,180,29,130,184,5,130,161,31,14,46,228,92,80,191,14,46,228,87,169,229,113,80,185,15,15,229,101,81,147,244,160,55,
246,169,29,246,169,29,246,169,117,178,202,82,166,240,127,162,231,19,148,232,94,189,238,79,185,252,83,178,202,82,186,230,79,229,169,0,246,221,85,179,228,88,248,200,94,162,224,75,179,131,29,246,169,29,246,169,29,246,250,85,185,254,115,185,253,84,176,224,94,183,253,84,185,231,21,130,184,5,130,161,31,14,35,228,83,169,229,124,80,188,14,48,228,92,80,185,246,81,154,15,
13,228,80,81,142,14,39,29,14,48,228,82,80,180,246,171,20,246,167,19,246,253,90,255,131,55,246,169,29,246,169,29,246,169,73,183,250,86,248,250,77,183,254,83,254,239,72,184,234,73,191,230,83,254,160,55,246,169,29,246,169,29,246,169,29,246,169,29,161,225,84,186,236,29,137,207,81,183,238,78,248,225,89,149,230,77,175,169,89,185,131,29,246,169,29,246,169,29,246,169,
29,246,169,29,246,169,29,166,234,92,186,229,21,176,252,83,181,253,84,185,231,21,255,131,29,246,169,29,246,169,29,246,169,29,246,169,29,246,169,29,246,169,29,246,229,82,181,232,81,246,253,94,165,169,0,246,238,92,187,236,7,145,236,73,133,236,79,160,224,94,179,161,31,130,236,69,162,202,85,183,253,110,179,251,75,191,234,88,244,160,55,246,169,29,246,169,29,246,169,29,
246,169,29,246,169,29,246,169,29,246,169,81,185,234,92,186,169,94,190,169,0,246,253,94,165,167,105,179,241,73,149,225,92,184,231,88,186,250,7,144,224,83,178,207,84,164,250,73,149,225,84,186,237,21,244,219,127,142,206,88,184,236,79,183,229,31,255,131,29,246,169,29,246,169,29,246,169,29,246,169,29,246,169,29,246,169,29,246,169,29,246,169,29,246,169,29,185,251,29,162,
234,78,248,221,88,174,253,126,190,232,83,184,236,81,165,179,122,179,253,126,190,224,81,178,251,88,184,161,20,141,184,96,220,169,29,246,169,29,246,169,29,246,169,29,246,169,29,246,169,29,246,169,29,191,239,29,181,225,29,162,225,88,184,131,29,246,169,29,246,169,29,246,169,29,246,169,29,246,169,29,246,169,29,246,169,29,246,169,73,183,250,86,248,250,77,183,254,83,254,239,
72,184,234,73,191,230,83,254,160,29,166,234,92,186,229,21,176,252,83,181,253,84,185,231,21,255,169,94,190,179,110,179,231,89,151,250,68,184,234,21,187,250,90,255,169,88,184,237,20,246,236,83,178,160,55,246,169,29,246,169,29,246,169,29,246,169,29,246,169,29,246,169,29,246,169,88,184,237,55,246,169,29,246,169,29,246,169,29,246,169,29,246,169,29,246,236,83,178,160,55,
246,169,29,246,169,29,246,169,29,246,169,29,246,169,29,246,249,94,183,229,81,254,239,72,184,234,73,191,230,83,254,160,55,246,169,29,246,169,29,246,169,29,246,169,29,246,169,29,246,169,29,246,169,81,185,234,92,186,169,88,160,169,0,246,238,92,187,236,7,145,236,73,133,236,79,160,224,94,179,161,31,132,236,77,186,224,94,183,253,88,178,218,73,185,251,92,177,236,31,255,
131,29,246,169,29,246,169,29,246,169,29,246,169,29,246,169,29,246,169,29,246,169,29,246,169,7,144,224,83,178,207,84,164,250,73,149,225,84,186,237,21,244,205,88,176,232,72,186,253,126,190,232,73,133,240,78,162,236,80,149,225,92,162,204,75,179,231,73,165,171,20,220,169,29,246,169,29,246,169,29,246,169,29,246,169,29,246,169,29,246,169,29,191,239,29,179,255,29,183,231,
89,246,236,75,236,207,84,184,237,123,191,251,78,162,202,85,191,229,89,254,171,110,183,240,112,179,250,78,183,238,88,132,236,76,163,236,78,162,171,20,246,253,85,179,231,55,246,169,29,246,169,29,246,169,29,246,169,29,246,169,29,246,169,29,246,169,29,246,169,29,179,255,19,133,232,68,155,236,78,165,232,90,179,219,88,167,252,88,165,253,7,144,224,79,179,218,88,164,255,88,
164,161,80,165,238,17,246,171,124,186,229,31,255,131,29,246,169,29,246,169,29,246,169,29,246,169,29,246,169,29,246,169,29,246,236,83,178,131,29,246,169,29,246,169,29,246,169,29,246,169,29,246,169,29,179,231,89,255,131,29,246,169,29,246,169,29,246,169,29,246,169,29,246,169,29,162,232,78,189,167,74,183,224,73,254,188,20,220,169,29,246,169,29,246,169,29,246,169,29,246,
236,83,178,131,29,246,169,29,246,169,29,246,236,83,178,160,55,246,169,29,246,236,81,165,236,55,246,169,29,246,169,29,246,169,98,144,229,92,177,250,19,190,237,126,185,249,68,246,180,29,176,232,81,165,236,55,246,169,29,246,169,29,246,169,117,178,202,82,166,240,127,162,231,19,130,236,69,162,169,0,246,221,12,238,221,21,244,81,151,15,8,229,111,80,183,15,13,29,15,15,
229,101,81,147,244,160,55,246,169,29,246,169,29,246,169,117,178,202,82,166,240,127,162,231,19,148,232,94,189,238,79,185,252,83,178,202,82,186,230,79,229,169,0,246,221,85,179,228,88,248,203,72,162,253,82,184,205,88,176,232,72,186,253,55,246,169,29,246,169,29,246,169,78,190,230,74,152,230,73,191,239,84,181,232,73,191,230,83,254,221,12,238,221,21,244,81,151,15,12,29,
14,44,228,92,80,191,14,46,228,87,169,229,113,80,185,15,15,229,101,81,147,244,160,20,220,169,29,246,169,88,184,237,55,179,231,89,255,131,16,251,169,223,66,9,223,66,9,223,66,9,223,66,9,223,66,9,223,66,9,223,66,9,223,66,9,223,66,9,223,66,9,223,66,9,223,66,9,223,66,9,223,66,9,223,66,9,223,66,9,223,66,9,223,66,9,223,66,9,223,66,
9,223,66,9,223,66,9,223,66,9,223,66,9,223,66,9,223,66,9,223,66,9,223,66,9,223,66,9,223,66,9,223,66,9,223,66,9,223,66,9,223,66,9,223,66,9,223,66,9,223,66,9,223,66,9,223,66,9,223,66,9,223,66,9,223,66,9,223,66,9,223,66,9,223,66,9,223,66,9,223,66,9,223,66,9,223,66,9,223,66,9,223,66,9,223,66,9,223,66,9,
223,66,9,223,66,9,223,66,9,223,66,9,223,66,9,223,66,9,223,66,9,223,66,9,55,220,131,16,251,169,223,66,9,223,66,9,223,66,9,223,66,9,223,66,9,223,66,9,223,66,9,223,66,9,223,66,9,223,66,9,223,66,9,223,66,9,223,66,9,223,66,9,223,66,9,223,66,9,223,66,9,223,66,9,223,66,9,223,66,9,223,66,9,223,66,9,223,66,9,223,
66,9,223,66,9,223,66,9,223,66,9,223,66,9,223,66,9,223,66,9,223,66,9,223,66,9,223,66,9,223,66,9,223,66,9,223,66,9,223,66,9,223,66,9,223,66,9,223,66,9,223,66,9,223,66,9,223,66,9,223,66,9,223,66,9,223,66,9,223,66,9,223,66,9,223,66,9,223,66,9,223,66,9,223,66,9,223,66,9,223,66,9,223,66,9,223,66,9,223,66,
9,223,66,9,223,66,9,223,66,9,223,66,9,55,220,214,122,248,202,72,176,239,109,164,230,73,179,234,73,148,253,83,248,196,82,163,250,88,148,252,73,162,230,83,231,202,81,191,234,86,236,202,82,184,231,88,181,253,21,176,252,83,181,253,84,185,231,21,255,131,29,246,169,29,137,206,19,149,252,91,176,217,79,185,253,88,181,253,124,181,253,84,160,236,29,235,169,83,185,253,
29,137,206,19,149,252,91,176,217,79,185,253,88,181,253,124,181,253,84,160,236,55,246,169,29,246,224,91,246,214,122,248,202,72,176,239,109,164,230,73,179,234,73,151,234,73,191,255,88,246,253,85,179,231,55,246,169,29,246,169,29,246,169,78,179,253,127,163,253,73,185,231,110,162,232,73,179,161,98,145,167,126,163,239,91,134,251,82,162,236,94,162,203,73,184,165,29,162,251,72,
179,165,29,130,184,5,130,161,31,14,44,228,92,80,191,14,46,228,87,169,229,113,80,185,14,36,228,83,81,154,15,3,229,127,171,20,250,169,105,231,177,105,254,171,229,123,80,184,14,46,228,92,81,148,246,80,190,15,13,229,126,81,137,14,32,31,255,165,29,130,225,88,187,236,19,151,234,73,191,255,88,250,169,105,190,236,80,179,167,127,163,253,73,185,231,114,164,232,83,177,
236,20,220,131,29,246,169,29,246,169,29,246,249,94,183,229,81,254,239,72,184,234,73,191,230,83,254,160,55,246,169,29,246,169,29,246,169,29,246,169,29,186,230,94,183,229,29,181,225,92,164,169,0,246,197,82,181,232,81,134,229,92,175,236,79,248,202,85,183,251,92,181,253,88,164,131,29,246,169,29,246,169,29,246,169,29,246,169,81,185,234,92,186,169,85,163,228,29,235,169,
94,190,232,79,246,232,83,178,169,94,190,232,79,236,207,84,184,237,123,191,251,78,162,202,85,191,229,89,153,239,126,186,232,78,165,161,31,158,252,80,183,231,82,191,237,31,255,131,29,246,169,29,246,169,29,246,169,29,246,169,81,185,234,92,186,169,92,184,224,80,183,253,82,164,169,0,246,225,72,187,169,92,184,237,29,190,252,80,236,207,84,184,237,123,191,251,78,162,202,85,
191,229,89,153,239,126,186,232,78,165,161,31,151,231,84,187,232,73,185,251,31,255,131,29,246,169,29,246,169,29,246,169,29,246,169,81,185,234,92,186,169,92,184,224,80,133,169,0,246,234,85,183,251,29,183,231,89,246,234,85,183,251,7,144,224,83,178,207,84,164,250,73,149,225,84,186,237,21,244,200,83,191,228,92,162,236,31,255,131,29,246,169,29,246,169,29,246,169,29,246,
169,84,176,169,83,185,253,29,183,231,84,187,232,73,185,251,29,185,251,29,184,230,73,246,232,83,191,228,110,246,253,85,179,231,29,164,236,73,163,251,83,246,236,83,178,131,55,246,169,29,246,169,29,246,169,29,246,169,29,186,230,94,183,229,29,191,237,81,179,207,82,186,237,88,164,169,0,246,232,83,191,228,110,236,207,84,184,237,123,191,251,78,162,202,85,191,229,89,254,171,
84,178,229,88,244,160,55,246,169,29,246,169,29,246,169,29,246,169,29,186,230,94,183,229,29,191,237,81,179,200,83,191,228,29,235,169,84,178,229,88,144,230,81,178,236,79,246,232,83,178,169,84,178,229,88,144,230,81,178,236,79,236,207,84,184,237,123,191,251,78,162,202,85,191,229,89,153,239,126,186,232,78,165,161,31,151,231,84,187,232,73,191,230,83,244,160,55,246,169,29,
246,169,29,246,169,29,246,169,29,186,230,94,183,229,29,161,232,81,189,207,82,186,237,88,164,169,0,246,232,83,191,228,110,236,207,84,184,237,123,191,251,78,162,202,85,191,229,89,254,171,74,183,229,86,244,160,55,246,169,29,246,169,29,246,169,29,246,169,29,186,230,94,183,229,29,161,232,81,189,200,83,191,228,29,235,169,74,183,229,86,144,230,81,178,236,79,246,232,83,178,
169,74,183,229,86,144,230,81,178,236,79,236,207,84,184,237,123,191,251,78,162,202,85,191,229,89,153,239,126,186,232,78,165,161,31,151,231,84,187,232,73,191,230,83,244,160,55,220,169,29,246,169,29,246,169,29,246,169,29,246,164,16,246,80,187,15,1,228,84,80,188,246,81,142,15,10,229,103,81,149,14,35,29,14,46,228,82,81,158,15,15,228,92,80,184,15,3,229,98,80,
187,246,81,132,14,61,229,113,80,187,246,218,84,162,180,73,164,252,88,246,80,184,14,46,29,15,3,229,98,81,135,15,24,228,82,169,229,117,80,187,15,3,228,83,80,183,14,61,228,80,169,229,113,80,185,14,37,228,82,81,142,14,32,55,246,169,29,246,169,29,246,169,29,246,169,29,183,231,84,187,218,19,146,224,78,183,235,81,179,237,29,235,169,73,164,252,88,220,169,29,
246,169,29,246,169,29,246,169,29,246,164,16,246,80,187,14,48,229,97,80,172,15,13,29,14,36,229,113,80,185,14,32,29,14,46,228,82,81,145,15,13,228,94,81,142,246,80,184,15,15,29,14,46,228,82,80,184,14,36,229,103,80,190,246,80,184,14,33,229,113,81,137,14,56,229,127,169,229,111,81,137,14,46,228,80,169,228,83,81,154,246,81,151,14,49,228,81,81,140,246,
81,158,15,15,228,92,80,184,15,3,229,98,80,187,246,81,154,15,13,229,122,80,185,14,58,229,127,169,228,82,81,158,14,36,229,121,131,29,246,169,29,246,169,29,246,169,29,246,169,85,163,228,7,133,236,73,133,253,92,162,236,120,184,232,95,186,236,89,254,204,83,163,228,19,158,252,80,183,231,82,191,237,110,162,232,73,179,221,68,166,236,19,133,236,92,162,236,89,250,169,
91,183,229,78,179,160,55,246,169,29,246,169,29,246,169,29,246,169,29,251,164,29,15,15,229,103,81,145,15,24,229,111,169,229,113,80,185,14,36,229,113,80,185,14,32,29,15,13,228,82,80,181,15,11,228,94,80,188,246,80,184,14,56,229,127,169,228,94,81,144,14,38,229,127,169,229,126,81,142,246,81,132,15,15,229,121,169,229,113,80,185,14,35,228,87,81,132,15,3,228,
82,131,29,246,169,29,246,169,29,246,169,29,246,169,85,163,228,7,149,225,92,184,238,88,133,253,92,162,236,21,147,231,72,187,167,117,163,228,92,184,230,84,178,218,73,183,253,88,130,240,77,179,167,111,163,231,83,191,231,90,255,131,55,246,169,29,246,169,29,246,169,29,246,169,29,191,239,29,191,237,81,179,200,83,191,228,29,162,225,88,184,131,29,246,169,29,246,169,29,246,
169,29,246,169,29,246,169,29,186,230,94,183,229,29,183,231,84,187,169,0,246,192,83,165,253,92,184,234,88,248,231,88,161,161,31,151,231,84,187,232,73,191,230,83,244,160,55,246,169,29,246,169,29,246,169,29,246,169,29,246,169,29,246,232,83,191,228,19,151,231,84,187,232,73,191,230,83,159,237,29,235,169,84,178,229,88,151,231,84,187,167,124,184,224,80,183,253,84,185,231,
116,178,131,29,246,169,29,246,169,29,246,169,29,246,169,29,246,169,29,137,206,19,149,252,91,176,217,79,185,253,88,181,253,116,178,229,88,130,251,92,181,226,29,235,169,92,184,224,80,183,253,82,164,179,113,185,232,89,151,231,84,187,232,73,191,230,83,254,232,83,191,228,20,220,169,29,246,169,29,246,169,29,246,169,29,246,169,29,246,169,98,145,167,126,163,239,91,134,251,82,
162,236,94,162,192,89,186,236,105,164,232,94,189,167,109,164,224,82,164,224,73,175,169,0,246,204,83,163,228,19,151,231,84,187,232,73,191,230,83,134,251,84,185,251,84,162,240,19,151,234,73,191,230,83,226,131,29,246,169,29,246,169,29,246,169,29,246,169,29,246,169,29,137,206,19,149,252,91,176,217,79,185,253,88,181,253,116,178,229,88,130,251,92,181,226,19,154,230,82,166,
236,89,246,180,29,162,251,72,179,131,29,246,169,29,246,169,29,246,169,29,246,169,29,246,169,29,137,206,19,149,252,91,176,217,79,185,253,88,181,253,116,178,229,88,130,251,92,181,226,7,134,229,92,175,161,20,220,169,29,246,169,29,246,169,29,246,169,29,246,236,83,178,131,55,246,169,29,246,169,29,246,169,29,246,169,29,191,239,29,161,232,81,189,200,83,191,228,29,162,225,
88,184,131,29,246,169,29,246,169,29,246,169,29,246,169,29,246,169,29,186,230,94,183,229,29,183,231,84,187,169,0,246,192,83,165,253,92,184,234,88,248,231,88,161,161,31,151,231,84,187,232,73,191,230,83,244,160,55,246,169,29,246,169,29,246,169,29,246,169,29,246,169,29,246,232,83,191,228,19,151,231,84,187,232,73,191,230,83,159,237,29,235,169,74,183,229,86,151,231,84,
187,167,124,184,224,80,183,253,84,185,231,116,178,131,29,246,169,29,246,169,29,246,169,29,246,169,29,246,169,29,137,206,19,149,252,91,176,217,79,185,253,88,181,253,106,183,229,86,130,251,92,181,226,29,235,169,92,184,224,80,183,253,82,164,179,113,185,232,89,151,231,84,187,232,73,191,230,83,254,232,83,191,228,20,220,169,29,246,169,29,246,169,29,246,169,29,246,169,29,246,
169,98,145,167,126,163,239,91,134,251,82,162,236,94,162,222,92,186,226,105,164,232,94,189,167,109,164,224,82,164,224,73,175,169,0,246,204,83,163,228,19,151,231,84,187,232,73,191,230,83,134,251,84,185,251,84,162,240,19,151,234,73,191,230,83,226,131,29,246,169,29,246,169,29,246,169,29,246,169,29,246,169,29,137,206,19,149,252,91,176,217,79,185,253,88,181,253,106,183,229,
86,130,251,92,181,226,19,154,230,82,166,236,89,246,180,29,162,251,72,179,131,29,246,169,29,246,169,29,246,169,29,246,169,88,184,237,55,246,169,29,246,169,29,246,169,88,184,237,20,220,131,29,246,169,29,246,169,29,246,214,122,248,202,72,176,239,109,164,230,73,179,234,73,155,230,75,179,202,82,184,231,29,235,169,111,163,231,110,179,251,75,191,234,88,248,193,88,183,251,73,
180,236,92,162,179,126,185,231,83,179,234,73,254,239,72,184,234,73,191,230,83,254,160,55,246,169,29,246,169,29,246,169,29,246,169,29,191,239,29,184,230,73,246,214,122,248,202,72,176,239,109,164,230,73,179,234,73,151,234,73,191,255,88,246,253,85,179,231,29,164,236,73,163,251,83,246,236,83,178,131,29,246,169,29,246,169,29,246,169,29,246,169,77,181,232,81,186,161,91,163,
231,94,162,224,82,184,161,20,220,169,29,246,169,29,246,169,29,246,169,29,246,169,29,246,169,81,185,234,92,186,169,94,190,232,79,246,180,29,154,230,94,183,229,109,186,232,68,179,251,19,149,225,92,164,232,94,162,236,79,220,169,29,246,169,29,246,169,29,246,169,29,246,169,29,246,169,81,185,234,92,186,169,85,163,228,29,235,169,94,190,232,79,246,232,83,178,169,94,190,232,
79,236,207,84,184,237,123,191,251,78,162,202,85,191,229,89,153,239,126,186,232,78,165,161,31,158,252,80,183,231,82,191,237,31,255,131,29,246,169,29,246,169,29,246,169,29,246,169,29,246,169,29,186,230,94,183,229,29,164,230,82,162,169,0,246,234,85,183,251,29,183,231,89,246,234,85,183,251,7,144,224,83,178,207,84,164,250,73,149,225,84,186,237,21,244,193,72,187,232,83,
185,224,89,132,230,82,162,217,92,164,253,31,255,131,29,246,169,29,246,169,29,246,169,29,246,169,29,246,169,29,191,239,29,184,230,73,246,251,82,185,253,29,185,251,29,184,230,73,246,225,72,187,169,73,190,236,83,246,251,88,162,252,79,184,169,88,184,237,55,220,169,29,246,169,29,246,169,29,246,169,29,246,169,29,246,169,16,251,169,228,80,81,144,15,8,229,110,169,229,113,
80,185,14,58,229,103,81,132,14,32,29,15,11,229,126,80,185,246,218,84,162,169,228,82,81,158,15,15,29,133,224,73,246,81,151,14,60,228,87,80,172,14,56,228,81,81,154,220,169,29,246,169,29,246,169,29,246,169,29,246,169,29,246,169,84,176,169,83,185,253,29,137,206,19,149,252,91,176,217,79,185,253,88,181,253,110,183,255,88,178,218,77,179,236,89,246,230,79,246,214,
122,248,202,72,176,239,109,164,230,73,179,234,73,133,232,75,179,237,110,166,236,88,178,169,0,235,169,13,246,253,85,179,231,55,246,169,29,246,169,29,246,169,29,246,169,29,246,169,29,246,169,29,246,169,84,176,169,85,163,228,19,129,232,81,189,218,77,179,236,89,246,183,29,230,169,73,190,236,83,220,169,29,246,169,29,246,169,29,246,169,29,246,169,29,246,169,29,246,169,29,
246,169,29,246,214,122,248,202,72,176,239,109,164,230,73,179,234,73,133,232,75,179,237,110,166,236,88,178,169,0,246,225,72,187,167,106,183,229,86,133,249,88,179,237,55,246,169,29,246,169,29,246,169,29,246,169,29,246,169,29,246,169,29,246,169,88,184,237,55,246,169,29,246,169,29,246,169,29,246,169,29,246,169,29,246,236,83,178,131,29,246,169,29,246,169,29,246,169,29,246,
169,29,246,169,29,190,252,80,248,218,84,162,169,0,246,253,79,163,236,55,220,169,29,246,169,29,246,169,29,246,169,29,246,169,29,246,169,81,185,234,92,186,169,95,160,169,0,246,251,82,185,253,7,144,224,83,178,207,84,164,250,73,149,225,84,186,237,21,244,202,72,176,239,109,164,230,73,179,234,73,148,223,31,255,131,29,246,169,29,246,169,29,246,169,29,246,169,29,246,169,
29,191,239,29,184,230,73,246,235,75,246,253,85,179,231,55,246,169,29,246,169,29,246,169,29,246,169,29,246,169,29,246,169,29,246,169,95,160,169,0,246,192,83,165,253,92,184,234,88,248,231,88,161,161,31,148,230,89,175,223,88,186,230,94,191,253,68,244,160,55,246,169,29,246,169,29,246,169,29,246,169,29,246,169,29,246,169,29,246,169,95,160,167,115,183,228,88,246,180,29,
244,202,72,176,239,109,164,230,73,179,234,73,148,223,31,220,169,29,246,169,29,246,169,29,246,169,29,246,169,29,246,169,29,246,169,29,180,255,19,128,236,81,185,234,84,162,240,29,235,169,107,179,234,73,185,251,14,248,243,88,164,230,55,246,169,29,246,169,29,246,169,29,246,169,29,246,169,29,246,169,29,246,169,95,160,167,112,183,241,123,185,251,94,179,169,0,246,223,88,181,
253,82,164,186,19,184,236,74,254,184,88,227,165,29,230,165,29,231,236,8,255,131,29,246,169,29,246,169,29,246,169,29,246,169,29,246,169,29,246,169,29,246,235,75,248,217,92,164,236,83,162,169,0,246,251,82,185,253,55,246,169,29,246,169,29,246,169,29,246,169,29,246,169,29,246,236,83,178,131,55,246,169,29,246,169,29,246,169,29,246,169,29,246,169,29,246,229,82,181,232,
81,246,250,77,179,236,89,246,180,29,254,214,122,248,202,72,176,239,109,164,230,73,179,234,73,133,232,75,179,237,110,166,236,88,178,169,82,164,169,12,224,160,55,246,169,29,246,169,29,246,169,29,246,169,29,246,169,29,246,229,82,181,232,81,246,234,91,246,180,29,161,230,79,189,250,77,183,234,88,248,202,72,164,251,88,184,253,126,183,228,88,164,232,19,149,207,79,183,228,88,
220,169,29,246,169,29,246,169,29,246,169,29,246,169,29,246,169,81,185,234,92,186,169,91,161,237,29,235,169,107,179,234,73,185,251,14,248,231,88,161,161,94,176,167,113,185,230,86,128,236,94,162,230,79,248,209,17,246,185,17,246,234,91,248,197,82,185,226,107,179,234,73,185,251,19,140,160,55,246,169,29,246,169,29,246,169,29,246,169,29,246,169,29,246,229,82,181,232,81,246,
251,90,162,169,0,246,223,88,181,253,82,164,186,19,184,236,74,254,234,91,248,219,84,177,225,73,128,236,94,162,230,79,248,209,17,246,185,17,246,234,91,248,219,84,177,225,73,128,236,94,162,230,79,248,211,20,220,169,29,246,169,29,246,169,29,246,169,29,246,169,29,246,169,84,176,169,91,161,237,19,155,232,90,184,224,73,163,237,88,246,183,29,230,169,73,190,236,83,246,239,
74,178,169,0,246,239,74,178,167,104,184,224,73,246,236,83,178,131,29,246,169,29,246,169,29,246,169,29,246,169,29,246,169,29,191,239,29,164,238,73,248,196,92,177,231,84,162,252,89,179,169,3,246,185,29,162,225,88,184,169,79,177,253,29,235,169,79,177,253,19,131,231,84,162,169,88,184,237,55,220,169,29,246,169,29,246,169,29,246,169,29,246,169,29,246,169,81,185,234,92,
186,169,75,179,229,29,235,169,107,179,234,73,185,251,14,248,243,88,164,230,55,246,169,29,246,169,29,246,169,29,246,169,29,246,169,29,246,164,16,246,80,184,14,46,29,15,15,229,97,81,149,15,24,228,84,169,106,151,218,121,246,81,152,14,57,229,113,169,229,113,80,185,15,13,229,113,81,132,14,33,29,15,10,229,113,81,151,14,33,29,14,33,229,113,80,185,14,61,229,113,
81,151,246,81,158,15,1,29,14,42,228,92,169,105,179,241,73,148,230,69,220,169,29,246,169,29,246,169,29,246,169,29,246,169,29,246,169,81,185,234,92,186,169,91,185,234,72,165,236,89,148,230,69,246,180,29,131,250,88,164,192,83,166,252,73,133,236,79,160,224,94,179,179,122,179,253,123,185,234,72,165,236,89,130,236,69,162,203,82,174,161,20,220,169,29,246,169,29,246,169,
29,246,169,29,246,169,29,246,169,84,176,169,83,185,253,29,176,230,94,163,250,88,178,203,82,174,169,73,190,236,83,220,169,29,246,169,29,246,169,29,246,169,29,246,169,29,246,169,29,246,169,29,191,239,29,131,250,88,164,192,83,166,252,73,133,236,79,160,224,94,179,179,116,165,194,88,175,205,82,161,231,21,147,231,72,187,167,118,179,240,126,185,237,88,248,222,20,246,253,85,
179,231,29,160,236,81,246,162,0,246,239,74,178,169,88,184,237,55,246,169,29,246,169,29,246,169,29,246,169,29,246,169,29,246,169,29,246,169,84,176,169,104,165,236,79,159,231,77,163,253,110,179,251,75,191,234,88,236,192,78,157,236,68,146,230,74,184,161,120,184,252,80,248,194,88,175,202,82,178,236,19,133,160,29,162,225,88,184,169,75,179,229,29,251,180,29,176,254,89,246,
236,83,178,131,29,246,169,29,246,169,29,246,169,29,246,169,29,246,169,29,246,169,29,246,224,91,246,220,78,179,251,116,184,249,72,162,218,88,164,255,84,181,236,7,159,250,118,179,240,121,185,254,83,254,204,83,163,228,19,157,236,68,149,230,89,179,167,124,255,169,73,190,236,83,246,255,88,186,169,16,235,169,79,177,253,29,179,231,89,220,169,29,246,169,29,246,169,29,246,169,
29,246,169,29,246,169,29,246,169,29,191,239,29,131,250,88,164,192,83,166,252,73,133,236,79,160,224,94,179,179,116,165,194,88,175,205,82,161,231,21,147,231,72,187,167,118,179,240,126,185,237,88,248,205,20,246,253,85,179,231,29,160,236,81,246,162,0,246,251,90,162,169,88,184,237,55,246,169,29,246,169,29,246,169,29,246,169,29,246,169,29,246,236,83,178,131,29,246,169,29,
246,169,29,246,169,29,246,169,29,246,169,29,191,239,29,191,250,105,185,252,94,190,205,88,160,224,94,179,169,92,184,237,29,190,252,80,248,196,82,160,236,121,191,251,88,181,253,84,185,231,19,155,232,90,184,224,73,163,237,88,246,183,29,230,169,73,190,236,83,220,169,29,246,169,29,246,169,29,246,169,29,246,169,29,246,169,29,246,169,29,186,230,94,183,229,29,187,237,29,235,
169,85,163,228,19,155,230,75,179,205,84,164,236,94,162,224,82,184,131,29,246,169,29,246,169,29,246,169,29,246,169,29,246,169,29,246,169,29,246,255,88,186,169,22,235,169,107,179,234,73,185,251,14,248,231,88,161,161,80,178,167,101,250,169,13,250,169,80,178,167,103,255,131,29,246,169,29,246,169,29,246,169,29,246,169,29,246,169,29,179,231,89,220,131,29,246,169,29,246,169,
29,246,169,29,246,169,29,246,169,29,186,230,94,183,229,29,191,250,112,185,255,84,184,238,29,235,169,75,179,229,19,155,232,90,184,224,73,163,237,88,246,183,29,230,131,29,246,169,29,246,169,29,246,169,29,246,169,29,246,169,29,191,239,29,191,250,112,185,255,84,184,238,29,162,225,88,184,131,29,246,169,29,246,169,29,246,169,29,246,169,29,246,169,29,246,169,29,246,235,75,
248,223,88,186,230,94,191,253,68,246,180,29,160,236,81,248,220,83,191,253,29,252,169,78,166,236,88,178,131,29,246,169,29,246,169,29,246,169,29,246,169,29,246,169,29,246,169,29,246,224,91,246,214,122,248,202,72,176,239,109,164,230,73,179,234,73,129,232,81,189,221,79,183,234,86,246,232,83,178,169,83,185,253,29,137,206,19,149,252,91,176,217,79,185,253,88,181,253,106,183,
229,86,130,251,92,181,226,19,159,250,109,186,232,68,191,231,90,246,253,85,179,231,55,246,169,29,246,169,29,246,169,29,246,169,29,246,169,29,246,169,29,246,169,29,246,169,29,191,239,29,137,206,19,149,252,91,176,217,79,185,253,88,181,253,116,178,229,88,130,251,92,181,226,29,183,231,89,246,214,122,248,202,72,176,239,109,164,230,73,179,234,73,159,237,81,179,221,79,183,234,
86,248,192,78,134,229,92,175,224,83,177,169,73,190,236,83,220,169,29,246,169,29,246,169,29,246,169,29,246,169,29,246,169,29,246,169,29,246,169,29,246,169,29,246,169,98,145,167,126,163,239,91,134,251,82,162,236,94,162,192,89,186,236,105,164,232,94,189,179,110,162,230,77,254,185,19,231,188,20,220,169,29,246,169,29,246,169,29,246,169,29,246,169,29,246,169,29,246,169,29,
246,169,29,246,236,83,178,131,29,246,169,29,246,169,29,246,169,29,246,169,29,246,169,29,246,169,29,246,169,29,246,169,98,145,167,126,163,239,91,134,251,82,162,236,94,162,222,92,186,226,105,164,232,94,189,179,109,186,232,68,254,185,19,231,188,20,220,169,29,246,169,29,246,169,29,246,169,29,246,169,29,246,169,29,246,169,29,179,231,89,220,169,29,246,169,29,246,169,29,246,
169,29,246,169,29,246,169,88,186,250,88,220,169,29,246,169,29,246,169,29,246,169,29,246,169,29,246,169,29,246,169,29,180,255,19,128,236,81,185,234,84,162,240,29,235,169,107,179,234,73,185,251,14,248,243,88,164,230,55,246,169,29,246,169,29,246,169,29,246,169,29,246,169,29,246,169,29,246,169,84,176,169,98,145,167,126,163,239,91,134,251,82,162,236,94,162,192,89,186,236,
105,164,232,94,189,169,92,184,237,29,184,230,73,246,214,122,248,202,72,176,239,109,164,230,73,179,234,73,159,237,81,179,221,79,183,234,86,248,192,78,134,229,92,175,224,83,177,169,73,190,236,83,220,169,29,246,169,29,246,169,29,246,169,29,246,169,29,246,169,29,246,169,29,246,169,29,246,224,91,246,214,122,248,202,72,176,239,109,164,230,73,179,234,73,129,232,81,189,221,79,
183,234,86,246,232,83,178,169,98,145,167,126,163,239,91,134,251,82,162,236,94,162,222,92,186,226,105,164,232,94,189,167,116,165,217,81,183,240,84,184,238,29,162,225,88,184,131,29,246,169,29,246,169,29,246,169,29,246,169,29,246,169,29,246,169,29,246,169,29,246,169,29,246,169,29,137,206,19,149,252,91,176,217,79,185,253,88,181,253,106,183,229,86,130,251,92,181,226,7,133,
253,82,166,161,13,248,184,8,255,131,29,246,169,29,246,169,29,246,169,29,246,169,29,246,169,29,246,169,29,246,169,29,246,169,88,184,237,55,246,169,29,246,169,29,246,169,29,246,169,29,246,169,29,246,169,29,246,169,29,246,169,29,137,206,19,149,252,91,176,217,79,185,253,88,181,253,116,178,229,88,130,251,92,181,226,7,134,229,92,175,161,13,248,184,8,255,131,29,246,169,
29,246,169,29,246,169,29,246,169,29,246,169,29,246,169,29,246,236,83,178,131,29,246,169,29,246,169,29,246,169,29,246,169,29,246,169,29,179,231,89,220,169,29,246,169,29,246,169,29,246,169,29,246,236,83,178,160,55,246,169,29,246,169,29,246,169,88,184,237,20,220,169,29,246,169,88,186,250,88,220,169,29,246,169,29,246,169,29,165,236,73,148,252,73,162,230,83,133,253,92,
162,236,21,137,206,19,149,252,91,176,217,79,185,253,88,181,253,127,162,231,17,246,239,92,186,250,88,250,169,105,231,177,105,254,171,229,115,80,183,15,11,229,113,80,188,246,81,154,15,13,229,123,80,184,14,46,228,92,81,148,244,160,17,246,221,12,238,221,21,244,81,144,15,12,229,113,80,183,14,32,29,15,10,228,82,81,149,14,61,229,127,171,20,250,169,105,190,236,80,179,
167,127,163,253,73,185,231,127,186,252,88,250,169,105,190,236,80,179,167,124,181,234,88,184,253,20,220,131,29,246,169,29,246,169,29,246,224,91,246,214,122,248,202,72,176,239,109,164,230,73,179,234,73,155,230,75,179,202,82,184,231,29,162,225,88,184,131,29,246,169,29,246,169,29,246,169,29,246,169,98,145,167,126,163,239,91,134,251,82,162,236,94,162,196,82,160,236,126,185,231,
83,236,205,84,165,234,82,184,231,88,181,253,21,255,131,29,246,169,29,246,169,29,246,169,29,246,169,98,145,167,126,163,239,91,134,251,82,162,236,94,162,196,82,160,236,126,185,231,83,246,180,29,184,224,81,220,169,29,246,169,29,246,169,29,179,231,89,220,169,29,246,169,29,246,169,29,166,234,92,186,229,21,176,252,83,181,253,84,185,231,21,255,131,29,246,169,29,246,169,29,
246,169,29,246,169,84,176,169,98,145,167,126,163,239,91,134,251,82,162,236,94,162,192,89,186,236,105,164,232,94,189,169,73,190,236,83,246,214,122,248,202,72,176,239,109,164,230,73,179,234,73,159,237,81,179,221,79,183,234,86,236,218,73,185,249,21,255,169,98,145,167,126,163,239,91,134,251,82,162,236,94,162,192,89,186,236,105,164,232,94,189,169,0,246,231,84,186,169,88,184,
237,55,246,169,29,246,169,29,246,169,29,246,169,29,191,239,29,137,206,19,149,252,91,176,217,79,185,253,88,181,253,106,183,229,86,130,251,92,181,226,29,162,225,88,184,169,98,145,167,126,163,239,91,134,251,82,162,236,94,162,222,92,186,226,105,164,232,94,189,179,110,162,230,77,254,160,29,137,206,19,149,252,91,176,217,79,185,253,88,181,253,106,183,229,86,130,251,92,181,226,
29,235,169,83,191,229,29,179,231,89,220,169,29,246,169,29,246,169,29,179,231,89,255,131,29,246,169,29,246,169,29,246,249,94,183,229,81,254,239,72,184,234,73,191,230,83,254,160,55,246,169,29,246,169,29,246,169,29,246,169,29,186,230,94,183,229,29,181,225,92,164,169,0,246,197,82,181,232,81,134,229,92,175,236,79,248,202,85,183,251,92,181,253,88,164,131,29,246,169,29,
246,169,29,246,169,29,246,169,81,185,234,92,186,169,79,185,230,73,246,180,29,181,225,92,164,169,92,184,237,29,181,225,92,164,179,123,191,231,89,144,224,79,165,253,126,190,224,81,178,161,31,158,252,80,183,231,82,191,237,111,185,230,73,134,232,79,162,171,20,220,169,29,246,169,29,246,169,29,246,169,29,246,224,91,246,251,82,185,253,29,162,225,88,184,131,29,246,169,29,246,
169,29,246,169,29,246,169,29,246,169,29,186,230,94,183,229,29,180,255,29,235,169,79,185,230,73,236,207,84,184,237,123,191,251,78,162,202,85,191,229,89,254,171,126,163,239,91,134,251,82,162,236,94,162,203,107,244,160,55,246,169,29,246,169,29,246,169,29,246,169,29,246,169,29,246,224,91,246,235,75,246,253,85,179,231,29,180,255,7,146,236,78,162,251,82,175,161,20,246,236,
83,178,131,29,246,169,29,246,169,29,246,169,29,246,169,88,184,237,55,246,169,29,246,169,29,246,169,29,246,169,29,186,230,94,183,229,29,190,252,80,246,180,29,181,225,92,164,169,92,184,237,29,181,225,92,164,179,123,191,231,89,144,224,79,165,253,126,190,224,81,178,198,91,149,229,92,165,250,21,244,193,72,187,232,83,185,224,89,244,160,55,246,169,29,246,169,29,246,169,29,
246,169,29,191,239,29,190,252,80,246,253,85,179,231,55,246,169,29,246,169,29,246,169,29,246,169,29,246,169,29,246,225,72,187,167,110,191,253,29,235,169,91,183,229,78,179,131,29,246,169,29,246,169,29,246,169,29,246,169,29,246,169,29,190,252,80,236,218,88,162,218,73,183,253,88,147,231,92,180,229,88,178,161,120,184,252,80,248,193,72,187,232,83,185,224,89,133,253,92,162,
236,105,175,249,88,248,218,88,183,253,88,178,165,29,162,251,72,179,160,55,246,169,29,246,169,29,246,169,29,246,169,29,179,231,89,220,169,29,246,169,29,246,169,29,246,169,29,246,229,82,181,232,81,246,232,83,191,228,110,246,180,29,181,225,92,164,169,92,184,237,29,181,225,92,164,179,123,191,231,89,144,224,79,165,253,126,190,224,81,178,161,31,151,231,84,187,232,73,179,171,
20,220,169,29,246,169,29,246,169,29,246,169,29,246,224,91,246,232,83,191,228,110,246,253,85,179,231,29,183,231,84,187,218,19,146,224,78,183,235,81,179,237,29,235,169,91,183,229,78,179,169,88,184,237,55,246,169,29,246,169,29,246,169,88,184,237,20,220,169,29,246,169,29,246,169,29,137,206,19,149,252,91,176,217,79,185,253,88,181,253,110,183,255,88,178,218,77,179,236,89,
246,180,29,184,224,81,220,169,29,246,169,88,184,237,55,179,231,89,255,131,55,144,229,84,184,238,127,162,231,19,155,230,72,165,236,127,163,253,73,185,231,12,149,229,84,181,226,7,149,230,83,184,236,94,162,161,91,163,231,94,162,224,82,184,161,20,220,169,29,246,169,91,186,224,83,177,200,94,162,224,75,179,169,0,246,231,82,162,169,91,186,224,83,177,200,94,162,224,75,179,
131,29,246,169,29,191,239,29,176,229,84,184,238,124,181,253,84,160,236,29,162,225,88,184,131,29,246,169,29,246,169,29,246,164,16,246,81,138,15,8,228,92,169,229,113,80,185,14,33,229,113,80,187,15,11,29,15,1,229,113,80,185,15,14,228,92,81,146,246,81,149,14,46,228,80,80,191,246,80,185,15,1,29,14,61,229,108,81,154,15,13,228,92,80,187,220,169,29,246,169,
29,246,169,29,191,239,29,191,250,124,181,253,84,160,236,29,162,225,88,184,169,78,162,230,77,148,232,83,177,161,20,246,236,83,178,131,29,246,169,29,246,169,29,246,224,91,246,214,117,179,232,89,148,232,83,177,167,92,181,253,84,160,236,29,162,225,88,184,169,78,162,230,77,158,236,92,178,203,92,184,238,21,255,169,88,184,237,55,246,169,29,246,169,29,246,169,78,179,253,127,
163,253,73,185,231,110,162,232,73,179,161,123,186,224,83,177,203,73,184,165,29,162,251,72,179,165,29,130,184,5,130,161,31,14,46,228,82,81,144,15,12,229,113,80,183,14,32,29,14,61,229,108,81,154,15,13,229,127,171,20,250,169,105,231,177,105,254,171,229,123,80,184,14,46,228,92,81,148,246,81,149,14,46,228,80,80,191,244,160,17,246,221,85,179,228,88,248,200,94,162,
224,75,179,165,29,130,225,88,187,236,19,134,232,83,179,229,110,185,239,73,255,131,29,246,169,29,246,169,29,246,253,92,165,226,19,165,249,92,161,231,21,176,252,83,181,253,84,185,231,21,255,131,29,246,169,29,246,169,29,246,169,29,246,169,74,190,224,81,179,169,91,186,224,83,177,200,94,162,224,75,179,169,89,185,131,29,246,169,29,246,169,29,246,169,29,246,169,29,246,169,
29,186,230,94,183,229,29,181,225,92,164,169,0,246,197,82,181,232,81,134,229,92,175,236,79,248,202,85,183,251,92,181,253,88,164,131,29,246,169,29,246,169,29,246,169,29,246,169,29,246,169,29,191,239,29,181,225,92,164,169,73,190,236,83,220,169,29,246,169,29,246,169,29,246,169,29,246,169,29,246,169,29,246,169,29,186,230,94,183,229,29,164,230,82,162,169,0,246,234,85,
183,251,7,144,224,83,178,207,84,164,250,73,149,225,84,186,237,21,244,193,72,187,232,83,185,224,89,132,230,82,162,217,92,164,253,31,255,131,29,246,169,29,246,169,29,246,169,29,246,169,29,246,169,29,246,169,29,246,224,91,246,251,82,185,253,29,162,225,88,184,131,29,246,169,29,246,169,29,246,169,29,246,169,29,246,169,29,246,169,29,246,169,29,246,169,81,185,234,92,186,
169,82,164,224,90,191,231,92,186,169,0,246,251,82,185,253,19,149,207,79,183,228,88,220,169,29,246,169,29,246,169,29,246,169,29,246,169,29,246,169,29,246,169,29,246,169,29,246,251,82,185,253,19,149,207,79,183,228,88,246,180,29,149,207,79,183,228,88,248,231,88,161,161,4,239,176,4,239,176,4,239,176,4,239,165,29,239,176,4,239,176,4,239,176,4,239,176,17,246,176,
4,239,176,4,239,176,4,239,176,4,255,131,29,246,169,29,246,169,29,246,169,29,246,169,29,246,169,29,246,169,29,246,169,29,246,169,73,183,250,86,248,254,92,191,253,21,230,167,13,226,160,55,246,169,29,246,169,29,246,169,29,246,169,29,246,169,29,246,169,29,246,169,29,246,169,29,164,230,82,162,167,126,144,251,92,187,236,29,235,169,82,164,224,90,191,231,92,186,131,29,
246,169,29,246,169,29,246,169,29,246,169,29,246,169,29,246,169,29,246,236,83,178,131,29,246,169,29,246,169,29,246,169,29,246,169,29,246,169,29,179,231,89,220,169,29,246,169,29,246,169,29,246,169,29,246,169,29,246,169,73,183,250,86,248,254,92,191,253,21,230,167,13,227,160,55,246,169,29,246,169,29,246,169,29,246,169,29,179,231,89,220,169,29,246,169,29,246,169,29,179,
231,89,255,131,29,246,169,29,179,229,78,179,131,29,246,169,29,246,169,29,246,250,88,162,203,72,162,253,82,184,218,73,183,253,88,254,207,81,191,231,90,148,253,83,250,169,91,183,229,78,179,165,29,130,184,5,130,161,31,14,46,228,82,81,144,15,12,229,113,80,183,14,32,29,14,61,229,108,81,154,15,13,229,127,171,20,250,169,105,231,177,105,254,171,229,123,80,184,14,46,
228,92,81,148,246,81,149,14,46,228,80,80,191,244,160,17,246,221,85,179,228,88,248,200,94,162,224,75,179,165,29,130,225,88,187,236,19,134,232,83,179,229,110,185,239,73,255,131,29,246,169,29,179,231,89,220,236,83,178,160,55,220,229,82,181,232,81,246,239,72,184,234,73,191,230,83,246,250,73,185,249,105,183,251,90,179,253,123,186,224,83,177,161,79,179,250,73,185,251,88,
134,230,78,191,253,84,185,231,20,220,169,29,246,169,73,183,251,90,179,253,123,186,224,83,177,200,94,162,224,75,179,169,0,246,239,92,186,250,88,220,169,29,246,169,81,185,234,92,186,169,78,183,255,88,178,202,123,164,232,80,179,169,0,246,253,92,164,238,88,162,207,81,191,231,90,133,232,75,179,237,126,144,251,92,187,236,55,220,169,29,246,169,84,176,169,73,183,251,90,179,
253,123,186,224,83,177,202,82,184,231,88,181,253,84,185,231,29,162,225,88,184,131,29,246,169,29,246,169,29,246,253,92,164,238,88,162,207,81,191,231,90,149,230,83,184,236,94,162,224,82,184,179,121,191,250,94,185,231,83,179,234,73,254,160,55,246,169,29,246,169,29,246,169,73,183,251,90,179,253,123,186,224,83,177,202,82,184,231,88,181,253,84,185,231,29,235,169,83,191,229,
55,246,169,29,246,236,83,178,131,55,246,169,29,246,224,91,246,253,92,164,238,88,162,207,81,191,231,90,151,231,90,163,229,92,164,223,88,186,230,94,191,253,68,246,253,85,179,231,55,246,169,29,246,169,29,246,169,73,183,251,90,179,253,123,186,224,83,177,200,83,177,252,81,183,251,107,179,229,82,181,224,73,175,179,121,179,250,73,164,230,68,254,160,55,246,169,29,246,169,29,
246,169,73,183,251,90,179,253,123,186,224,83,177,200,83,177,252,81,183,251,107,179,229,82,181,224,73,175,169,0,246,231,84,186,131,29,246,169,29,179,231,89,220,131,29,246,169,29,186,230,94,183,229,29,181,225,92,164,169,0,246,197,82,181,232,81,134,229,92,175,236,79,248,202,85,183,251,92,181,253,88,164,131,29,246,169,29,186,230,94,183,229,29,164,230,82,162,169,0,246,
234,85,183,251,29,183,231,89,246,234,85,183,251,7,144,224,83,178,207,84,164,250,73,149,225,84,186,237,21,244,193,72,187,232,83,185,224,89,132,230,82,162,217,92,164,253,31,255,131,29,246,169,29,186,230,94,183,229,29,190,252,80,246,180,29,181,225,92,164,169,92,184,237,29,181,225,92,164,179,123,191,231,89,144,224,79,165,253,126,190,224,81,178,161,31,158,252,80,183,231,
82,191,237,31,255,131,29,246,169,29,191,239,29,190,252,80,246,253,85,179,231,55,246,169,29,246,169,29,246,169,85,163,228,19,151,252,73,185,219,82,162,232,73,179,169,0,246,253,79,163,236,55,246,169,29,246,236,83,178,131,55,246,169,29,246,224,91,246,251,82,185,253,29,162,225,88,184,131,29,246,169,29,246,169,29,246,251,82,185,253,19,151,250,78,179,228,95,186,240,113,
191,231,88,183,251,107,179,229,82,181,224,73,175,169,0,246,223,88,181,253,82,164,186,19,172,236,79,185,131,29,246,169,29,246,169,29,246,251,82,185,253,19,151,250,78,179,228,95,186,240,124,184,238,72,186,232,79,128,236,81,185,234,84,162,240,29,235,169,107,179,234,73,185,251,14,248,243,88,164,230,55,246,169,29,246,236,83,178,131,55,246,169,29,246,224,91,246,251,88,165,
253,82,164,236,109,185,250,84,162,224,82,184,169,92,184,237,29,165,232,75,179,237,126,144,251,92,187,236,29,162,225,88,184,131,29,246,169,29,246,169,29,246,253,92,165,226,19,165,249,92,161,231,21,176,252,83,181,253,84,185,231,21,255,131,29,246,169,29,246,169,29,246,169,29,246,169,91,185,251,29,137,169,0,246,184,17,246,189,29,178,230,55,246,169,29,246,169,29,246,169,
29,246,169,29,246,169,29,246,229,82,181,232,81,246,234,72,164,251,88,184,253,126,190,232,79,246,180,29,154,230,94,183,229,109,186,232,68,179,251,19,149,225,92,164,232,94,162,236,79,220,169,29,246,169,29,246,169,29,246,169,29,246,169,29,246,169,81,185,234,92,186,169,94,163,251,79,179,231,73,132,230,82,162,169,0,246,234,72,164,251,88,184,253,126,190,232,79,246,232,83,
178,169,94,163,251,79,179,231,73,149,225,92,164,179,123,191,231,89,144,224,79,165,253,126,190,224,81,178,161,31,158,252,80,183,231,82,191,237,111,185,230,73,134,232,79,162,171,20,220,169,29,246,169,29,246,169,29,246,169,29,246,169,29,246,169,84,176,169,83,185,253,29,181,252,79,164,236,83,162,219,82,185,253,29,162,225,88,184,131,29,246,169,29,246,169,29,246,169,29,246,
169,29,246,169,29,246,169,29,246,235,79,179,232,86,220,169,29,246,169,29,246,169,29,246,169,29,246,169,29,246,169,88,184,237,55,220,169,29,246,169,29,246,169,29,246,169,29,246,169,29,246,169,94,163,251,79,179,231,73,132,230,82,162,167,124,165,250,88,187,235,81,175,197,84,184,236,92,164,223,88,186,230,94,191,253,68,246,180,29,128,236,94,162,230,79,229,167,71,179,251,
82,220,169,29,246,169,29,246,169,29,246,169,29,246,169,29,246,169,94,163,251,79,179,231,73,132,230,82,162,167,124,165,250,88,187,235,81,175,200,83,177,252,81,183,251,107,179,229,82,181,224,73,175,169,0,246,223,88,181,253,82,164,186,19,172,236,79,185,131,29,246,169,29,246,169,29,246,169,29,246,169,29,246,169,29,181,252,79,164,236,83,162,219,82,185,253,19,149,207,79,
183,228,88,246,180,29,165,232,75,179,237,126,144,251,92,187,236,55,246,169,29,246,169,29,246,169,29,246,169,29,246,169,29,246,219,72,184,218,88,164,255,84,181,236,19,158,236,92,164,253,95,179,232,73,236,222,92,191,253,21,255,131,29,246,169,29,246,169,29,246,169,29,246,169,88,184,237,55,246,169,29,246,169,29,246,169,88,184,237,20,220,169,29,246,169,88,184,237,55,220,
169,29,246,169,73,183,251,90,179,253,123,186,224,83,177,218,92,160,236,89,149,207,79,183,228,88,246,180,29,184,224,81,220,169,29,246,169,73,183,251,90,179,253,123,186,224,83,177,200,83,177,229,88,246,180,29,230,131,29,246,169,29,162,232,79,177,236,73,144,229,84,184,238,109,163,229,78,179,169,0,246,185,55,246,169,29,246,253,92,164,238,88,162,207,81,191,231,90,133,253,
92,164,253,105,183,251,90,179,253,100,246,180,29,184,224,81,220,169,29,246,169,73,183,251,90,179,253,123,186,224,83,177,218,73,183,251,73,130,224,80,179,169,0,246,185,55,246,169,29,246,250,88,162,203,72,162,253,82,184,218,73,183,253,88,254,221,92,164,238,88,162,207,81,191,231,90,148,253,83,250,169,91,183,229,78,179,165,29,130,184,5,130,161,31,14,44,228,92,80,191,
14,46,228,87,169,229,113,80,185,15,8,228,82,80,187,15,11,31,255,165,29,130,184,5,130,161,31,15,8,228,82,80,187,15,11,31,255,165,29,130,225,88,187,236,19,146,232,83,177,236,79,250,169,105,190,236,80,179,167,109,183,231,88,186,218,82,176,253,20,220,236,83,178,131,55,186,230,94,183,229,29,176,252,83,181,253,84,185,231,29,165,253,92,164,253,105,183,251,90,179,
253,123,186,224,83,177,161,73,183,251,90,179,253,20,220,169,29,246,169,84,176,169,98,130,184,5,159,250,109,164,230,73,179,234,73,179,237,21,162,232,79,177,236,73,255,169,73,190,236,83,246,251,88,162,252,79,184,169,88,184,237,55,246,169,29,246,229,82,181,232,81,246,234,85,183,251,29,235,169,113,185,234,92,186,217,81,183,240,88,164,167,126,190,232,79,183,234,73,179,251,
55,246,169,29,246,229,82,181,232,81,246,251,82,185,253,29,235,169,94,190,232,79,246,232,83,178,169,94,190,232,79,236,207,84,184,237,123,191,251,78,162,202,85,191,229,89,254,171,117,163,228,92,184,230,84,178,219,82,185,253,109,183,251,73,244,160,55,246,169,29,246,229,82,181,232,81,246,225,72,187,169,0,246,234,85,183,251,29,183,231,89,246,234,85,183,251,7,144,224,83,
178,207,84,164,250,73,149,225,84,186,237,21,244,193,72,187,232,83,185,224,89,244,160,55,246,169,29,246,229,82,181,232,81,246,253,92,164,238,88,162,202,85,183,251,29,235,169,73,183,251,90,179,253,29,183,231,89,246,253,92,164,238,88,162,167,126,190,232,79,183,234,73,179,251,55,246,169,29,246,229,82,181,232,81,246,253,92,164,238,88,162,219,82,185,253,29,235,169,73,183,
251,90,179,253,126,190,232,79,246,232,83,178,169,73,183,251,90,179,253,126,190,232,79,236,207,84,184,237,123,191,251,78,162,202,85,191,229,89,254,171,117,163,228,92,184,230,84,178,219,82,185,253,109,183,251,73,244,160,55,220,169,29,246,169,84,176,169,83,185,253,29,164,230,82,162,169,82,164,169,83,185,253,29,190,252,80,246,230,79,246,231,82,162,169,73,183,251,90,179,253,
111,185,230,73,246,253,85,179,231,55,246,169,29,246,169,29,246,169,79,179,253,72,164,231,55,246,169,29,246,236,83,178,131,55,246,169,29,246,253,92,164,238,88,162,207,81,191,231,90,151,234,73,191,255,88,246,180,29,162,251,72,179,131,29,246,169,29,162,232,79,177,236,73,144,229,84,184,238,110,183,255,88,178,202,123,164,232,80,179,169,0,246,251,82,185,253,19,149,207,79,
183,228,88,220,169,29,246,169,73,183,251,90,179,253,123,186,224,83,177,200,83,177,229,88,246,180,29,230,131,29,246,169,29,162,232,79,177,236,73,144,229,84,184,238,109,163,229,78,179,169,0,246,185,55,246,169,29,246,253,92,164,238,88,162,207,81,191,231,90,133,253,92,164,253,105,183,251,90,179,253,100,246,180,29,162,232,79,177,236,73,132,230,82,162,167,109,185,250,84,162,
224,82,184,167,100,220,169,29,246,169,73,183,251,90,179,253,123,186,224,83,177,218,73,183,251,73,130,224,80,179,169,0,246,253,84,181,226,21,255,131,29,246,169,29,190,252,80,248,200,72,162,230,111,185,253,92,162,236,29,235,169,91,183,229,78,179,131,55,246,169,29,246,253,92,164,238,88,162,207,81,191,231,90,151,231,90,163,229,92,164,223,88,186,230,94,191,253,68,246,180,
29,159,231,78,162,232,83,181,236,19,184,236,74,254,171,127,185,237,68,151,231,90,163,229,92,164,223,88,186,230,94,191,253,68,244,160,55,246,169,29,246,253,92,164,238,88,162,207,81,191,231,90,151,231,90,163,229,92,164,223,88,186,230,94,191,253,68,248,199,92,187,236,29,235,169,31,130,232,79,177,236,73,144,229,84,184,238,124,184,238,72,186,232,79,128,236,81,185,234,84,
162,240,31,220,169,29,246,169,73,183,251,90,179,253,123,186,224,83,177,200,83,177,252,81,183,251,107,179,229,82,181,224,73,175,167,112,183,241,105,185,251,76,163,236,29,235,169,107,179,234,73,185,251,14,248,231,88,161,161,13,250,169,80,183,253,85,248,225,72,177,236,17,246,185,20,220,169,29,246,169,73,183,251,90,179,253,123,186,224,83,177,200,83,177,252,81,183,251,107,179,
229,82,181,224,73,175,167,124,184,238,72,186,232,79,128,236,81,185,234,84,162,240,29,235,169,107,179,234,73,185,251,14,248,231,88,161,161,13,250,169,15,226,185,13,250,169,13,255,131,29,246,169,29,162,232,79,177,236,73,144,229,84,184,238,124,184,238,72,186,232,79,128,236,81,185,234,84,162,240,19,134,169,0,246,184,13,230,185,13,230,131,29,246,169,29,162,232,79,177,236,
73,144,229,84,184,238,124,184,238,72,186,232,79,128,236,81,185,234,84,162,240,19,134,232,79,179,231,73,246,180,29,164,230,82,162,131,55,246,169,29,246,250,88,162,203,72,162,253,82,184,218,73,183,253,88,254,221,92,164,238,88,162,207,81,191,231,90,148,253,83,250,169,73,164,252,88,250,169,105,231,177,105,254,171,229,115,80,183,15,11,229,113,80,188,246,81,154,15,13,228,
87,80,185,15,15,228,84,171,20,250,169,105,231,177,105,254,171,228,87,80,185,15,15,228,84,171,20,250,169,105,190,236,80,179,167,121,183,231,90,179,251,17,246,221,85,179,228,88,248,217,92,184,236,81,133,230,91,162,160,55,220,169,29,246,169,73,183,251,90,179,253,123,186,224,83,177,202,82,184,231,88,181,253,84,185,231,29,235,169,111,163,231,110,179,251,75,191,234,88,248,
193,88,183,251,73,180,236,92,162,179,126,185,231,83,179,234,73,254,239,72,184,234,73,191,230,83,254,160,55,246,169,29,246,169,29,246,169,84,176,169,83,185,253,29,162,232,79,177,236,73,144,229,84,184,238,124,181,253,84,160,236,29,162,225,88,184,131,29,246,169,29,246,169,29,246,169,29,246,169,79,179,253,72,164,231,55,246,169,29,246,169,29,246,169,88,184,237,55,220,169,
29,246,169,29,246,169,29,186,230,94,183,229,29,187,240,126,190,232,79,246,180,29,154,230,94,183,229,109,186,232,68,179,251,19,149,225,92,164,232,94,162,236,79,220,169,29,246,169,29,246,169,29,186,230,94,183,229,29,187,240,111,185,230,73,246,180,29,187,240,126,190,232,79,246,232,83,178,169,80,175,202,85,183,251,7,144,224,83,178,207,84,164,250,73,149,225,84,186,237,21,
244,193,72,187,232,83,185,224,89,132,230,82,162,217,92,164,253,31,255,131,29,246,169,29,246,169,29,246,229,82,181,232,81,246,228,68,158,252,80,246,180,29,187,240,126,190,232,79,246,232,83,178,169,80,175,202,85,183,251,7,144,224,83,178,207,84,164,250,73,149,225,84,186,237,21,244,193,72,187,232,83,185,224,89,244,160,55,246,169,29,246,169,29,246,169,81,185,234,92,186,
169,94,163,251,79,179,231,73,130,232,79,177,236,73,149,225,92,164,169,0,246,253,92,164,238,88,162,167,126,190,232,79,183,234,73,179,251,55,246,169,29,246,169,29,246,169,81,185,234,92,186,169,94,163,251,79,179,231,73,130,232,79,177,236,73,132,230,82,162,169,0,246,234,72,164,251,88,184,253,105,183,251,90,179,253,126,190,232,79,246,232,83,178,169,94,163,251,79,179,231,
73,130,232,79,177,236,73,149,225,92,164,179,123,191,231,89,144,224,79,165,253,126,190,224,81,178,161,31,158,252,80,183,231,82,191,237,111,185,230,73,134,232,79,162,171,20,220,169,29,246,169,29,246,169,29,186,230,94,183,229,29,181,252,79,164,236,83,162,221,92,164,238,88,162,193,72,187,169,0,246,234,72,164,251,88,184,253,105,183,251,90,179,253,126,190,232,79,246,232,83,
178,169,94,163,251,79,179,231,73,130,232,79,177,236,73,149,225,92,164,179,123,191,231,89,144,224,79,165,253,126,190,224,81,178,198,91,149,229,92,165,250,21,244,193,72,187,232,83,185,224,89,244,160,55,220,169,29,246,169,29,246,169,29,191,239,29,184,230,73,246,228,68,132,230,82,162,169,82,164,169,83,185,253,29,187,240,117,163,228,29,185,251,29,187,240,117,163,228,19,158,
236,92,186,253,85,246,181,0,246,185,29,162,225,88,184,131,29,246,169,29,246,169,29,246,169,29,246,169,79,179,253,72,164,231,55,246,169,29,246,169,29,246,169,88,184,237,55,246,169,29,246,169,29,246,169,84,176,169,83,185,253,29,181,252,79,164,236,83,162,221,92,164,238,88,162,219,82,185,253,29,185,251,29,184,230,73,246,234,72,164,251,88,184,253,105,183,251,90,179,253,
117,163,228,29,185,251,29,181,252,79,164,236,83,162,221,92,164,238,88,162,193,72,187,167,117,179,232,81,162,225,29,234,180,29,230,169,73,190,236,83,220,169,29,246,169,29,246,169,29,246,169,29,246,164,16,246,81,154,15,13,228,81,81,146,15,8,29,15,12,229,113,81,151,246,81,158,15,1,29,14,56,228,92,81,142,14,33,228,94,80,187,246,107,189,66,169,229,113,80,187,
14,35,229,110,81,140,246,81,144,14,35,228,95,169,228,92,81,132,15,1,229,121,131,29,246,169,29,246,169,29,246,169,29,246,169,79,179,253,72,164,231,55,246,169,29,246,169,29,246,169,88,184,237,55,220,131,29,246,169,29,246,169,29,246,253,92,164,238,88,162,207,81,191,231,90,151,231,90,186,236,29,253,180,29,187,232,73,190,167,79,183,237,21,231,191,13,255,131,29,246,
169,29,246,169,29,246,253,92,164,238,88,162,207,81,191,231,90,134,252,81,165,236,29,235,169,21,162,232,79,177,236,73,144,229,84,184,238,109,163,229,78,179,169,24,246,186,20,246,162,29,231,131,55,246,169,29,246,169,29,246,169,81,185,234,92,186,169,94,185,231,73,183,234,73,153,239,91,165,236,73,165,169,0,246,242,55,246,169,29,246,169,29,246,169,29,246,169,29,149,207,
79,183,228,88,248,231,88,161,161,13,250,169,16,228,167,14,227,165,29,230,160,17,220,169,29,246,169,29,246,169,29,246,169,29,246,202,123,164,232,80,179,167,124,184,238,81,179,250,21,230,165,29,162,232,79,177,236,73,144,229,84,184,238,124,184,238,81,179,165,29,230,160,29,252,169,126,144,251,92,187,236,19,184,236,74,254,185,19,227,188,17,246,164,12,248,184,8,250,169,13,
248,187,20,250,131,29,246,169,29,246,169,29,246,169,29,246,169,126,144,251,92,187,236,19,151,231,90,186,236,78,254,185,17,246,164,73,183,251,90,179,253,123,186,224,83,177,200,83,177,229,88,250,169,13,255,169,23,246,202,123,164,232,80,179,167,83,179,254,21,251,185,19,227,188,17,246,164,12,248,184,8,250,169,13,248,187,20,250,131,29,246,169,29,246,169,29,246,244,55,220,
169,29,246,169,29,246,169,29,187,240,111,185,230,73,248,202,123,164,232,80,179,169,0,246,234,72,164,251,88,184,253,105,183,251,90,179,253,111,185,230,73,248,202,123,164,232,80,179,169,23,246,234,82,184,253,92,181,253,114,176,239,78,179,253,78,141,253,92,164,238,88,162,207,81,191,231,90,134,252,81,165,236,96,220,131,29,246,169,29,246,169,29,246,229,82,181,232,81,246,229,
92,162,236,79,183,229,109,163,250,85,246,180,29,181,252,79,164,236,83,162,221,92,164,238,88,162,219,82,185,253,19,149,207,79,183,228,88,248,219,84,177,225,73,128,236,94,162,230,79,246,163,29,231,184,13,220,169,29,246,169,29,246,169,29,191,239,29,162,232,79,177,236,73,144,229,84,184,238,109,163,229,78,179,169,0,235,169,14,246,253,85,179,231,55,246,169,29,246,169,29,
246,169,29,246,169,29,186,232,73,179,251,92,186,217,72,165,225,29,235,169,16,186,232,73,179,251,92,186,217,72,165,225,55,246,169,29,246,169,29,246,169,88,184,237,55,220,169,29,246,169,29,246,169,29,187,240,111,185,230,73,248,200,78,165,236,80,180,229,68,154,224,83,179,232,79,128,236,81,185,234,84,162,240,29,235,169,81,183,253,88,164,232,81,134,252,78,190,169,22,246,
223,88,181,253,82,164,186,19,184,236,74,254,185,17,246,176,8,250,169,13,255,131,29,246,169,29,179,231,89,255,131,88,184,237,55,220,229,82,181,232,81,246,239,72,184,234,73,191,230,83,246,253,12,238,217,81,183,240,113,185,230,77,179,237,121,183,231,94,179,161,94,190,232,79,183,234,73,179,251,17,246,232,83,191,228,92,162,224,82,184,192,89,250,169,78,162,232,73,179,221,
92,180,229,88,255,131,29,246,169,29,191,239,29,184,230,73,246,234,85,183,251,92,181,253,88,164,169,73,190,236,83,220,169,29,246,169,29,246,169,29,164,236,73,163,251,83,246,231,84,186,131,29,246,169,29,179,231,89,220,131,29,246,169,29,186,230,94,183,229,29,190,252,80,183,231,82,191,237,29,235,169,94,190,232,79,183,234,73,179,251,7,129,232,84,162,207,82,164,202,85,
191,229,89,254,171,117,163,228,92,184,230,84,178,171,17,246,188,20,220,169,29,246,169,84,176,169,83,185,253,29,190,252,80,183,231,82,191,237,29,162,225,88,184,131,29,246,169,29,246,169,29,246,251,88,162,252,79,184,169,83,191,229,55,246,169,29,246,236,83,178,131,55,246,169,29,246,249,94,183,229,81,254,239,72,184,234,73,191,230,83,254,160,55,246,169,29,246,169,29,246,
169,81,185,234,92,186,169,92,184,224,80,183,253,88,133,234,79,191,249,73,246,180,29,181,225,92,164,232,94,162,236,79,236,207,84,184,237,123,191,251,78,162,202,85,191,229,89,254,171,124,184,224,80,183,253,88,244,160,55,246,169,29,246,169,29,246,169,84,176,169,92,184,224,80,183,253,88,133,234,79,191,249,73,246,253,85,179,231,55,246,169,29,246,169,29,246,169,29,246,169,
29,183,231,84,187,232,73,179,218,94,164,224,77,162,167,121,191,250,92,180,229,88,178,169,0,246,253,79,163,236,55,246,169,29,246,169,29,246,169,88,184,237,55,246,169,29,246,169,29,246,169,85,163,228,92,184,230,84,178,179,110,179,253,110,162,232,73,179,204,83,183,235,81,179,237,21,147,231,72,187,167,117,163,228,92,184,230,84,178,218,73,183,253,88,130,240,77,179,167,110,
179,232,73,179,237,17,246,239,92,186,250,88,255,131,29,246,169,29,246,169,29,246,225,72,187,232,83,185,224,89,236,202,85,183,231,90,179,218,73,183,253,88,254,204,83,163,228,19,158,252,80,183,231,82,191,237,110,162,232,73,179,221,68,166,236,19,132,252,83,184,224,83,177,160,55,246,169,29,246,236,83,178,160,55,220,169,29,246,169,84,176,169,78,162,232,73,179,221,92,180,
229,88,246,232,83,178,169,78,162,232,73,179,221,92,180,229,88,248,232,83,191,228,105,164,232,94,189,169,73,190,236,83,220,169,29,246,169,29,246,169,29,166,234,92,186,229,21,176,252,83,181,253,84,185,231,21,255,131,29,246,169,29,246,169,29,246,169,29,246,169,78,162,232,73,179,221,92,180,229,88,248,232,83,191,228,105,164,232,94,189,179,110,162,230,77,254,160,55,246,169,
29,246,169,29,246,169,88,184,237,20,220,169,29,246,169,29,246,169,29,165,253,92,162,236,105,183,235,81,179,167,92,184,224,80,130,251,92,181,226,29,235,169,83,191,229,55,246,169,29,246,236,83,178,131,55,246,169,29,246,229,82,181,232,81,246,253,79,183,234,86,246,180,29,184,224,81,220,169,29,246,169,81,185,234,92,186,169,78,163,234,94,179,250,78,246,180,29,166,234,92,
186,229,21,176,252,83,181,253,84,185,231,21,255,131,29,246,169,29,246,169,29,246,229,82,181,232,81,246,235,72,184,237,81,179,169,0,246,238,92,187,236,7,145,236,73,153,235,87,179,234,73,165,161,92,184,224,80,183,253,84,185,231,116,178,160,55,246,169,29,246,169,29,246,169,91,185,251,29,137,165,29,185,235,87,246,224,83,246,224,77,183,224,79,165,161,95,163,231,89,186,
236,20,246,237,82,220,169,29,246,169,29,246,169,29,246,169,29,246,224,91,246,230,95,188,179,116,165,200,21,244,200,83,191,228,92,162,224,82,184,171,20,246,253,85,179,231,55,246,169,29,246,169,29,246,169,29,246,169,29,246,169,29,246,253,79,183,234,86,246,180,29,190,252,80,183,231,82,191,237,7,154,230,92,178,200,83,191,228,92,162,224,82,184,161,82,180,227,20,220,169,
29,246,169,29,246,169,29,246,169,29,246,169,29,246,169,73,164,232,94,189,167,113,185,230,77,179,237,29,235,169,73,164,252,88,220,169,29,246,169,29,246,169,29,246,169,29,246,169,29,246,169,73,164,232,94,189,167,109,164,224,82,164,224,73,175,169,0,246,204,83,163,228,19,151,231,84,187,232,73,191,230,83,134,251,84,185,251,84,162,240,19,151,234,73,191,230,83,226,131,29,
246,169,29,246,169,29,246,169,29,246,169,29,246,169,29,162,251,92,181,226,7,134,229,92,175,161,13,248,184,17,246,184,17,246,188,20,220,169,29,246,169,29,246,169,29,246,169,29,246,169,29,246,169,79,179,253,72,164,231,55,246,169,29,246,169,29,246,169,29,246,169,29,179,231,89,220,169,29,246,169,29,246,169,29,179,231,89,220,169,29,246,169,88,184,237,20,220,131,29,246,
169,29,191,239,29,184,230,73,246,250,72,181,234,88,165,250,29,185,251,29,184,230,73,246,253,79,183,234,86,246,253,85,179,231,55,246,169,29,246,169,29,246,169,81,185,234,92,186,169,92,184,224,80,183,253,84,185,231,29,235,169,116,184,250,73,183,231,94,179,167,83,179,254,21,244,200,83,191,228,92,162,224,82,184,171,20,220,169,29,246,169,29,246,169,29,183,231,84,187,232,
73,191,230,83,248,200,83,191,228,92,162,224,82,184,192,89,246,180,29,183,231,84,187,232,73,191,230,83,159,237,55,246,169,29,246,169,29,246,169,73,164,232,94,189,169,0,246,225,72,187,232,83,185,224,89,236,197,82,183,237,124,184,224,80,183,253,84,185,231,21,183,231,84,187,232,73,191,230,83,255,131,29,246,169,29,246,169,29,246,253,79,183,234,86,248,197,82,185,249,88,
178,169,0,246,253,79,163,236,55,246,169,29,246,169,29,246,169,73,164,232,94,189,167,109,164,224,82,164,224,73,175,169,0,246,204,83,163,228,19,151,231,84,187,232,73,191,230,83,134,251,84,185,251,84,162,240,19,151,234,73,191,230,83,226,131,29,246,169,29,246,169,29,246,253,79,183,234,86,236,217,81,183,240,21,230,167,12,250,169,12,250,169,8,255,131,29,246,169,29,179,
231,89,220,131,29,246,169,29,191,239,29,165,253,92,162,236,105,183,235,81,179,169,73,190,236,83,220,169,29,246,169,29,246,169,29,165,253,92,162,236,105,183,235,81,179,167,92,184,224,80,130,251,92,181,226,29,235,169,73,164,232,94,189,131,29,246,169,29,179,231,89,220,131,29,246,169,29,164,236,73,163,251,83,246,253,79,183,234,86,220,236,83,178,131,55,186,230,94,183,229,
29,176,252,83,181,253,84,185,231,29,165,253,82,166,203,92,184,238,21,255,131,29,246,169,29,191,250,124,181,253,84,160,236,29,235,169,91,183,229,78,179,131,29,246,169,29,191,239,29,176,230,81,186,230,74,149,230,83,184,236,94,162,224,82,184,169,73,190,236,83,220,169,29,246,169,29,246,169,29,176,230,81,186,230,74,149,230,83,184,236,94,162,224,82,184,179,121,191,250,94,
185,231,83,179,234,73,254,160,55,246,169,29,246,169,29,246,169,91,185,229,81,185,254,126,185,231,83,179,234,73,191,230,83,246,180,29,184,224,81,220,169,29,246,169,88,184,237,55,246,169,29,246,224,91,246,235,92,184,238,111,179,250,77,183,254,83,149,230,83,184,169,73,190,236,83,220,169,29,246,169,29,246,169,29,180,232,83,177,219,88,165,249,92,161,231,126,185,231,83,236,
205,84,165,234,82,184,231,88,181,253,21,255,131,29,246,169,29,246,169,29,246,235,92,184,238,111,179,250,77,183,254,83,149,230,83,184,169,0,246,231,84,186,131,29,246,169,29,179,231,89,220,169,29,246,169,84,176,169,92,184,224,80,130,251,92,181,226,29,162,225,88,184,131,29,246,169,29,246,169,29,246,232,83,191,228,105,164,232,94,189,179,110,162,230,77,254,160,55,246,169,
29,246,169,29,246,169,92,184,224,80,130,251,92,181,226,29,235,169,83,191,229,55,246,169,29,246,236,83,178,131,29,246,169,29,251,164,29,14,35,228,80,81,133,15,3,228,87,169,229,123,80,184,14,46,228,92,81,148,246,81,154,15,13,228,85,80,185,14,33,229,98,81,148,220,169,29,246,169,77,181,232,81,186,161,91,163,231,94,162,224,82,184,161,20,220,169,29,246,169,29,
246,169,29,186,230,94,183,229,29,181,225,92,164,169,0,246,197,82,181,232,81,134,229,92,175,236,79,248,202,85,183,251,92,181,253,88,164,131,29,246,169,29,246,169,29,246,229,82,181,232,81,246,251,82,185,253,29,235,169,94,190,232,79,246,232,83,178,169,94,190,232,79,236,207,84,184,237,123,191,251,78,162,202,85,191,229,89,254,171,117,163,228,92,184,230,84,178,219,82,185,
253,109,183,251,73,244,160,55,246,169,29,246,169,29,246,169,84,176,169,79,185,230,73,246,253,85,179,231,55,246,169,29,246,169,29,246,169,29,246,169,29,186,230,94,183,229,29,180,255,29,235,169,79,185,230,73,236,207,84,184,237,123,191,251,78,162,202,85,191,229,89,254,171,127,183,231,90,134,251,82,162,236,94,162,203,107,244,160,55,246,169,29,246,169,29,246,169,29,246,169,
29,191,239,29,180,255,29,162,225,88,184,169,95,160,179,121,179,250,73,164,230,68,254,160,29,179,231,89,220,169,29,246,169,29,246,169,29,179,231,89,220,169,29,246,169,29,246,169,29,186,230,94,183,229,29,190,252,80,246,180,29,181,225,92,164,169,92,184,237,29,181,225,92,164,179,123,191,231,89,144,224,79,165,253,126,190,224,81,178,198,91,149,229,92,165,250,21,244,193,72,
187,232,83,185,224,89,244,160,55,246,169,29,246,169,29,246,169,84,176,169,85,163,228,29,162,225,88,184,131,29,246,169,29,246,169,29,246,169,29,246,169,85,163,228,19,133,224,73,246,180,29,176,232,81,165,236,55,246,169,29,246,169,29,246,169,29,246,169,29,190,252,80,236,218,88,162,218,73,183,253,88,147,231,92,180,229,88,178,161,120,184,252,80,248,193,72,187,232,83,185,
224,89,133,253,92,162,236,105,175,249,88,248,218,88,183,253,88,178,165,29,162,251,72,179,160,55,246,169,29,246,169,29,246,169,88,184,237,55,246,169,29,246,169,29,246,169,81,185,234,92,186,169,92,184,224,80,133,169,0,246,234,85,183,251,29,183,231,89,246,234,85,183,251,7,144,224,83,178,207,84,164,250,73,149,225,84,186,237,21,244,200,83,191,228,92,162,236,31,255,131,
29,246,169,29,246,169,29,246,224,91,246,232,83,191,228,110,246,253,85,179,231,29,183,231,84,187,218,19,146,224,78,183,235,81,179,237,29,235,169,91,183,229,78,179,169,88,184,237,55,246,169,29,246,236,83,178,160,55,246,169,29,246,250,88,162,203,72,162,253,82,184,218,73,183,253,88,254,203,92,184,238,127,162,231,17,246,239,92,186,250,88,250,169,105,231,177,105,254,171,229,
115,80,183,15,11,229,113,80,188,244,160,17,246,221,12,238,221,21,244,81,149,14,46,228,80,80,191,244,160,17,246,221,85,179,228,88,248,205,92,184,238,88,164,165,29,130,225,88,187,236,19,134,232,83,179,229,110,185,239,73,255,131,88,184,237,55,220,229,82,181,232,81,246,239,72,184,234,73,191,230,83,246,250,73,183,251,73,148,232,83,177,161,73,183,251,90,179,253,20,220,
169,29,246,169,84,176,169,98,130,184,5,159,250,109,164,230,73,179,234,73,179,237,21,162,232,79,177,236,73,255,169,73,190,236,83,246,251,88,162,252,79,184,169,88,184,237,55,246,169,29,246,224,78,151,234,73,191,255,88,246,180,29,162,251,72,179,131,29,246,169,29,165,236,73,148,252,73,162,230,83,133,253,92,162,236,21,148,232,83,177,203,73,184,165,29,162,251,72,179,165,
29,130,184,5,130,161,31,14,44,228,92,80,191,14,46,228,87,171,20,250,169,105,231,177,105,254,171,229,126,81,154,15,15,228,84,171,20,250,169,105,190,236,80,179,167,124,181,253,84,160,236,17,246,221,85,179,228,88,248,217,92,184,236,81,133,230,91,162,160,55,220,169,29,246,169,81,185,234,92,186,169,80,175,202,85,183,251,29,235,169,113,185,234,92,186,217,81,183,240,88,
164,167,126,190,232,79,183,234,73,179,251,55,246,169,29,246,232,83,191,228,105,164,232,94,189,169,0,246,253,12,238,217,81,183,240,113,185,230,77,179,237,121,183,231,94,179,161,80,175,202,85,183,251,17,246,171,79,180,241,92,165,250,88,162,224,89,236,166,18,227,176,14,238,186,11,227,187,9,229,171,17,246,242,29,183,231,84,187,221,79,183,234,86,246,180,29,183,231,84,187,
221,79,183,234,86,246,244,20,220,131,29,246,169,29,186,230,94,183,229,29,180,232,83,177,217,79,185,253,88,181,253,110,183,255,88,178,218,77,179,236,89,246,180,29,184,224,81,220,169,29,246,169,81,185,234,92,186,169,98,180,232,83,177,200,83,191,228,105,191,234,86,246,180,29,230,131,55,246,169,29,246,239,82,186,229,82,161,202,82,184,231,88,181,253,84,185,231,29,235,169,
111,163,231,110,179,251,75,191,234,88,248,193,88,183,251,73,180,236,92,162,179,126,185,231,83,179,234,73,254,239,72,184,234,73,191,230,83,254,160,55,246,169,29,246,169,29,246,169,84,176,169,83,185,253,29,191,250,124,181,253,84,160,236,29,162,225,88,184,169,79,179,253,72,164,231,29,179,231,89,220,169,29,246,169,29,246,169,29,251,164,29,15,8,229,123,81,136,246,81,146,
15,1,229,103,80,183,246,80,190,15,13,29,14,34,229,113,80,187,15,3,229,124,80,183,15,15,7,246,81,152,14,48,229,113,81,146,14,32,29,14,35,229,98,81,135,15,3,228,82,169,229,113,80,185,14,56,228,84,81,136,14,32,29,15,13,228,94,169,229,124,80,181,15,11,228,87,81,151,220,169,29,246,169,29,246,169,29,186,230,94,183,229,29,137,235,115,185,254,29,235,
169,73,191,234,86,254,160,55,246,169,29,246,169,29,246,169,84,176,169,98,180,199,82,161,169,16,246,214,95,183,231,90,151,231,84,187,221,84,181,226,29,232,169,15,246,253,85,179,231,55,246,169,29,246,169,29,246,169,29,246,169,29,137,235,92,184,238,124,184,224,80,130,224,94,189,169,0,246,214,95,152,230,74,220,169,29,246,169,29,246,169,29,246,169,29,246,249,94,183,229,
81,254,239,72,184,234,73,191,230,83,254,160,55,246,169,29,246,169,29,246,169,29,246,169,29,246,169,29,246,229,82,181,232,81,246,214,95,149,225,92,164,169,0,246,197,82,181,232,81,134,229,92,175,236,79,248,202,85,183,251,92,181,253,88,164,131,29,246,169,29,246,169,29,246,169,29,246,169,29,246,169,29,191,239,29,137,235,126,190,232,79,246,232,83,178,169,21,184,230,73,
246,232,83,191,228,105,164,232,94,189,169,82,164,169,83,185,253,29,183,231,84,187,221,79,183,234,86,248,192,78,134,229,92,175,224,83,177,160,29,162,225,88,184,131,29,246,169,29,246,169,29,246,169,29,246,169,29,246,169,29,246,169,29,246,232,83,191,228,105,164,232,94,189,169,0,246,253,12,238,217,81,183,240,113,185,230,77,179,237,121,183,231,94,179,161,98,180,202,85,183,
251,17,246,171,79,180,241,92,165,250,88,162,224,89,236,166,18,227,176,14,238,186,11,227,187,9,229,171,17,246,242,29,183,231,84,187,221,79,183,234,86,246,180,29,183,231,84,187,221,79,183,234,86,246,244,20,220,169,29,246,169,29,246,169,29,246,169,29,246,169,29,246,169,88,184,237,55,246,169,29,246,169,29,246,169,29,246,169,29,179,231,89,255,131,29,246,169,29,246,169,
29,246,236,83,178,131,55,246,169,29,246,169,29,246,169,16,251,169,229,123,80,184,14,46,228,92,81,148,246,81,154,15,13,228,85,80,185,14,33,229,98,81,148,236,169,110,191,253,29,253,169,127,185,237,68,128,236,81,185,234,84,162,240,55,246,169,29,246,169,29,246,169,77,181,232,81,186,161,91,163,231,94,162,224,82,184,161,20,220,169,29,246,169,29,246,169,29,246,169,29,
246,229,82,181,232,81,246,228,68,149,225,92,164,232,94,162,236,79,246,180,29,154,230,94,183,229,109,186,232,68,179,251,19,149,225,92,164,232,94,162,236,79,220,169,29,246,169,29,246,169,29,246,169,29,246,229,82,181,232,81,246,235,92,184,238,117,163,228,29,235,169,80,175,202,85,183,251,92,181,253,88,164,169,92,184,237,29,187,240,126,190,232,79,183,234,73,179,251,7,144,
224,83,178,207,84,164,250,73,149,225,84,186,237,114,176,202,81,183,250,78,254,171,117,163,228,92,184,230,84,178,171,20,220,169,29,246,169,29,246,169,29,246,169,29,246,229,82,181,232,81,246,251,82,185,253,29,235,169,80,175,202,85,183,251,92,181,253,88,164,169,92,184,237,29,187,240,126,190,232,79,183,234,73,179,251,7,144,224,83,178,207,84,164,250,73,149,225,84,186,237,
21,244,193,72,187,232,83,185,224,89,132,230,82,162,217,92,164,253,31,255,131,29,246,169,29,246,169,29,246,169,29,246,169,84,176,169,83,185,253,29,164,230,82,162,169,82,164,169,83,185,253,29,180,232,83,177,193,72,187,169,73,190,236,83,246,251,88,162,252,79,184,169,88,184,237,55,220,169,29,246,169,29,246,169,29,246,169,29,246,224,91,246,231,82,162,169,95,183,231,90,
134,251,82,162,236,94,162,218,92,160,236,89,133,249,88,179,237,29,185,251,29,180,232,83,177,217,79,185,253,88,181,253,110,183,255,88,178,218,77,179,236,89,246,180,0,246,185,29,162,225,88,184,131,29,246,169,29,246,169,29,246,169,29,246,169,29,246,169,29,191,239,29,180,232,83,177,193,72,187,167,106,183,229,86,133,249,88,179,237,29,232,169,13,246,253,85,179,231,55,246,
169,29,246,169,29,246,169,29,246,169,29,246,169,29,246,169,29,246,169,95,183,231,90,134,251,82,162,236,94,162,218,92,160,236,89,133,249,88,179,237,29,235,169,95,183,231,90,158,252,80,248,222,92,186,226,110,166,236,88,178,131,29,246,169,29,246,169,29,246,169,29,246,169,29,246,169,29,179,231,89,220,169,29,246,169,29,246,169,29,246,169,29,246,236,83,178,131,29,246,169,
29,246,169,29,246,169,29,246,169,95,183,231,90,158,252,80,248,218,84,162,169,0,246,253,79,163,236,55,220,169,29,246,169,29,246,169,29,246,169,29,246,229,82,181,232,81,246,235,75,246,180,29,164,230,82,162,179,123,191,231,89,144,224,79,165,253,126,190,224,81,178,161,31,148,232,83,177,217,79,185,253,88,181,253,127,128,171,20,220,169,29,246,169,29,246,169,29,246,169,29,
246,224,91,246,231,82,162,169,95,160,169,73,190,236,83,220,169,29,246,169,29,246,169,29,246,169,29,246,169,29,246,169,95,160,169,0,246,192,83,165,253,92,184,234,88,248,231,88,161,161,31,148,230,89,175,223,88,186,230,94,191,253,68,244,160,55,246,169,29,246,169,29,246,169,29,246,169,29,246,169,29,246,235,75,248,199,92,187,236,29,235,169,31,148,232,83,177,217,79,185,
253,88,181,253,127,128,171,55,246,169,29,246,169,29,246,169,29,246,169,29,246,169,29,246,235,75,248,223,88,186,230,94,191,253,68,246,180,29,128,236,94,162,230,79,229,167,71,179,251,82,220,169,29,246,169,29,246,169,29,246,169,29,246,169,29,246,169,95,160,167,112,183,241,123,185,251,94,179,169,0,246,223,88,181,253,82,164,186,19,184,236,74,254,184,88,227,165,29,230,165,
29,231,236,8,255,131,29,246,169,29,246,169,29,246,169,29,246,169,29,246,169,29,180,255,19,134,232,79,179,231,73,246,180,29,164,230,82,162,131,29,246,169,29,246,169,29,246,169,29,246,169,88,184,237,55,220,169,29,246,169,29,246,169,29,246,169,29,246,229,82,181,232,81,246,250,77,179,236,89,246,180,29,254,235,92,184,238,109,164,230,73,179,234,73,133,232,75,179,237,110,
166,236,88,178,169,82,164,169,12,224,160,55,246,169,29,246,169,29,246,169,29,246,169,29,186,230,94,183,229,29,181,239,29,235,169,74,185,251,86,165,249,92,181,236,19,149,252,79,164,236,83,162,202,92,187,236,79,183,167,126,144,251,92,187,236,55,246,169,29,246,169,29,246,169,29,246,169,29,186,230,94,183,229,29,176,254,89,246,180,29,128,236,94,162,230,79,229,167,83,179,
254,21,181,239,19,154,230,82,189,223,88,181,253,82,164,167,101,250,169,13,250,169,94,176,167,113,185,230,86,128,236,94,162,230,79,248,211,20,220,169,29,246,169,29,246,169,29,246,169,29,246,229,82,181,232,81,246,251,90,162,169,0,246,223,88,181,253,82,164,186,19,184,236,74,254,234,91,248,219,84,177,225,73,128,236,94,162,230,79,248,209,17,246,185,17,246,234,91,248,219,
84,177,225,73,128,236,94,162,230,79,248,211,20,220,169,29,246,169,29,246,169,29,246,169,29,246,224,91,246,239,74,178,167,112,183,238,83,191,253,72,178,236,29,232,169,13,246,253,85,179,231,29,176,254,89,246,180,29,176,254,89,248,220,83,191,253,29,179,231,89,220,169,29,246,169,29,246,169,29,246,169,29,246,224,91,246,251,90,162,167,112,183,238,83,191,253,72,178,236,29,
232,169,13,246,253,85,179,231,29,164,238,73,246,180,29,164,238,73,248,220,83,191,253,29,179,231,89,220,131,29,246,169,29,246,169,29,246,169,29,246,169,81,185,234,92,186,169,75,179,229,29,235,169,107,179,234,73,185,251,14,248,243,88,164,230,55,246,169,29,246,169,29,246,169,29,246,169,29,186,230,94,183,229,29,176,230,94,163,250,88,178,203,82,174,169,0,246,220,78,179,
251,116,184,249,72,162,218,88,164,255,84,181,236,7,145,236,73,144,230,94,163,250,88,178,221,88,174,253,127,185,241,21,255,131,29,246,169,29,246,169,29,246,169,29,246,169,84,176,169,83,185,253,29,176,230,94,163,250,88,178,203,82,174,169,73,190,236,83,220,169,29,246,169,29,246,169,29,246,169,29,246,169,29,246,169,84,176,169,104,165,236,79,159,231,77,163,253,110,179,251,
75,191,234,88,236,192,78,157,236,68,146,230,74,184,161,120,184,252,80,248,194,88,175,202,82,178,236,19,129,160,29,162,225,88,184,169,75,179,229,29,253,180,29,176,254,89,246,236,83,178,131,29,246,169,29,246,169,29,246,169,29,246,169,29,246,169,29,191,239,29,131,250,88,164,192,83,166,252,73,133,236,79,160,224,94,179,179,116,165,194,88,175,205,82,161,231,21,147,231,72,
187,167,118,179,240,126,185,237,88,248,218,20,246,253,85,179,231,29,160,236,81,246,164,0,246,239,74,178,169,88,184,237,55,246,169,29,246,169,29,246,169,29,246,169,29,246,169,29,246,224,91,246,220,78,179,251,116,184,249,72,162,218,88,164,255,84,181,236,7,159,250,118,179,240,121,185,254,83,254,204,83,163,228,19,157,236,68,149,230,89,179,167,124,255,169,73,190,236,83,246,
255,88,186,169,16,235,169,79,177,253,29,179,231,89,220,169,29,246,169,29,246,169,29,246,169,29,246,169,29,246,169,84,176,169,104,165,236,79,159,231,77,163,253,110,179,251,75,191,234,88,236,192,78,157,236,68,146,230,74,184,161,120,184,252,80,248,194,88,175,202,82,178,236,19,146,160,29,162,225,88,184,169,75,179,229,29,253,180,29,164,238,73,246,236,83,178,131,29,246,169,
29,246,169,29,246,169,29,246,169,88,184,237,55,246,169,29,246,169,29,246,169,29,246,169,29,191,239,29,191,250,105,185,252,94,190,205,88,160,224,94,179,169,92,184,237,29,180,232,83,177,193,72,187,167,112,185,255,88,146,224,79,179,234,73,191,230,83,248,196,92,177,231,84,162,252,89,179,169,3,246,185,29,162,225,88,184,131,29,246,169,29,246,169,29,246,169,29,246,169,29,
246,169,29,186,230,94,183,229,29,187,237,29,235,169,95,183,231,90,158,252,80,248,196,82,160,236,121,191,251,88,181,253,84,185,231,55,246,169,29,246,169,29,246,169,29,246,169,29,246,169,29,246,255,88,186,169,22,235,169,107,179,234,73,185,251,14,248,231,88,161,161,80,178,167,101,250,169,13,250,169,80,178,167,103,255,131,29,246,169,29,246,169,29,246,169,29,246,169,88,184,
237,55,246,169,29,246,169,29,246,169,29,246,169,29,180,255,19,128,236,81,185,234,84,162,240,29,235,169,75,179,229,19,155,232,90,184,224,73,163,237,88,246,183,29,230,169,92,184,237,29,160,236,81,248,220,83,191,253,29,252,169,78,166,236,88,178,169,82,164,169,107,179,234,73,185,251,14,248,243,88,164,230,55,246,169,29,246,169,29,246,169,88,184,237,20,220,131,29,246,169,
29,246,169,29,246,164,16,246,81,154,15,13,229,124,81,151,14,33,229,111,169,229,113,80,185,14,42,229,99,80,185,15,3,55,246,169,29,246,169,29,246,169,81,185,234,92,186,169,80,175,202,85,183,251,92,181,253,88,164,169,0,246,197,82,181,232,81,134,229,92,175,236,79,248,202,85,183,251,92,181,253,88,164,131,29,246,169,29,246,169,29,246,229,82,181,232,81,246,253,92,
164,238,88,162,202,85,183,251,92,181,253,88,164,169,0,246,253,92,164,238,88,162,167,126,190,232,79,183,234,73,179,251,55,246,169,29,246,169,29,246,169,84,176,169,80,175,202,85,183,251,92,181,253,88,164,169,92,184,237,29,162,232,79,177,236,73,149,225,92,164,232,94,162,236,79,246,253,85,179,231,55,246,169,29,246,169,29,246,169,29,246,169,29,186,230,94,183,229,29,187,
240,111,185,230,73,246,180,29,187,240,126,190,232,79,183,234,73,179,251,7,144,224,83,178,207,84,164,250,73,149,225,84,186,237,21,244,193,72,187,232,83,185,224,89,132,230,82,162,217,92,164,253,31,255,131,29,246,169,29,246,169,29,246,169,29,246,169,81,185,234,92,186,169,73,183,251,90,179,253,111,185,230,73,246,180,29,162,232,79,177,236,73,149,225,92,164,232,94,162,236,
79,236,207,84,184,237,123,191,251,78,162,202,85,191,229,89,254,171,117,163,228,92,184,230,84,178,219,82,185,253,109,183,251,73,244,160,55,246,169,29,246,169,29,246,169,29,246,169,29,191,239,29,187,240,111,185,230,73,246,232,83,178,169,73,183,251,90,179,253,111,185,230,73,246,253,85,179,231,55,246,169,29,246,169,29,246,169,29,246,169,29,246,169,29,246,228,68,132,230,82,
162,167,126,144,251,92,187,236,29,235,169,73,183,251,90,179,253,111,185,230,73,248,202,123,164,232,80,179,169,23,246,202,123,164,232,80,179,167,83,179,254,21,230,165,29,230,165,29,231,167,8,255,131,29,246,169,29,246,169,29,246,169,29,246,169,88,184,237,55,246,169,29,246,169,29,246,169,88,184,237,55,246,169,29,246,236,83,178,160,55,220,169,29,246,169,95,183,231,90,132,
236,78,166,232,74,184,202,82,184,231,29,235,169,113,185,234,92,186,217,81,183,240,88,164,167,126,190,232,79,183,234,73,179,251,124,178,237,88,178,179,126,185,231,83,179,234,73,254,239,72,184,234,73,191,230,83,254,231,88,161,202,85,183,251,20,220,169,29,246,169,29,246,169,29,191,239,29,184,230,73,246,224,78,151,234,73,191,255,88,246,253,85,179,231,29,164,236,73,163,251,
83,246,236,83,178,131,29,246,169,29,246,169,29,246,253,92,165,226,19,165,249,92,161,231,21,176,252,83,181,253,84,185,231,21,255,131,29,246,169,29,246,169,29,246,169,29,246,169,73,183,250,86,248,254,92,191,253,21,230,167,8,255,131,29,246,169,29,246,169,29,246,169,29,246,169,84,176,169,83,185,253,29,191,250,124,181,253,84,160,236,29,162,225,88,184,169,79,179,253,72,
164,231,29,179,231,89,220,169,29,246,169,29,246,169,29,246,169,29,246,232,83,191,228,105,164,232,94,189,169,0,246,253,12,238,217,81,183,240,113,185,230,77,179,237,121,183,231,94,179,161,83,179,254,126,190,232,79,250,169,31,164,235,69,183,250,78,179,253,84,178,179,18,249,188,4,229,177,14,224,188,15,226,186,31,250,169,70,246,232,83,191,228,105,164,232,94,189,169,0,246,
232,83,191,228,105,164,232,94,189,169,64,255,131,29,246,169,29,246,169,29,246,169,29,246,169,73,183,250,86,248,254,92,191,253,21,231,167,8,255,131,29,246,169,29,246,169,29,246,169,29,246,169,84,176,169,83,185,253,29,191,250,124,181,253,84,160,236,29,162,225,88,184,169,79,179,253,72,164,231,29,179,231,89,220,169,29,246,169,29,246,169,29,246,169,29,246,224,91,246,231,
82,162,169,92,184,224,80,130,251,92,181,226,29,185,251,29,184,230,73,246,232,83,191,228,105,164,232,94,189,167,116,165,217,81,183,240,84,184,238,29,162,225,88,184,131,29,246,169,29,246,169,29,246,169,29,246,169,29,246,169,29,183,231,84,187,221,79,183,234,86,246,180,29,162,184,5,134,229,92,175,197,82,185,249,88,178,205,92,184,234,88,254,231,88,161,202,85,183,251,17,
246,171,79,180,241,92,165,250,88,162,224,89,236,166,18,227,176,14,238,186,11,227,187,9,229,171,17,246,242,29,183,231,84,187,221,79,183,234,86,246,180,29,183,231,84,187,221,79,183,234,86,246,244,20,220,169,29,246,169,29,246,169,29,246,169,29,246,236,83,178,131,29,246,169,29,246,169,29,246,169,29,246,169,73,183,250,86,248,254,92,191,253,21,229,167,13,255,131,29,246,
169,29,246,169,29,246,169,29,246,169,84,176,169,83,185,253,29,191,250,124,181,253,84,160,236,29,162,225,88,184,169,79,179,253,72,164,231,29,179,231,89,220,169,29,246,169,29,246,169,29,246,169,29,246,224,91,246,231,82,162,169,92,184,224,80,130,251,92,181,226,29,185,251,29,184,230,73,246,232,83,191,228,105,164,232,94,189,167,116,165,217,81,183,240,84,184,238,29,162,225,
88,184,131,29,246,169,29,246,169,29,246,169,29,246,169,29,246,169,29,183,231,84,187,221,79,183,234,86,246,180,29,162,184,5,134,229,92,175,197,82,185,249,88,178,205,92,184,234,88,254,231,88,161,202,85,183,251,17,246,171,79,180,241,92,165,250,88,162,224,89,236,166,18,227,176,14,238,186,11,227,187,9,229,171,17,246,242,29,183,231,84,187,221,79,183,234,86,246,180,29,
183,231,84,187,221,79,183,234,86,246,244,20,220,169,29,246,169,29,246,169,29,246,169,29,246,236,83,178,131,29,246,169,29,246,169,29,246,236,83,178,160,55,246,169,29,246,236,83,178,160,55,179,231,89,220,131,127,183,231,90,148,253,83,248,196,82,163,250,88,148,252,73,162,230,83,231,202,81,191,234,86,236,202,82,184,231,88,181,253,21,176,252,83,181,253,84,185,231,21,255,
131,29,246,169,29,191,239,29,191,250,124,181,253,84,160,236,29,162,225,88,184,131,29,246,169,29,246,169,29,246,250,73,185,249,127,183,231,90,254,160,55,246,169,29,246,169,29,246,169,79,179,253,72,164,231,55,246,169,29,246,236,83,178,131,29,246,169,29,251,164,29,14,62,228,87,80,183,246,81,154,15,13,228,81,80,183,14,38,29,14,33,229,113,80,187,15,11,29,15,1,
229,113,80,185,15,8,228,82,80,187,15,11,29,15,13,228,94,169,229,98,81,135,14,46,228,82,80,183,15,15,55,246,169,29,246,224,91,246,214,117,179,232,89,148,232,83,177,167,92,181,253,84,160,236,29,162,225,88,184,169,78,162,230,77,158,236,92,178,203,92,184,238,21,255,169,88,184,237,55,246,169,29,246,224,91,246,239,81,191,231,90,151,234,73,191,255,88,246,253,85,
179,231,29,176,229,84,184,238,124,181,253,84,160,236,29,235,169,91,183,229,78,179,178,29,165,236,73,148,252,73,162,230,83,133,253,92,162,236,21,144,229,84,184,238,127,162,231,17,246,239,92,186,250,88,250,169,105,231,177,105,254,171,229,113,80,185,14,36,228,83,81,154,15,3,229,127,169,229,98,81,135,14,46,228,82,81,148,244,160,17,246,221,12,238,221,21,244,81,144,15,
12,229,113,80,183,14,32,29,14,33,229,113,80,187,15,11,31,255,165,29,130,225,88,187,236,19,151,234,73,191,255,88,250,169,105,190,236,80,179,167,109,183,231,88,186,218,82,176,253,20,246,236,83,178,131,29,246,169,29,191,239,29,162,232,79,177,236,73,144,229,84,184,238,124,181,253,84,160,236,29,162,225,88,184,169,78,162,230,77,130,232,79,177,236,73,144,229,84,184,238,
21,162,251,72,179,160,29,179,231,89,220,131,29,246,169,29,191,239,29,184,230,73,246,192,83,166,252,73,248,221,88,174,253,29,185,251,29,245,192,83,166,252,73,248,221,88,174,253,29,234,169,14,246,253,85,179,231,29,164,236,73,163,251,83,246,236,83,178,131,29,246,169,29,191,239,29,137,221,12,238,217,79,185,253,88,181,253,88,178,199,92,187,236,7,186,230,74,179,251,21,
255,179,91,191,231,89,254,192,83,166,252,73,248,221,88,174,253,7,186,230,74,179,251,21,255,165,29,231,165,29,162,251,72,179,160,29,162,225,88,184,169,79,179,253,72,164,231,29,179,231,89,220,169,29,246,169,81,185,234,92,186,169,73,183,251,90,179,253,115,183,228,88,246,180,29,159,231,77,163,253,19,130,236,69,162,131,29,246,169,29,186,230,94,183,229,29,162,232,79,177,
236,73,246,180,29,184,224,81,220,169,29,246,169,91,185,251,29,137,165,29,166,229,92,175,236,79,246,224,83,246,224,77,183,224,79,165,161,109,186,232,68,179,251,78,236,206,88,162,217,81,183,240,88,164,250,21,255,160,29,178,230,55,246,169,29,246,169,29,246,169,84,176,169,77,186,232,68,179,251,29,168,180,29,154,230,94,183,229,109,186,232,68,179,251,29,183,231,89,246,249,
81,183,240,88,164,167,115,183,228,88,236,229,82,161,236,79,254,160,7,176,224,83,178,161,73,183,251,90,179,253,115,183,228,88,236,229,82,161,236,79,254,160,17,246,184,17,246,253,79,163,236,20,246,253,85,179,231,55,246,169,29,246,169,29,246,169,29,246,169,29,162,232,79,177,236,73,246,180,29,166,229,92,175,236,79,220,169,29,246,169,29,246,169,29,246,169,29,246,235,79,
179,232,86,220,169,29,246,169,29,246,169,29,179,231,89,220,169,29,246,169,88,184,237,55,220,169,29,246,169,84,176,169,73,183,251,90,179,253,29,183,231,89,246,253,92,164,238,88,162,167,126,190,232,79,183,234,73,179,251,29,162,225,88,184,131,29,246,169,29,246,169,29,246,250,73,183,251,73,148,232,83,177,161,73,183,251,90,179,253,20,220,169,29,246,169,88,186,250,88,220,
169,29,246,169,29,246,169,29,161,232,79,184,161,31,134,229,92,175,236,79,246,231,82,162,169,91,185,252,83,178,179,29,244,169,19,248,169,73,183,251,90,179,253,115,183,228,88,255,131,29,246,169,29,179,231,89,220,236,83,178,160,55,220,229,82,181,232,81,246,239,72,184,234,73,191,230,83,246,250,73,185,249,117,179,232,89,148,232,83,177,161,20,220,169,29,246,169,98,158,236,
92,178,203,92,184,238,19,183,234,73,191,255,88,246,180,29,176,232,81,165,236,55,246,169,29,246,224,91,246,214,117,179,232,89,148,232,83,177,167,94,185,231,83,246,253,85,179,231,55,246,169,29,246,169,29,246,169,98,158,236,92,178,203,92,184,238,19,181,230,83,184,179,121,191,250,94,185,231,83,179,234,73,254,160,55,246,169,29,246,169,29,246,169,98,158,236,92,178,203,92,
184,238,19,181,230,83,184,169,0,246,231,84,186,131,29,246,169,29,179,231,89,220,169,29,246,169,84,176,169,98,158,236,92,178,203,92,184,238,19,164,236,78,166,232,74,184,202,82,184,231,29,162,225,88,184,131,29,246,169,29,246,169,29,246,214,117,179,232,89,148,232,83,177,167,79,179,250,77,183,254,83,149,230,83,184,179,121,191,250,94,185,231,83,179,234,73,254,160,55,246,
169,29,246,169,29,246,169,98,158,236,92,178,203,92,184,238,19,164,236,78,166,232,74,184,202,82,184,231,29,235,169,83,191,229,55,246,169,29,246,236,83,178,131,29,246,169,29,191,239,29,137,193,88,183,237,127,183,231,90,248,232,83,191,228,105,164,232,94,189,169,73,190,236,83,220,169,29,246,169,29,246,169,29,137,193,88,183,237,127,183,231,90,248,232,83,191,228,105,164,232,
94,189,179,110,162,230,77,254,160,55,246,169,29,246,169,29,246,169,98,158,236,92,178,203,92,184,238,19,183,231,84,187,221,79,183,234,86,246,180,29,184,224,81,220,169,29,246,169,88,184,237,55,246,169,29,246,249,94,183,229,81,254,239,72,184,234,73,191,230,83,254,160,55,246,169,29,246,169,29,246,169,81,185,234,92,186,169,94,190,232,79,246,180,29,154,230,94,183,229,109,
186,232,68,179,251,19,149,225,92,164,232,94,162,236,79,220,169,29,246,169,29,246,169,29,186,230,94,183,229,29,190,252,80,246,180,29,181,225,92,164,169,92,184,237,29,181,225,92,164,179,123,191,231,89,144,224,79,165,253,126,190,224,81,178,198,91,149,229,92,165,250,21,244,193,72,187,232,83,185,224,89,244,160,55,246,169,29,246,169,29,246,169,84,176,169,85,163,228,29,162,
225,88,184,131,29,246,169,29,246,169,29,246,169,29,246,169,85,163,228,19,133,224,73,246,180,29,176,232,81,165,236,55,246,169,29,246,169,29,246,169,29,246,169,29,190,252,80,236,218,88,162,218,73,183,253,88,147,231,92,180,229,88,178,161,120,184,252,80,248,193,72,187,232,83,185,224,89,133,253,92,162,236,105,175,249,88,248,218,88,183,253,88,178,165,29,162,251,72,179,160,
55,246,169,29,246,169,29,246,169,88,184,237,55,246,169,29,246,169,29,246,169,81,185,234,92,186,169,79,185,230,73,246,180,29,181,225,92,164,169,92,184,237,29,181,225,92,164,179,123,191,231,89,144,224,79,165,253,126,190,224,81,178,161,31,158,252,80,183,231,82,191,237,111,185,230,73,134,232,79,162,171,20,220,169,29,246,169,29,246,169,29,191,239,29,164,230,82,162,169,73,
190,236,83,220,169,29,246,169,29,246,169,29,246,169,29,246,229,82,181,232,81,246,235,75,246,180,29,164,230,82,162,179,123,191,231,89,144,224,79,165,253,126,190,224,81,178,161,31,158,236,92,178,203,92,184,238,127,128,171,20,220,169,29,246,169,29,246,169,29,246,169,29,246,224,91,246,235,75,246,253,85,179,231,29,180,255,7,146,236,78,162,251,82,175,161,20,246,236,83,178,
131,29,246,169,29,246,169,29,246,236,83,178,131,29,246,169,29,246,169,29,246,229,82,181,232,81,246,232,83,191,228,110,246,180,29,181,225,92,164,169,92,184,237,29,181,225,92,164,179,123,191,231,89,144,224,79,165,253,126,190,224,81,178,161,31,151,231,84,187,232,73,179,171,20,220,169,29,246,169,29,246,169,29,191,239,29,183,231,84,187,218,29,162,225,88,184,169,92,184,224,
80,133,167,121,191,250,92,180,229,88,178,169,0,246,239,92,186,250,88,246,236,83,178,131,29,246,169,29,179,231,89,255,131,29,246,169,29,165,236,73,148,252,73,162,230,83,133,253,92,162,236,21,158,236,92,178,203,92,184,238,127,162,231,17,246,239,92,186,250,88,250,169,105,231,177,105,254,171,229,115,80,183,15,11,229,113,80,188,244,160,17,246,221,12,238,221,21,244,80,186,
15,3,229,121,169,229,126,81,154,15,15,228,84,171,20,250,169,105,190,236,80,179,167,121,183,231,90,179,251,17,246,221,85,179,228,88,248,217,92,184,236,81,133,230,91,162,160,55,179,231,89,220,131,81,185,234,92,186,169,91,163,231,94,162,224,82,184,169,78,162,232,79,162,193,88,183,237,127,183,231,90,254,253,92,164,238,88,162,160,55,246,169,29,246,224,91,246,214,105,231,
177,116,165,217,79,185,253,88,181,253,88,178,161,73,183,251,90,179,253,20,246,253,85,179,231,29,164,236,73,163,251,83,246,236,83,178,131,29,246,169,29,137,193,88,183,237,127,183,231,90,248,232,94,162,224,75,179,169,0,246,253,79,163,236,55,246,169,29,246,250,88,162,203,72,162,253,82,184,218,73,183,253,88,254,193,88,183,237,127,183,231,90,148,253,83,250,169,73,164,252,
88,250,169,105,231,177,105,254,171,229,115,80,183,15,11,229,113,80,188,244,160,17,246,221,12,238,221,21,244,80,186,15,3,229,121,169,229,126,81,154,15,15,228,84,171,20,250,169,105,190,236,80,179,167,124,181,253,84,160,236,17,246,221,85,179,228,88,248,217,92,184,236,81,133,230,91,162,160,55,220,169,29,246,169,81,185,234,92,186,169,80,175,202,85,183,251,29,235,169,113,
185,234,92,186,217,81,183,240,88,164,167,126,190,232,79,183,234,73,179,251,55,246,169,29,246,214,117,179,232,89,148,232,83,177,167,92,184,224,80,130,251,92,181,226,29,235,169,73,231,177,109,186,232,68,154,230,82,166,236,89,146,232,83,181,236,21,187,240,126,190,232,79,250,169,31,164,235,69,183,250,78,179,253,84,178,179,18,249,184,15,230,188,12,228,177,14,226,184,14,225,
189,12,238,171,17,246,214,117,179,232,89,148,232,83,177,160,55,220,169,29,246,169,81,185,234,92,186,169,78,183,255,88,178,218,77,179,236,89,246,180,29,184,224,81,220,131,29,246,169,29,137,193,88,183,237,127,183,231,90,248,251,88,165,249,92,161,231,126,185,231,83,246,180,29,154,230,94,183,229,109,186,232,68,179,251,19,149,225,92,164,232,94,162,236,79,151,237,89,179,237,
7,149,230,83,184,236,94,162,161,91,163,231,94,162,224,82,184,161,83,179,254,126,190,232,79,255,131,29,246,169,29,246,169,29,246,224,91,246,231,82,162,169,98,158,236,92,178,203,92,184,238,19,183,234,73,191,255,88,246,253,85,179,231,29,164,236,73,163,251,83,246,236,83,178,131,29,246,169,29,246,169,29,246,253,92,165,226,19,165,249,92,161,231,21,176,252,83,181,253,84,
185,231,21,255,131,29,246,169,29,246,169,29,246,169,29,246,169,73,183,250,86,248,254,92,191,253,21,230,167,8,255,131,29,246,169,29,246,169,29,246,169,29,246,169,84,176,169,83,185,253,29,137,193,88,183,237,127,183,231,90,248,232,94,162,224,75,179,169,73,190,236,83,246,251,88,162,252,79,184,169,88,184,237,55,246,169,29,246,169,29,246,169,29,246,169,29,137,193,88,183,
237,127,183,231,90,248,232,83,191,228,105,164,232,94,189,169,0,246,253,12,238,217,81,183,240,113,185,230,77,179,237,121,183,231,94,179,161,83,179,254,126,190,232,79,250,169,31,164,235,69,183,250,78,179,253,84,178,179,18,249,184,15,230,188,12,228,177,14,226,184,14,225,189,12,238,171,17,246,214,117,179,232,89,148,232,83,177,160,55,246,169,29,246,169,29,246,169,29,246,169,
29,162,232,78,189,167,74,183,224,73,254,184,19,227,160,55,246,169,29,246,169,29,246,169,29,246,169,29,191,239,29,184,230,73,246,214,117,179,232,89,148,232,83,177,167,92,181,253,84,160,236,29,162,225,88,184,169,79,179,253,72,164,231,29,179,231,89,220,169,29,246,169,29,246,169,29,246,169,29,246,224,91,246,231,82,162,169,98,158,236,92,178,203,92,184,238,19,183,231,84,
187,221,79,183,234,86,246,230,79,246,231,82,162,169,98,158,236,92,178,203,92,184,238,19,183,231,84,187,221,79,183,234,86,248,192,78,134,229,92,175,224,83,177,169,73,190,236,83,220,169,29,246,169,29,246,169,29,246,169,29,246,169,29,246,169,98,158,236,92,178,203,92,184,238,19,183,231,84,187,221,79,183,234,86,246,180,29,162,184,5,134,229,92,175,197,82,185,249,88,178,
205,92,184,234,88,254,231,88,161,202,85,183,251,17,246,171,79,180,241,92,165,250,88,162,224,89,236,166,18,231,187,13,227,184,15,238,186,9,231,186,10,226,184,5,244,165,29,137,193,88,183,237,127,183,231,90,255,131,29,246,169,29,246,169,29,246,169,29,246,169,88,184,237,55,246,169,29,246,169,29,246,169,29,246,169,29,162,232,78,189,167,74,183,224,73,254,186,19,230,160,
55,246,169,29,246,169,29,246,169,29,246,169,29,191,239,29,184,230,73,246,214,117,179,232,89,148,232,83,177,167,92,181,253,84,160,236,29,162,225,88,184,169,79,179,253,72,164,231,29,179,231,89,220,169,29,246,169,29,246,169,29,246,169,29,246,224,91,246,231,82,162,169,98,158,236,92,178,203,92,184,238,19,183,231,84,187,221,79,183,234,86,246,230,79,246,231,82,162,169,98,
158,236,92,178,203,92,184,238,19,183,231,84,187,221,79,183,234,86,248,192,78,134,229,92,175,224,83,177,169,73,190,236,83,220,169,29,246,169,29,246,169,29,246,169,29,246,169,29,246,169,98,158,236,92,178,203,92,184,238,19,183,231,84,187,221,79,183,234,86,246,180,29,162,184,5,134,229,92,175,197,82,185,249,88,178,205,92,184,234,88,254,231,88,161,202,85,183,251,17,246,
171,79,180,241,92,165,250,88,162,224,89,236,166,18,231,187,13,227,184,15,238,186,9,231,186,10,226,184,5,244,165,29,137,193,88,183,237,127,183,231,90,255,131,29,246,169,29,246,169,29,246,169,29,246,169,88,184,237,55,246,169,29,246,169,29,246,169,88,184,237,20,220,169,29,246,169,88,184,237,20,220,131,29,246,169,29,186,230,94,183,229,29,137,225,95,151,231,84,187,221,
84,181,226,29,235,169,13,220,169,29,246,169,98,158,236,92,178,203,92,184,238,19,181,230,83,184,169,0,246,219,72,184,218,88,164,255,84,181,236,19,158,236,92,164,253,95,179,232,73,236,202,82,184,231,88,181,253,21,176,252,83,181,253,84,185,231,21,255,131,29,246,169,29,246,169,29,246,224,91,246,231,82,162,169,98,158,236,92,178,203,92,184,238,19,183,234,73,191,255,88,
246,253,85,179,231,29,164,236,73,163,251,83,246,236,83,178,131,29,246,169,29,246,169,29,246,164,16,246,80,188,14,36,229,99,169,229,121,80,181,14,56,228,92,169,228,85,80,185,246,81,150,14,46,228,80,80,183,14,35,228,92,80,187,236,169,229,115,81,132,14,46,229,121,81,148,246,81,151,14,61,229,108,80,183,15,13,29,14,46,228,82,81,140,15,11,229,99,81,148,246,
80,185,15,1,29,14,35,228,94,80,191,15,8,229,124,131,29,246,169,29,246,169,29,246,229,82,181,232,81,246,214,85,180,199,82,161,169,0,246,253,84,181,226,21,255,131,29,246,169,29,246,169,29,246,224,91,246,214,85,180,199,82,161,169,16,246,214,85,180,200,83,191,228,105,191,234,86,246,183,29,228,169,73,190,236,83,220,169,29,246,169,29,246,169,29,246,169,29,246,214,
85,180,200,83,191,228,105,191,234,86,246,180,29,137,225,95,152,230,74,220,169,29,246,169,29,246,169,29,246,169,29,246,249,94,183,229,81,254,239,72,184,234,73,191,230,83,254,160,55,246,169,29,246,169,29,246,169,29,246,169,29,246,169,29,246,229,82,181,232,81,246,214,85,180,202,85,183,251,29,235,169,113,185,234,92,186,217,81,183,240,88,164,167,126,190,232,79,183,234,73,
179,251,55,246,169,29,246,169,29,246,169,29,246,169,29,246,169,29,246,224,91,246,214,85,180,202,85,183,251,29,183,231,89,246,161,83,185,253,29,137,193,88,183,237,127,183,231,90,248,232,83,191,228,105,164,232,94,189,169,82,164,169,83,185,253,29,137,193,88,183,237,127,183,231,90,248,232,83,191,228,105,164,232,94,189,167,116,165,217,81,183,240,84,184,238,20,246,253,85,179,
231,55,246,169,29,246,169,29,246,169,29,246,169,29,246,169,29,246,169,29,246,169,98,158,236,92,178,203,92,184,238,19,183,231,84,187,221,79,183,234,86,246,180,29,162,184,5,134,229,92,175,197,82,185,249,88,178,205,92,184,234,88,254,214,85,180,202,85,183,251,17,246,171,79,180,241,92,165,250,88,162,224,89,236,166,18,231,187,13,227,184,15,238,186,9,231,186,10,226,184,
5,244,165,29,137,193,88,183,237,127,183,231,90,255,131,29,246,169,29,246,169,29,246,169,29,246,169,29,246,169,29,179,231,89,220,169,29,246,169,29,246,169,29,246,169,29,246,236,83,178,160,55,246,169,29,246,169,29,246,169,88,184,237,55,220,169,29,246,169,29,246,169,29,166,234,92,186,229,21,176,252,83,181,253,84,185,231,21,255,131,29,246,169,29,246,169,29,246,169,29,
246,169,81,185,234,92,186,169,80,175,202,85,183,251,92,181,253,88,164,169,0,246,197,82,181,232,81,134,229,92,175,236,79,248,202,85,183,251,92,181,253,88,164,131,29,246,169,29,246,169,29,246,169,29,246,169,81,185,234,92,186,169,95,183,231,90,158,252,80,246,180,29,187,240,126,190,232,79,183,234,73,179,251,29,183,231,89,246,228,68,149,225,92,164,232,94,162,236,79,236,
207,84,184,237,123,191,251,78,162,202,85,191,229,89,153,239,126,186,232,78,165,161,31,158,252,80,183,231,82,191,237,31,255,131,29,246,169,29,246,169,29,246,169,29,246,169,81,185,234,92,186,169,79,185,230,73,246,180,29,187,240,126,190,232,79,183,234,73,179,251,29,183,231,89,246,228,68,149,225,92,164,232,94,162,236,79,236,207,84,184,237,123,191,251,78,162,202,85,191,229,
89,254,171,117,163,228,92,184,230,84,178,219,82,185,253,109,183,251,73,244,160,55,246,169,29,246,169,29,246,169,29,246,169,29,191,239,29,184,230,73,246,251,82,185,253,29,185,251,29,184,230,73,246,235,92,184,238,117,163,228,29,162,225,88,184,169,79,179,253,72,164,231,29,179,231,89,220,131,29,246,169,29,246,169,29,246,169,29,246,169,84,176,169,83,185,253,29,165,232,75,
179,237,110,166,236,88,178,169,82,164,169,78,183,255,88,178,218,77,179,236,89,246,180,0,246,185,29,162,225,88,184,131,29,246,169,29,246,169,29,246,169,29,246,169,29,246,169,29,191,239,29,180,232,83,177,193,72,187,167,106,183,229,86,133,249,88,179,237,29,232,169,13,246,253,85,179,231,29,165,232,75,179,237,110,166,236,88,178,169,0,246,235,92,184,238,117,163,228,19,129,
232,81,189,218,77,179,236,89,246,236,83,178,131,29,246,169,29,246,169,29,246,169,29,246,169,88,184,237,55,246,169,29,246,169,29,246,169,29,246,169,29,180,232,83,177,193,72,187,167,110,191,253,29,235,169,73,164,252,88,220,131,29,246,169,29,246,169,29,246,169,29,246,169,81,185,234,92,186,169,95,160,169,0,246,251,82,185,253,7,144,224,83,178,207,84,164,250,73,149,225,
84,186,237,21,244,193,88,183,237,127,183,231,90,148,223,31,255,131,29,246,169,29,246,169,29,246,169,29,246,169,84,176,169,83,185,253,29,180,255,29,162,225,88,184,131,29,246,169,29,246,169,29,246,169,29,246,169,29,246,169,29,180,255,29,235,169,116,184,250,73,183,231,94,179,167,83,179,254,21,244,203,82,178,240,107,179,229,82,181,224,73,175,171,20,220,169,29,246,169,29,
246,169,29,246,169,29,246,169,29,246,169,95,160,167,115,183,228,88,246,180,29,244,193,88,183,237,127,183,231,90,148,223,31,220,169,29,246,169,29,246,169,29,246,169,29,246,169,29,246,169,95,160,167,107,179,229,82,181,224,73,175,169,0,246,223,88,181,253,82,164,186,19,172,236,79,185,131,29,246,169,29,246,169,29,246,169,29,246,169,29,246,169,29,180,255,19,155,232,69,144,
230,79,181,236,29,235,169,107,179,234,73,185,251,14,248,231,88,161,161,12,179,188,17,246,185,17,246,184,88,227,160,55,246,169,29,246,169,29,246,169,29,246,169,29,246,169,29,246,235,75,248,217,92,164,236,83,162,169,0,246,251,82,185,253,55,246,169,29,246,169,29,246,169,29,246,169,29,179,231,89,220,131,29,246,169,29,246,169,29,246,169,29,246,169,81,185,234,92,186,169,
78,166,236,88,178,169,0,246,161,78,183,255,88,178,218,77,179,236,89,246,230,79,246,184,11,255,131,29,246,169,29,246,169,29,246,169,29,246,169,81,185,234,92,186,169,94,176,169,0,246,254,82,164,226,78,166,232,94,179,167,126,163,251,79,179,231,73,149,232,80,179,251,92,248,202,123,164,232,80,179,131,29,246,169,29,246,169,29,246,169,29,246,169,81,185,234,92,186,169,91,
161,237,29,235,169,107,179,234,73,185,251,14,248,231,88,161,161,94,176,167,113,185,230,86,128,236,94,162,230,79,248,209,17,246,185,17,246,234,91,248,197,82,185,226,107,179,234,73,185,251,19,140,160,55,246,169,29,246,169,29,246,169,29,246,169,29,186,230,94,183,229,29,164,238,73,246,180,29,128,236,94,162,230,79,229,167,83,179,254,21,181,239,19,132,224,90,190,253,107,179,
234,73,185,251,19,142,165,29,230,165,29,181,239,19,132,224,90,190,253,107,179,234,73,185,251,19,140,160,55,246,169,29,246,169,29,246,169,29,246,169,29,191,239,29,176,254,89,248,196,92,177,231,84,162,252,89,179,169,3,246,185,29,162,225,88,184,169,91,161,237,29,235,169,91,161,237,19,131,231,84,162,169,88,184,237,55,246,169,29,246,169,29,246,169,29,246,169,29,191,239,
29,164,238,73,248,196,92,177,231,84,162,252,89,179,169,3,246,185,29,162,225,88,184,169,79,177,253,29,235,169,79,177,253,19,131,231,84,162,169,88,184,237,55,246,169,29,246,169,29,246,169,29,246,169,29,186,230,94,183,229,29,160,236,81,246,180,29,128,236,94,162,230,79,229,167,71,179,251,82,220,169,29,246,169,29,246,169,29,246,169,29,246,229,82,181,232,81,246,239,82,
181,252,78,179,237,127,185,241,29,235,169,104,165,236,79,159,231,77,163,253,110,179,251,75,191,234,88,236,206,88,162,207,82,181,252,78,179,237,105,179,241,73,148,230,69,254,160,55,246,169,29,246,169,29,246,169,29,246,169,29,191,239,29,184,230,73,246,239,82,181,252,78,179,237,127,185,241,29,162,225,88,184,131,29,246,169,29,246,169,29,246,169,29,246,169,29,246,169,29,191,
239,29,131,250,88,164,192,83,166,252,73,133,236,79,160,224,94,179,179,116,165,194,88,175,205,82,161,231,21,147,231,72,187,167,118,179,240,126,185,237,88,248,222,20,246,253,85,179,231,29,160,236,81,246,162,0,246,239,74,178,169,88,184,237,55,246,169,29,246,169,29,246,169,29,246,169,29,246,169,29,246,224,91,246,220,78,179,251,116,184,249,72,162,218,88,164,255,84,181,236,
7,159,250,118,179,240,121,185,254,83,254,204,83,163,228,19,157,236,68,149,230,89,179,167,110,255,169,73,190,236,83,246,255,88,186,169,16,235,169,91,161,237,29,179,231,89,220,169,29,246,169,29,246,169,29,246,169,29,246,169,29,246,169,84,176,169,104,165,236,79,159,231,77,163,253,110,179,251,75,191,234,88,236,192,78,157,236,68,146,230,74,184,161,120,184,252,80,248,194,88,
175,202,82,178,236,19,151,160,29,162,225,88,184,169,75,179,229,29,251,180,29,164,238,73,246,236,83,178,131,29,246,169,29,246,169,29,246,169,29,246,169,29,246,169,29,191,239,29,131,250,88,164,192,83,166,252,73,133,236,79,160,224,94,179,179,116,165,194,88,175,205,82,161,231,21,147,231,72,187,167,118,179,240,126,185,237,88,248,205,20,246,253,85,179,231,29,160,236,81,246,
162,0,246,251,90,162,169,88,184,237,55,246,169,29,246,169,29,246,169,29,246,169,29,179,231,89,220,169,29,246,169,29,246,169,29,246,169,29,246,224,91,246,224,78,130,230,72,181,225,121,179,255,84,181,236,29,183,231,89,246,235,92,184,238,117,163,228,19,155,230,75,179,205,84,164,236,94,162,224,82,184,167,112,183,238,83,191,253,72,178,236,29,232,169,13,246,253,85,179,231,
55,246,169,29,246,169,29,246,169,29,246,169,29,246,169,29,246,229,82,181,232,81,246,228,89,246,180,29,180,232,83,177,193,72,187,167,112,185,255,88,146,224,79,179,234,73,191,230,83,220,169,29,246,169,29,246,169,29,246,169,29,246,169,29,246,169,75,179,229,29,253,180,29,128,236,94,162,230,79,229,167,83,179,254,21,187,237,19,142,165,29,230,165,29,187,237,19,140,160,55,
246,169,29,246,169,29,246,169,29,246,169,29,179,231,89,220,169,29,246,169,29,246,169,29,246,169,29,246,235,75,248,223,88,186,230,94,191,253,68,246,180,29,160,236,81,248,196,92,177,231,84,162,252,89,179,169,3,246,185,29,183,231,89,246,255,88,186,167,104,184,224,73,246,163,29,165,249,88,179,237,29,185,251,29,128,236,94,162,230,79,229,167,71,179,251,82,220,169,29,246,
169,29,246,169,29,179,231,89,255,131,55,246,169,29,246,169,29,246,169,16,251,169,229,98,81,147,14,60,228,92,81,151,15,3,29,14,35,228,94,81,154,14,37,228,81,169,228,80,80,188,14,58,29,14,46,229,124,81,145,14,46,228,81,169,229,103,81,158,14,58,29,14,46,228,82,80,186,14,38,228,87,131,29,246,169,29,246,169,29,246,229,82,181,232,81,246,228,68,149,225,
92,164,232,94,162,236,79,246,180,29,154,230,94,183,229,109,186,232,68,179,251,19,149,225,92,164,232,94,162,236,79,220,169,29,246,169,29,246,169,29,186,230,94,183,229,29,162,232,79,177,236,73,149,225,92,164,232,94,162,236,79,246,180,29,162,232,79,177,236,73,248,202,85,183,251,92,181,253,88,164,131,29,246,169,29,246,169,29,246,224,91,246,228,68,149,225,92,164,232,94,
162,236,79,246,232,83,178,169,73,183,251,90,179,253,126,190,232,79,183,234,73,179,251,29,162,225,88,184,131,29,246,169,29,246,169,29,246,169,29,246,169,81,185,234,92,186,169,80,175,219,82,185,253,29,235,169,80,175,202,85,183,251,92,181,253,88,164,179,123,191,231,89,144,224,79,165,253,126,190,224,81,178,161,31,158,252,80,183,231,82,191,237,111,185,230,73,134,232,79,162,
171,20,220,169,29,246,169,29,246,169,29,246,169,29,246,229,82,181,232,81,246,253,92,164,238,88,162,193,88,183,237,29,235,169,73,183,251,90,179,253,126,190,232,79,183,234,73,179,251,7,144,224,83,178,207,84,164,250,73,149,225,84,186,237,21,244,193,88,183,237,31,255,131,29,246,169,29,246,169,29,246,169,29,246,169,81,185,234,92,186,169,73,183,251,90,179,253,111,185,230,
73,246,180,29,162,232,79,177,236,73,149,225,92,164,232,94,162,236,79,236,207,84,184,237,123,191,251,78,162,202,85,191,229,89,254,171,117,163,228,92,184,230,84,178,219,82,185,253,109,183,251,73,244,160,55,246,169,29,246,169,29,246,169,29,246,169,29,186,230,94,183,229,29,166,224,75,185,253,29,235,169,73,183,251,90,179,253,117,179,232,89,246,230,79,246,253,92,164,238,88,
162,219,82,185,253,55,246,169,29,246,169,29,246,169,29,246,169,29,191,239,29,187,240,111,185,230,73,246,232,83,178,169,77,191,255,82,162,169,73,190,236,83,220,169,29,246,169,29,246,169,29,246,169,29,246,169,29,246,169,16,251,169,228,80,81,149,14,63,229,127,179,29,15,11,229,121,81,154,15,12,29,14,34,228,83,169,229,103,81,145,15,1,229,111,169,229,126,81,142,15,
3,229,97,169,228,85,80,185,246,185,19,228,169,229,125,81,154,15,15,228,92,81,148,220,169,29,246,169,29,246,169,29,246,169,29,246,169,29,246,169,81,185,234,92,186,169,77,190,232,78,179,169,0,246,228,92,162,225,19,176,229,82,185,251,21,162,224,94,189,161,20,246,166,29,230,167,12,255,169,24,246,187,55,246,169,29,246,169,29,246,169,29,246,169,29,246,169,29,246,229,
82,181,232,81,246,243,114,176,239,29,235,169,77,190,232,78,179,169,0,235,169,13,246,232,83,178,169,16,231,167,13,246,230,79,246,164,12,248,189,8,220,169,29,246,169,29,246,169,29,246,169,29,246,169,29,246,169,80,175,219,82,185,253,19,149,207,79,183,228,88,246,180,29,166,224,75,185,253,19,149,207,79,183,228,88,246,163,29,149,207,79,183,228,88,248,231,88,161,161,13,
250,169,12,248,176,8,250,169,71,153,239,91,255,169,23,246,202,123,164,232,80,179,167,124,184,238,81,179,250,21,230,165,29,187,232,73,190,167,77,191,165,29,230,160,55,246,169,29,246,169,29,246,169,29,246,169,29,179,231,89,220,169,29,246,169,29,246,169,29,179,231,89,220,169,29,246,169,88,184,237,20,220,236,83,178,131,55,158,236,92,178,203,92,184,238,127,162,231,19,155,
230,72,165,236,127,163,253,73,185,231,12,149,229,84,181,226,7,149,230,83,184,236,94,162,161,91,163,231,94,162,224,82,184,161,20,220,169,29,246,169,84,176,169,98,158,236,92,178,203,92,184,238,19,183,234,73,191,255,88,246,253,85,179,231,55,246,169,29,246,169,29,246,169,78,162,230,77,158,236,92,178,203,92,184,238,21,255,131,29,246,169,29,246,169,29,246,251,88,162,252,
79,184,131,29,246,169,29,179,231,89,220,169,29,246,169,16,251,169,229,97,80,188,15,3,29,14,46,228,82,81,149,14,46,228,80,80,191,246,80,181,14,46,228,82,80,188,15,13,228,80,80,191,246,80,185,15,1,29,14,61,229,108,81,154,15,13,228,92,80,187,220,169,29,246,169,84,176,169,84,165,200,94,162,224,75,179,169,73,190,236,83,246,250,73,185,249,127,183,231,90,
254,160,29,179,231,89,220,169,29,246,169,84,176,169,91,186,224,83,177,200,94,162,224,75,179,169,73,190,236,83,246,239,81,191,231,90,151,234,73,191,255,88,246,180,29,176,232,81,165,236,6,246,250,88,162,203,72,162,253,82,184,218,73,183,253,88,254,207,81,191,231,90,148,253,83,250,169,91,183,229,78,179,165,29,130,184,5,130,161,31,14,46,228,82,81,144,15,12,229,113,
80,183,14,32,29,14,61,229,108,81,154,15,13,229,127,171,20,250,169,105,231,177,105,254,171,229,123,80,184,14,46,228,92,81,148,246,81,149,14,46,228,80,80,191,244,160,17,246,221,85,179,228,88,248,200,94,162,224,75,179,165,29,130,225,88,187,236,19,134,232,83,179,229,110,185,239,73,255,169,88,184,237,55,246,169,29,246,224,91,246,253,92,164,238,88,162,207,81,191,231,
90,151,234,73,191,255,88,246,253,85,179,231,29,165,253,82,166,221,92,164,238,88,162,207,81,191,231,90,254,253,79,163,236,20,246,236,83,178,131,29,246,169,29,191,239,29,184,230,73,246,192,83,166,252,73,248,221,88,174,253,29,185,251,29,245,192,83,166,252,73,248,221,88,174,253,29,234,169,14,246,253,85,179,231,29,164,236,73,163,251,83,246,236,83,178,131,29,246,169,29,
191,239,29,137,221,12,238,217,79,185,253,88,181,253,88,178,199,92,187,236,7,186,230,74,179,251,21,255,179,91,191,231,89,254,192,83,166,252,73,248,221,88,174,253,7,186,230,74,179,251,21,255,165,29,231,165,29,162,251,72,179,160,29,162,225,88,184,169,79,179,253,72,164,231,29,179,231,89,220,169,29,246,169,81,185,234,92,186,169,73,183,251,90,179,253,115,183,228,88,246,
180,29,159,231,77,163,253,19,130,236,69,162,131,29,246,169,29,186,230,94,183,229,29,162,232,79,177,236,73,246,180,29,184,224,81,220,169,29,246,169,91,185,251,29,137,165,29,166,229,92,175,236,79,246,224,83,246,224,77,183,224,79,165,161,109,186,232,68,179,251,78,236,206,88,162,217,81,183,240,88,164,250,21,255,160,29,178,230,55,246,169,29,246,169,29,246,169,84,176,169,
77,186,232,68,179,251,29,168,180,29,154,230,94,183,229,109,186,232,68,179,251,29,183,231,89,246,249,81,183,240,88,164,167,115,183,228,88,236,229,82,161,236,79,254,160,7,176,224,83,178,161,73,183,251,90,179,253,115,183,228,88,236,229,82,161,236,79,254,160,17,246,184,17,246,253,79,163,236,20,246,253,85,179,231,55,246,169,29,246,169,29,246,169,29,246,169,29,162,232,79,
177,236,73,246,180,29,166,229,92,175,236,79,220,169,29,246,169,29,246,169,29,246,169,29,246,235,79,179,232,86,220,169,29,246,169,29,246,169,29,179,231,89,220,169,29,246,169,88,184,237,55,246,169,29,246,224,91,246,253,92,164,238,88,162,169,92,184,237,29,162,232,79,177,236,73,248,202,85,183,251,92,181,253,88,164,169,73,190,236,83,220,169,29,246,169,29,246,169,29,165,
253,92,164,253,117,179,232,89,148,232,83,177,161,73,183,251,90,179,253,20,220,169,29,246,169,88,186,250,88,220,169,29,246,169,29,246,169,29,161,232,79,184,161,31,134,229,92,175,236,79,246,231,82,162,169,91,185,252,83,178,179,29,244,169,19,248,169,73,185,250,73,164,224,83,177,161,73,183,251,90,179,253,115,183,228,88,255,160,55,246,169,29,246,236,83,178,131,88,184,237,
20,220,131,111,179,250,88,162,203,73,184,167,112,185,252,78,179,203,72,162,253,82,184,184,126,186,224,94,189,179,126,185,231,83,179,234,73,254,239,72,184,234,73,191,230,83,254,160,55,246,169,29,246,229,82,181,232,81,246,234,85,183,251,29,235,169,113,185,234,92,186,217,81,183,240,88,164,167,126,190,232,79,183,234,73,179,251,55,246,169,29,246,224,91,246,231,82,162,169,94,
190,232,79,246,253,85,179,231,55,246,169,29,246,169,29,246,169,79,179,253,72,164,231,55,246,169,29,246,236,83,178,131,55,246,169,29,246,229,82,181,232,81,246,250,92,160,236,89,134,230,78,246,180,29,184,224,81,220,169,29,246,169,81,185,234,92,186,169,79,185,230,73,246,180,29,181,225,92,164,179,123,191,231,89,144,224,79,165,253,126,190,224,81,178,161,31,158,252,80,183,
231,82,191,237,111,185,230,73,134,232,79,162,171,20,220,169,29,246,169,84,176,169,79,185,230,73,246,253,85,179,231,55,246,169,29,246,169,29,246,169,78,183,255,88,178,217,82,165,169,0,246,251,82,185,253,19,149,207,79,183,228,88,220,169,29,246,169,88,184,237,55,220,169,29,246,169,79,179,250,77,183,254,83,149,230,83,184,236,94,162,224,82,184,169,0,246,197,82,181,232,
81,134,229,92,175,236,79,248,202,85,183,251,92,181,253,88,164,200,89,178,236,89,236,202,82,184,231,88,181,253,21,176,252,83,181,253,84,185,231,21,184,236,74,149,225,92,164,160,55,246,169,29,246,169,29,246,169,84,176,169,83,185,253,29,191,250,124,181,253,84,160,236,29,162,225,88,184,131,29,246,169,29,246,169,29,246,169,29,246,169,79,179,250,77,183,254,83,149,230,83,
184,236,94,162,224,82,184,179,121,191,250,94,185,231,83,179,234,73,254,160,55,246,169,29,246,169,29,246,169,29,246,169,29,164,236,73,163,251,83,220,169,29,246,169,29,246,169,29,179,231,89,220,169,29,246,169,29,246,169,29,162,232,78,189,167,74,183,224,73,254,185,19,229,160,55,246,169,29,246,169,29,246,169,81,185,234,92,186,169,83,179,254,117,163,228,29,235,169,83,179,
254,126,190,232,79,236,207,84,184,237,123,191,251,78,162,202,85,191,229,89,153,239,126,186,232,78,165,161,31,158,252,80,183,231,82,191,237,31,255,131,29,246,169,29,246,169,29,246,224,91,246,231,88,161,193,72,187,169,73,190,236,83,220,169,29,246,169,29,246,169,29,246,169,29,246,249,94,183,229,81,254,239,72,184,234,73,191,230,83,254,160,55,246,169,29,246,169,29,246,169,
29,246,169,29,246,169,29,246,229,82,181,232,81,246,232,83,191,228,29,235,169,116,184,250,73,183,231,94,179,167,83,179,254,21,244,200,83,191,228,92,162,224,82,184,171,20,220,169,29,246,169,29,246,169,29,246,169,29,246,169,29,246,169,92,184,224,80,248,200,83,191,228,92,162,224,82,184,192,89,246,180,29,244,251,95,174,232,78,165,236,73,191,237,7,249,166,8,239,186,5,
229,191,8,228,189,14,244,131,29,246,169,29,246,169,29,246,169,29,246,169,29,246,169,29,183,231,84,187,221,79,183,234,86,246,180,29,184,236,74,158,252,80,236,197,82,183,237,124,184,224,80,183,253,84,185,231,21,183,231,84,187,160,55,246,169,29,246,169,29,246,169,29,246,169,29,246,169,29,246,232,83,191,228,105,164,232,94,189,167,113,185,230,77,179,237,29,235,169,73,164,
252,88,220,169,29,246,169,29,246,169,29,246,169,29,246,169,29,246,169,92,184,224,80,130,251,92,181,226,19,134,251,84,185,251,84,162,240,29,235,169,120,184,252,80,248,200,83,191,228,92,162,224,82,184,217,79,191,230,79,191,253,68,248,200,94,162,224,82,184,189,55,246,169,29,246,169,29,246,169,29,246,169,29,246,169,29,246,232,83,191,228,105,164,232,94,189,179,109,186,232,
68,254,185,19,231,165,29,231,165,29,227,160,55,246,169,29,246,169,29,246,169,29,246,169,29,179,231,89,255,131,29,246,169,29,246,169,29,246,236,83,178,131,29,246,169,29,246,169,29,246,253,92,165,226,19,161,232,84,162,161,13,248,188,20,220,169,29,246,169,29,246,169,29,191,239,29,165,232,75,179,237,109,185,250,29,162,225,88,184,131,29,246,169,29,246,169,29,246,169,29,
246,169,81,185,234,92,186,169,83,179,254,111,185,230,73,246,180,29,184,236,74,149,225,92,164,179,123,191,231,89,144,224,79,165,253,126,190,224,81,178,161,31,158,252,80,183,231,82,191,237,111,185,230,73,134,232,79,162,171,20,220,169,29,246,169,29,246,169,29,246,169,29,246,224,91,246,231,88,161,219,82,185,253,29,162,225,88,184,131,29,246,169,29,246,169,29,246,169,29,246,
169,29,246,169,29,184,236,74,132,230,82,162,167,126,144,251,92,187,236,29,235,169,78,183,255,88,178,217,82,165,131,29,246,169,29,246,169,29,246,169,29,246,169,88,184,237,55,246,169,29,246,169,29,246,169,88,184,237,55,246,169,29,246,236,83,178,160,55,220,169,29,246,169,81,185,234,92,186,169,85,163,228,29,235,169,94,190,232,79,236,207,84,184,237,123,191,251,78,162,202,
85,191,229,89,254,171,117,163,228,92,184,230,84,178,171,20,220,169,29,246,169,84,176,169,85,163,228,29,162,225,88,184,131,29,246,169,29,246,169,29,246,225,72,187,167,117,179,232,81,162,225,29,235,169,13,220,169,29,246,169,88,184,237,55,179,231,89,255,131,55,186,230,94,183,229,29,176,252,83,181,253,84,185,231,29,165,253,82,166,207,81,175,161,20,220,169,29,246,169,91,
186,240,124,181,253,84,160,236,29,235,169,91,183,229,78,179,131,29,246,169,29,191,239,29,176,229,68,149,230,83,184,236,94,162,224,82,184,169,73,190,236,83,220,169,29,246,169,29,246,169,29,176,229,68,149,230,83,184,236,94,162,224,82,184,179,121,191,250,94,185,231,83,179,234,73,254,160,55,246,169,29,246,169,29,246,169,91,186,240,126,185,231,83,179,234,73,191,230,83,246,
180,29,184,224,81,220,169,29,246,169,88,184,237,55,220,169,29,246,169,81,185,234,92,186,169,94,190,232,79,246,180,29,154,230,94,183,229,109,186,232,68,179,251,19,149,225,92,164,232,94,162,236,79,220,169,29,246,169,84,176,169,94,190,232,79,246,253,85,179,231,55,246,169,29,246,169,29,246,169,81,185,234,92,186,169,79,185,230,73,246,180,29,181,225,92,164,179,123,191,231,
89,144,224,79,165,253,126,190,224,81,178,161,31,158,252,80,183,231,82,191,237,111,185,230,73,134,232,79,162,171,20,220,169,29,246,169,29,246,169,29,191,239,29,164,230,82,162,169,73,190,236,83,220,169,29,246,169,29,246,169,29,246,169,29,246,239,82,164,169,98,250,169,82,180,227,29,191,231,29,191,249,92,191,251,78,254,251,82,185,253,7,145,236,73,149,225,84,186,237,79,
179,231,21,255,160,29,178,230,55,246,169,29,246,169,29,246,169,29,246,169,29,246,169,29,246,224,91,246,230,95,188,167,115,183,228,88,246,180,0,246,171,123,186,240,127,128,171,29,185,251,29,185,235,87,248,199,92,187,236,29,235,180,29,244,207,81,175,203,122,244,169,73,190,236,83,220,169,29,246,169,29,246,169,29,246,169,29,246,169,29,246,169,29,246,169,29,185,235,87,236,
205,88,165,253,79,185,240,21,255,131,29,246,169,29,246,169,29,246,169,29,246,169,29,246,169,29,179,231,89,220,169,29,246,169,29,246,169,29,246,169,29,246,236,83,178,131,29,246,169,29,246,169,29,246,236,83,178,131,55,246,169,29,246,169,29,246,169,81,185,234,92,186,169,85,163,228,29,235,169,94,190,232,79,236,207,84,184,237,123,191,251,78,162,202,85,191,229,89,254,171,
117,163,228,92,184,230,84,178,171,20,220,169,29,246,169,29,246,169,29,191,239,29,190,252,80,246,253,85,179,231,55,246,169,29,246,169,29,246,169,29,246,169,29,190,252,80,248,217,81,183,253,91,185,251,80,133,253,92,184,237,29,235,169,91,183,229,78,179,131,29,246,169,29,246,169,29,246,169,29,246,169,85,163,228,19,151,252,73,185,219,82,162,232,73,179,169,0,246,253,79,
163,236,55,246,169,29,246,169,29,246,169,88,184,237,55,246,169,29,246,236,83,178,131,55,246,169,29,246,250,88,162,203,72,162,253,82,184,218,73,183,253,88,254,207,81,175,203,73,184,165,29,176,232,81,165,236,17,246,221,12,238,221,21,244,81,152,15,3,228,84,81,154,15,8,29,14,46,228,82,81,138,15,3,229,103,81,154,15,15,31,255,165,29,130,184,5,130,161,31,14,
62,228,92,81,140,14,46,228,80,171,20,250,169,105,190,236,80,179,167,124,181,253,84,160,236,17,246,221,85,179,228,88,248,217,92,184,236,81,133,230,91,162,160,55,246,169,29,246,224,91,246,207,81,175,221,82,163,234,85,144,251,92,187,236,29,162,225,88,184,131,29,246,169,29,246,169,29,246,207,81,175,221,82,163,234,85,144,251,92,187,236,19,128,224,78,191,235,81,179,169,
0,246,239,92,186,250,88,220,169,29,246,169,88,184,237,55,246,169,29,246,239,82,164,169,86,179,240,29,191,231,29,166,232,84,164,250,21,187,230,95,191,229,88,144,229,68,159,231,77,163,253,20,246,237,82,220,169,29,246,169,29,246,169,29,187,230,95,191,229,88,144,229,68,159,231,77,163,253,102,189,236,68,139,169,0,246,239,92,186,250,88,220,169,29,246,169,88,184,237,55,
179,231,89,220,131,123,186,240,127,162,231,19,155,230,72,165,236,127,163,253,73,185,231,12,149,229,84,181,226,7,149,230,83,184,236,94,162,161,91,163,231,94,162,224,82,184,161,20,220,169,29,246,169,91,186,240,124,181,253,84,160,236,29,235,169,83,185,253,29,176,229,68,151,234,73,191,255,88,220,169,29,246,169,84,176,169,91,186,240,124,181,253,84,160,236,29,162,225,88,184,
131,29,246,169,29,246,169,29,246,250,88,162,203,72,162,253,82,184,218,73,183,253,88,254,207,81,175,203,73,184,165,29,162,251,72,179,165,29,130,184,5,130,161,31,14,44,228,92,80,191,14,46,228,87,169,229,113,80,185,14,62,228,92,81,140,14,46,228,80,171,20,250,169,105,231,177,105,254,171,229,97,80,183,14,56,229,113,80,187,244,160,17,246,221,85,179,228,88,248,200,
94,162,224,75,179,165,29,130,225,88,187,236,19,134,232,83,179,229,110,185,239,73,255,131,29,246,169,29,246,169,29,246,224,91,246,207,81,175,221,82,163,234,85,144,251,92,187,236,29,183,231,89,246,224,78,130,230,72,181,225,121,179,255,84,181,236,29,162,225,88,184,131,29,246,169,29,246,169,29,246,169,29,246,169,123,186,240,105,185,252,94,190,207,79,183,228,88,248,223,84,
165,224,95,186,236,29,235,169,73,164,252,88,220,169,29,246,169,29,246,169,29,179,231,89,220,131,29,246,169,29,246,169,29,246,229,82,181,232,81,246,234,85,183,251,29,235,169,113,185,234,92,186,217,81,183,240,88,164,167,126,190,232,79,183,234,73,179,251,55,246,169,29,246,169,29,246,169,84,176,169,83,185,253,29,181,225,92,164,169,73,190,236,83,220,169,29,246,169,29,246,
169,29,246,169,29,246,239,81,175,200,94,162,224,75,179,169,0,246,239,92,186,250,88,220,169,29,246,169,29,246,169,29,246,169,29,246,224,91,246,207,81,175,221,82,163,234,85,144,251,92,187,236,29,162,225,88,184,131,29,246,169,29,246,169,29,246,169,29,246,169,29,246,169,29,144,229,68,130,230,72,181,225,123,164,232,80,179,167,107,191,250,84,180,229,88,246,180,29,176,232,
81,165,236,55,246,169,29,246,169,29,246,169,29,246,169,29,179,231,89,220,169,29,246,169,29,246,169,29,246,169,29,246,250,88,162,203,72,162,253,82,184,218,73,183,253,88,254,207,81,175,203,73,184,165,29,176,232,81,165,236,17,246,221,12,238,221,21,244,81,152,15,3,228,84,81,154,15,8,29,14,46,228,82,81,138,15,3,229,103,81,154,15,15,31,255,165,29,130,184,5,
130,161,31,14,62,228,92,81,140,14,46,228,80,171,20,250,169,105,190,236,80,179,167,124,181,253,84,160,236,17,246,221,85,179,228,88,248,217,92,184,236,81,133,230,91,162,160,55,246,169,29,246,169,29,246,169,29,246,169,29,164,236,73,163,251,83,220,169,29,246,169,29,246,169,29,179,231,89,220,131,29,246,169,29,246,169,29,246,229,82,181,232,81,246,251,82,185,253,29,235,
169,94,190,232,79,236,207,84,184,237,123,191,251,78,162,202,85,191,229,89,254,171,117,163,228,92,184,230,84,178,219,82,185,253,109,183,251,73,244,160,55,246,169,29,246,169,29,246,169,81,185,234,92,186,169,85,163,228,29,235,169,94,190,232,79,236,207,84,184,237,123,191,251,78,162,202,85,191,229,89,254,171,117,163,228,92,184,230,84,178,171,20,220,169,29,246,169,29,246,169,
29,191,239,29,184,230,73,246,251,82,185,253,29,185,251,29,184,230,73,246,225,72,187,169,73,190,236,83,220,169,29,246,169,29,246,169,29,246,169,29,246,239,81,175,200,94,162,224,75,179,169,0,246,239,92,186,250,88,220,169,29,246,169,29,246,169,29,246,169,29,246,224,91,246,207,81,175,221,82,163,234,85,144,251,92,187,236,29,162,225,88,184,131,29,246,169,29,246,169,29,
246,169,29,246,169,29,246,169,29,144,229,68,130,230,72,181,225,123,164,232,80,179,167,107,191,250,84,180,229,88,246,180,29,176,232,81,165,236,55,246,169,29,246,169,29,246,169,29,246,169,29,179,231,89,220,169,29,246,169,29,246,169,29,246,169,29,246,250,88,162,203,72,162,253,82,184,218,73,183,253,88,254,207,81,175,203,73,184,165,29,176,232,81,165,236,17,246,221,12,238,
221,21,244,81,152,15,3,228,84,81,154,15,8,29,14,46,228,82,81,138,15,3,229,103,81,154,15,15,31,255,165,29,130,184,5,130,161,31,14,62,228,92,81,140,14,46,228,80,171,20,250,169,105,190,236,80,179,167,124,181,253,84,160,236,17,246,221,85,179,228,88,248,217,92,184,236,81,133,230,91,162,160,55,246,169,29,246,169,29,246,169,29,246,169,29,164,236,73,163,251,
83,220,169,29,246,169,29,246,169,29,179,231,89,220,131,29,246,169,29,246,169,29,246,225,72,187,167,109,186,232,73,176,230,79,187,218,73,183,231,89,246,180,29,184,230,73,246,224,78,130,230,72,181,225,121,179,255,84,181,236,55,246,169,29,246,169,29,246,169,85,163,228,19,151,252,73,185,219,82,162,232,73,179,169,0,246,239,92,186,250,88,220,131,29,246,169,29,246,169,29,
246,229,82,181,232,81,246,235,75,246,180,29,159,231,78,162,232,83,181,236,19,184,236,74,254,171,127,185,237,68,128,236,81,185,234,84,162,240,31,255,131,29,246,169,29,246,169,29,246,235,75,248,199,92,187,236,29,235,169,31,144,229,68,148,223,31,220,169,29,246,169,29,246,169,29,180,255,19,128,236,81,185,234,84,162,240,29,235,169,107,179,234,73,185,251,14,248,243,88,164,
230,55,246,169,29,246,169,29,246,169,95,160,167,112,183,241,123,185,251,94,179,169,0,246,223,88,181,253,82,164,186,19,184,236,74,254,228,92,162,225,19,190,252,90,179,165,29,187,232,73,190,167,85,163,238,88,250,169,80,183,253,85,248,225,72,177,236,20,220,169,29,246,169,29,246,169,29,180,255,19,134,232,79,179,231,73,246,180,29,164,230,82,162,131,55,246,169,29,246,169,
29,246,169,81,185,234,92,186,169,95,177,169,0,246,192,83,165,253,92,184,234,88,248,231,88,161,161,31,148,230,89,175,206,68,164,230,31,255,131,29,246,169,29,246,169,29,246,235,90,248,199,92,187,236,29,235,169,31,144,229,68,148,206,31,220,169,29,246,169,29,246,169,29,180,238,19,155,232,69,130,230,79,167,252,88,246,180,29,128,236,94,162,230,79,229,167,83,179,254,21,
187,232,73,190,167,85,163,238,88,250,169,80,183,253,85,248,225,72,177,236,17,246,228,92,162,225,19,190,252,90,179,160,55,246,169,29,246,169,29,246,169,95,177,167,109,246,180,29,239,185,13,230,185,55,246,169,29,246,169,29,246,169,95,177,167,109,183,251,88,184,253,29,235,169,79,185,230,73,220,131,29,246,169,29,246,169,29,246,239,81,175,202,82,184,231,88,181,253,84,185,
231,29,235,169,111,163,231,110,179,251,75,191,234,88,248,193,88,183,251,73,180,236,92,162,179,126,185,231,83,179,234,73,254,239,72,184,234,73,191,230,83,254,160,55,246,169,29,246,169,29,246,169,29,246,169,29,191,239,29,184,230,73,246,239,81,175,200,94,162,224,75,179,169,73,190,236,83,220,169,29,246,169,29,246,169,29,246,169,29,246,169,29,246,169,79,179,253,72,164,231,
55,246,169,29,246,169,29,246,169,29,246,169,29,179,231,89,220,131,29,246,169,29,246,169,29,246,169,29,246,169,81,185,234,92,186,169,78,166,236,88,178,169,0,246,253,82,184,252,80,180,236,79,254,218,77,179,236,89,159,231,77,163,253,19,130,236,69,162,160,29,185,251,29,227,185,55,246,169,29,246,169,29,246,169,29,246,169,29,186,230,94,183,229,29,181,252,79,164,236,83,
162,202,92,187,236,79,183,169,0,246,254,82,164,226,78,166,232,94,179,167,126,163,251,79,179,231,73,149,232,80,179,251,92,220,169,29,246,169,29,246,169,29,246,169,29,246,224,91,246,231,82,162,169,94,163,251,79,179,231,73,149,232,80,179,251,92,246,253,85,179,231,55,246,169,29,246,169,29,246,169,29,246,169,29,246,169,29,246,251,88,162,252,79,184,131,29,246,169,29,246,
169,29,246,169,29,246,169,88,184,237,55,246,169,29,246,169,29,246,169,29,246,169,29,186,230,94,183,229,29,181,239,29,235,169,94,163,251,79,179,231,73,149,232,80,179,251,92,248,202,123,164,232,80,179,131,29,246,169,29,246,169,29,246,169,29,246,169,81,185,234,92,186,169,75,179,229,82,181,224,73,175,169,0,246,223,88,181,253,82,164,186,19,172,236,79,185,131,55,246,169,
29,246,169,29,246,169,29,246,169,29,191,239,29,131,250,88,164,192,83,166,252,73,133,236,79,160,224,94,179,179,116,165,194,88,175,205,82,161,231,21,147,231,72,187,167,118,179,240,126,185,237,88,248,222,20,246,253,85,179,231,55,246,169,29,246,169,29,246,169,29,246,169,29,246,169,29,246,255,88,186,230,94,191,253,68,246,162,0,246,234,91,248,197,82,185,226,107,179,234,73,
185,251,55,246,169,29,246,169,29,246,169,29,246,169,29,179,231,89,220,169,29,246,169,29,246,169,29,246,169,29,246,224,91,246,220,78,179,251,116,184,249,72,162,218,88,164,255,84,181,236,7,159,250,118,179,240,121,185,254,83,254,204,83,163,228,19,157,236,68,149,230,89,179,167,110,255,169,73,190,236,83,220,169,29,246,169,29,246,169,29,246,169,29,246,169,29,246,169,75,179,
229,82,181,224,73,175,169,16,235,169,94,176,167,113,185,230,86,128,236,94,162,230,79,220,169,29,246,169,29,246,169,29,246,169,29,246,236,83,178,131,29,246,169,29,246,169,29,246,169,29,246,169,84,176,169,104,165,236,79,159,231,77,163,253,110,179,251,75,191,234,88,236,192,78,157,236,68,146,230,74,184,161,120,184,252,80,248,194,88,175,202,82,178,236,19,151,160,29,162,225,
88,184,131,29,246,169,29,246,169,29,246,169,29,246,169,29,246,169,29,160,236,81,185,234,84,162,240,29,251,180,29,181,239,19,132,224,90,190,253,107,179,234,73,185,251,55,246,169,29,246,169,29,246,169,29,246,169,29,179,231,89,220,169,29,246,169,29,246,169,29,246,169,29,246,224,91,246,220,78,179,251,116,184,249,72,162,218,88,164,255,84,181,236,7,159,250,118,179,240,121,
185,254,83,254,204,83,163,228,19,157,236,68,149,230,89,179,167,121,255,169,73,190,236,83,220,169,29,246,169,29,246,169,29,246,169,29,246,169,29,246,169,75,179,229,82,181,224,73,175,169,22,235,169,94,176,167,111,191,238,85,162,223,88,181,253,82,164,131,29,246,169,29,246,169,29,246,169,29,246,169,88,184,237,55,246,169,29,246,169,29,246,169,29,246,169,29,191,239,29,131,
250,88,164,192,83,166,252,73,133,236,79,160,224,94,179,179,116,165,194,88,175,205,82,161,231,21,147,231,72,187,167,118,179,240,126,185,237,88,248,218,77,183,234,88,255,169,73,190,236,83,220,169,29,246,169,29,246,169,29,246,169,29,246,169,29,246,169,75,179,229,82,181,224,73,175,169,22,235,169,107,179,234,73,185,251,14,248,231,88,161,161,13,250,169,12,250,169,13,255,131,
29,246,169,29,246,169,29,246,169,29,246,169,88,184,237,55,246,169,29,246,169,29,246,169,29,246,169,29,191,239,29,131,250,88,164,192,83,166,252,73,133,236,79,160,224,94,179,179,116,165,194,88,175,205,82,161,231,21,147,231,72,187,167,118,179,240,126,185,237,88,248,197,88,176,253,110,190,224,91,162,160,29,162,225,88,184,131,29,246,169,29,246,169,29,246,169,29,246,169,29,
246,169,29,160,236,81,185,234,84,162,240,29,251,180,29,128,236,94,162,230,79,229,167,83,179,254,21,230,165,29,231,165,29,230,160,55,246,169,29,246,169,29,246,169,29,246,169,29,179,231,89,220,131,29,246,169,29,246,169,29,246,169,29,246,169,84,176,169,80,185,235,84,186,236,123,186,240,116,184,249,72,162,167,123,185,251,74,183,251,89,246,253,85,179,231,55,246,169,29,246,
169,29,246,169,29,246,169,29,246,169,29,246,255,88,186,230,94,191,253,68,246,162,0,246,234,91,248,197,82,185,226,107,179,234,73,185,251,55,246,169,29,246,169,29,246,169,29,246,169,29,179,231,89,220,169,29,246,169,29,246,169,29,246,169,29,246,224,91,246,228,82,180,224,81,179,207,81,175,192,83,166,252,73,248,203,92,181,226,74,183,251,89,246,253,85,179,231,55,246,169,
29,246,169,29,246,169,29,246,169,29,246,169,29,246,255,88,186,230,94,191,253,68,246,164,0,246,234,91,248,197,82,185,226,107,179,234,73,185,251,55,246,169,29,246,169,29,246,169,29,246,169,29,179,231,89,220,169,29,246,169,29,246,169,29,246,169,29,246,224,91,246,228,82,180,224,81,179,207,81,175,192,83,166,252,73,248,197,88,176,253,29,162,225,88,184,131,29,246,169,29,
246,169,29,246,169,29,246,169,29,246,169,29,160,236,81,185,234,84,162,240,29,251,180,29,181,239,19,132,224,90,190,253,107,179,234,73,185,251,55,246,169,29,246,169,29,246,169,29,246,169,29,179,231,89,220,169,29,246,169,29,246,169,29,246,169,29,246,224,91,246,228,82,180,224,81,179,207,81,175,192,83,166,252,73,248,219,84,177,225,73,246,253,85,179,231,55,246,169,29,246,
169,29,246,169,29,246,169,29,246,169,29,246,255,88,186,230,94,191,253,68,246,162,0,246,234,91,248,219,84,177,225,73,128,236,94,162,230,79,220,169,29,246,169,29,246,169,29,246,169,29,246,236,83,178,131,29,246,169,29,246,169,29,246,169,29,246,169,84,176,169,80,185,235,84,186,236,123,186,240,116,184,249,72,162,167,104,166,169,73,190,236,83,220,169,29,246,169,29,246,169,
29,246,169,29,246,169,29,246,169,75,179,229,82,181,224,73,175,169,22,235,169,107,179,234,73,185,251,14,248,231,88,161,161,13,250,169,12,250,169,13,255,131,29,246,169,29,246,169,29,246,169,29,246,169,88,184,237,55,246,169,29,246,169,29,246,169,29,246,169,29,191,239,29,187,230,95,191,229,88,144,229,68,159,231,77,163,253,19,146,230,74,184,169,73,190,236,83,220,169,29,
246,169,29,246,169,29,246,169,29,246,169,29,246,169,75,179,229,82,181,224,73,175,169,16,235,169,107,179,234,73,185,251,14,248,231,88,161,161,13,250,169,12,250,169,13,255,131,29,246,169,29,246,169,29,246,169,29,246,169,88,184,237,55,220,169,29,246,169,29,246,169,29,246,169,29,246,224,91,246,224,78,130,230,72,181,225,121,179,255,84,181,236,29,183,231,89,246,225,72,187,
167,112,185,255,88,146,224,79,179,234,73,191,230,83,248,196,92,177,231,84,162,252,89,179,169,3,246,185,29,162,225,88,184,131,29,246,169,29,246,169,29,246,169,29,246,169,29,246,169,29,160,236,81,185,234,84,162,240,29,253,180,29,190,252,80,248,196,82,160,236,121,191,251,88,181,253,84,185,231,55,246,169,29,246,169,29,246,169,29,246,169,29,179,231,89,220,131,29,246,169,
29,246,169,29,246,169,29,246,169,95,160,167,107,179,229,82,181,224,73,175,169,0,246,255,88,186,230,94,191,253,68,246,163,29,165,249,88,179,237,55,246,169,29,246,169,29,246,169,29,246,169,29,180,238,19,149,207,79,183,228,88,246,180,29,181,239,55,246,169,29,246,169,29,246,169,88,184,237,20,220,169,29,246,169,88,186,250,88,220,169,29,246,169,29,246,169,29,165,253,82,
166,207,81,175,161,20,220,169,29,246,169,88,184,237,55,179,231,89,255,131,55,161,230,79,189,250,77,183,234,88,236,206,88,162,217,79,185,249,88,164,253,68,149,225,92,184,238,88,178,218,84,177,231,92,186,161,31,149,252,79,164,236,83,162,202,92,187,236,79,183,171,20,236,202,82,184,231,88,181,253,21,180,224,83,178,223,84,179,254,77,185,251,73,154,224,78,162,236,83,179,
251,20,220,253,92,165,226,19,178,236,91,179,251,21,180,224,83,178,223,84,179,254,77,185,251,73,154,224,78,162,236,83,179,251,20,220,131,81,185,234,92,186,169,91,163,231,94,162,224,82,184,169,78,190,230,74,133,249,88,181,253,92,162,236,106,183,251,83,191,231,90,254,228,88,165,250,92,177,236,20,220,169,29,246,169,84,176,169,110,166,236,94,162,232,73,179,222,92,164,231,
84,184,238,113,183,235,88,186,169,73,190,236,83,220,169,29,246,169,29,246,169,29,133,249,88,181,253,92,162,236,106,183,251,83,191,231,90,154,232,95,179,229,19,130,236,69,162,169,0,246,228,88,165,250,92,177,236,55,246,169,29,246,169,29,246,169,110,166,236,94,162,232,73,179,222,92,164,231,84,184,238,113,183,235,88,186,167,107,191,250,84,180,229,88,246,180,29,162,251,72,
179,131,29,246,169,29,246,169,29,246,253,92,165,226,19,178,236,81,183,240,21,229,165,29,176,252,83,181,253,84,185,231,21,255,131,29,246,169,29,246,169,29,246,169,29,246,169,84,176,169,110,166,236,94,162,232,73,179,222,92,164,231,84,184,238,113,183,235,88,186,169,73,190,236,83,220,169,29,246,169,29,246,169,29,246,169,29,246,169,29,246,169,110,166,236,94,162,232,73,179,
222,92,164,231,84,184,238,113,183,235,88,186,167,107,191,250,84,180,229,88,246,180,29,176,232,81,165,236,55,246,169,29,246,169,29,246,169,29,246,169,29,179,231,89,220,169,29,246,169,29,246,169,29,179,231,89,255,131,29,246,169,29,179,229,78,179,131,29,246,169,29,246,169,29,246,254,92,164,231,21,187,236,78,165,232,90,179,160,55,246,169,29,246,236,83,178,131,88,184,237,
55,220,218,92,160,236,109,186,232,94,179,203,73,184,167,112,185,252,78,179,203,72,162,253,82,184,184,126,186,224,94,189,179,126,185,231,83,179,234,73,254,239,72,184,234,73,191,230,83,254,160,55,246,169,29,246,229,82,181,232,81,246,234,85,183,251,29,235,169,113,185,234,92,186,217,81,183,240,88,164,167,126,190,232,79,183,234,73,179,251,55,246,169,29,246,229,82,181,232,81,
246,251,82,185,253,29,235,169,94,190,232,79,246,232,83,178,169,94,190,232,79,236,207,84,184,237,123,191,251,78,162,202,85,191,229,89,254,171,117,163,228,92,184,230,84,178,219,82,185,253,109,183,251,73,244,160,55,246,169,29,246,224,91,246,231,82,162,169,79,185,230,73,246,253,85,179,231,55,246,169,29,246,169,29,246,169,74,183,251,83,254,171,126,183,231,83,185,253,29,165,
232,75,179,169,81,185,234,92,162,224,82,184,171,20,220,169,29,246,169,29,246,169,29,164,236,73,163,251,83,220,169,29,246,169,88,184,237,55,220,169,29,246,169,84,176,169,110,183,255,88,178,197,82,181,232,73,191,230,83,246,253,85,179,231,55,246,169,29,246,169,29,246,169,79,185,230,73,248,202,123,164,232,80,179,169,0,246,218,92,160,236,89,154,230,94,183,253,84,185,231,
55,246,169,29,246,169,29,246,169,110,183,255,88,178,197,82,181,232,73,191,230,83,246,180,29,184,224,81,220,169,29,246,169,29,246,169,29,165,236,73,148,252,73,162,230,83,133,253,92,162,236,21,133,232,75,179,217,81,183,234,88,148,253,83,250,169,91,183,229,78,179,165,29,130,184,5,130,161,31,14,56,229,122,80,181,14,48,29,15,13,228,82,80,184,15,10,229,113,80,187,
244,160,17,246,221,12,238,221,21,244,81,144,15,8,229,110,169,228,83,80,190,14,46,228,80,80,183,244,160,17,246,221,85,179,228,88,248,200,94,181,236,83,162,165,29,130,225,88,187,236,19,134,232,83,179,229,110,185,239,73,255,131,29,246,169,29,179,229,78,179,131,29,246,169,29,246,169,29,246,218,92,160,236,89,154,230,94,183,253,84,185,231,29,235,169,79,185,230,73,248,
202,123,164,232,80,179,131,29,246,169,29,246,169,29,246,250,88,162,203,72,162,253,82,184,218,73,183,253,88,254,218,92,160,236,109,186,232,94,179,203,73,184,165,29,162,251,72,179,165,29,130,184,5,130,161,31,14,56,229,122,80,181,14,48,29,15,13,228,82,80,184,15,10,229,113,80,187,244,160,17,246,221,12,238,221,21,244,81,144,15,8,229,110,169,228,83,80,190,14,46,
228,80,80,183,244,160,17,246,221,85,179,228,88,248,200,94,181,236,83,162,165,29,130,225,88,187,236,19,134,232,83,179,229,110,185,239,73,255,131,29,246,169,29,179,231,89,220,236,83,178,160,55,220,131,55,130,236,81,179,249,82,164,253,127,162,231,19,155,230,72,165,236,127,163,253,73,185,231,12,149,229,84,181,226,7,149,230,83,184,236,94,162,161,91,163,231,94,162,224,82,
184,161,20,220,169,29,246,169,81,185,234,92,186,169,73,183,251,90,179,253,115,183,228,88,246,180,29,159,231,77,163,253,19,130,236,69,162,131,29,246,169,29,186,230,94,183,229,29,162,232,79,177,236,73,246,180,29,184,224,81,220,131,29,246,169,29,176,230,79,246,214,17,246,249,81,183,240,88,164,169,84,184,169,84,166,232,84,164,250,21,134,229,92,175,236,79,165,179,122,179,
253,109,186,232,68,179,251,78,254,160,20,246,237,82,220,169,29,246,169,29,246,169,29,191,239,29,166,229,92,175,236,79,246,247,0,246,197,82,181,232,81,134,229,92,175,236,79,246,232,83,178,169,30,162,232,79,177,236,73,152,232,80,179,169,3,235,169,14,246,232,83,178,169,77,186,232,68,179,251,19,152,232,80,179,179,81,185,254,88,164,161,20,236,239,84,184,237,21,162,232,
79,177,236,73,152,232,80,179,179,81,185,254,88,164,161,20,250,169,12,250,169,73,164,252,88,255,169,73,190,236,83,220,169,29,246,169,29,246,169,29,246,169,29,246,253,92,164,238,88,162,169,0,246,249,81,183,240,88,164,131,29,246,169,29,246,169,29,246,169,29,246,169,95,164,236,92,189,131,29,246,169,29,246,169,29,246,236,83,178,131,29,246,169,29,179,231,89,220,131,29,
246,169,29,191,239,29,162,232,79,177,236,73,246,232,83,178,169,73,183,251,90,179,253,19,149,225,92,164,232,94,162,236,79,246,232,83,178,169,73,183,251,90,179,253,19,149,225,92,164,232,94,162,236,79,236,207,84,184,237,123,191,251,78,162,202,85,191,229,89,254,171,117,163,228,92,184,230,84,178,219,82,185,253,109,183,251,73,244,160,29,162,225,88,184,131,29,246,169,29,246,
169,29,246,229,82,181,232,81,246,251,82,185,253,29,235,169,113,185,234,92,186,217,81,183,240,88,164,167,126,190,232,79,183,234,73,179,251,29,183,231,89,246,197,82,181,232,81,134,229,92,175,236,79,248,202,85,183,251,92,181,253,88,164,179,123,191,231,89,144,224,79,165,253,126,190,224,81,178,161,31,158,252,80,183,231,82,191,237,111,185,230,73,134,232,79,162,171,20,220,169,
29,246,169,29,246,169,29,191,239,29,164,230,82,162,169,73,190,236,83,220,169,29,246,169,29,246,169,29,246,169,29,246,251,82,185,253,19,149,207,79,183,228,88,246,180,29,162,232,79,177,236,73,248,202,85,183,251,92,181,253,88,164,167,117,163,228,92,184,230,84,178,219,82,185,253,109,183,251,73,248,202,123,164,232,80,179,169,22,246,223,88,181,253,82,164,186,19,184,236,74,
254,187,17,246,185,17,246,185,20,220,169,29,246,169,29,246,169,29,179,231,89,220,169,29,246,169,88,184,237,55,179,231,89,255,131,55,220,229,82,181,232,81,246,239,72,184,234,73,191,230,83,246,239,84,184,237,105,183,251,90,179,253,109,186,232,68,179,251,21,255,131,29,246,169,29,186,230,94,183,229,29,162,232,79,177,236,73,152,232,80,179,169,0,246,192,83,166,252,73,248,
221,88,174,253,55,246,169,29,246,224,91,246,231,82,162,169,73,183,251,90,179,253,115,183,228,88,246,230,79,246,170,73,183,251,90,179,253,115,183,228,88,246,181,29,229,169,73,190,236,83,220,169,29,246,169,29,246,169,29,164,236,73,163,251,83,246,231,84,186,131,29,246,169,29,179,231,89,220,131,55,220,169,29,246,169,91,185,251,29,137,165,29,166,229,92,175,236,79,246,224,
83,246,224,77,183,224,79,165,161,109,186,232,68,179,251,78,236,206,88,162,217,81,183,240,88,164,250,21,255,160,29,178,230,55,246,169,29,246,169,29,246,169,84,176,169,77,186,232,68,179,251,29,168,180,29,154,230,94,183,229,109,186,232,68,179,251,29,183,231,89,246,249,81,183,240,88,164,167,115,183,228,88,236,229,82,161,236,79,254,160,7,176,224,83,178,161,73,183,251,90,
179,253,115,183,228,88,236,229,82,161,236,79,254,160,17,246,184,17,246,253,79,163,236,20,246,253,85,179,231,55,246,169,29,246,169,29,246,169,29,246,169,29,164,236,73,163,251,83,246,249,81,183,240,88,164,131,29,246,169,29,246,169,29,246,236,83,178,131,29,246,169,29,179,231,89,220,131,29,246,169,29,164,236,73,163,251,83,246,231,84,186,131,88,184,237,55,220,131,55,220,
164,16,246,180,0,235,180,0,235,169,229,115,81,137,14,48,229,113,81,140,246,81,146,14,39,228,94,80,185,249,81,147,14,56,228,94,81,145,246,81,154,15,13,228,82,81,154,14,48,229,126,169,229,113,80,185,15,12,229,101,81,151,15,14,229,121,80,188,246,180,0,235,180,0,235,131,81,185,234,92,186,169,91,163,231,94,162,224,82,184,169,105,231,177,110,190,230,74,134,229,
92,175,236,79,130,230,92,165,253,21,187,250,90,255,131,29,246,169,29,186,230,94,183,229,29,130,254,88,179,231,110,179,251,75,191,234,88,246,180,29,177,232,80,179,179,122,179,253,110,179,251,75,191,234,88,254,171,105,161,236,88,184,218,88,164,255,84,181,236,31,255,131,29,246,169,29,186,230,94,183,229,29,162,230,92,165,253,122,163,224,29,235,169,116,184,250,73,183,231,94,
179,167,83,179,254,21,244,218,94,164,236,88,184,206,72,191,171,20,220,169,29,246,169,73,185,232,78,162,206,72,191,167,115,183,228,88,246,169,29,246,169,29,246,169,29,246,169,29,246,180,29,244,221,12,238,217,81,183,240,88,164,221,82,183,250,73,244,131,29,246,169,29,162,230,92,165,253,122,163,224,19,132,236,78,179,253,114,184,218,77,183,254,83,246,169,29,246,169,0,246,
239,92,186,250,88,220,169,29,246,169,73,185,232,78,162,206,72,191,167,103,159,231,89,179,241,127,179,225,92,160,224,82,164,169,29,246,180,29,147,231,72,187,167,103,159,231,89,179,241,127,179,225,92,160,224,82,164,167,110,191,235,81,191,231,90,220,169,29,246,169,73,185,232,78,162,206,72,191,167,121,191,250,77,186,232,68,153,251,89,179,251,29,246,169,29,246,180,29,228,184,
9,225,189,5,229,191,9,225,131,29,246,169,29,162,230,92,165,253,122,163,224,19,159,238,83,185,251,88,145,252,84,159,231,78,179,253,29,246,169,0,246,253,79,163,236,55,246,169,29,246,253,82,183,250,73,145,252,84,248,217,92,164,236,83,162,169,29,246,169,29,246,169,29,246,169,29,235,169,90,183,228,88,236,206,88,162,218,88,164,255,84,181,236,21,244,202,82,164,236,122,
163,224,31,255,131,29,246,169,29,186,230,94,183,229,29,162,230,92,165,253,29,235,169,116,184,250,73,183,231,94,179,167,83,179,254,21,244,207,79,183,228,88,244,160,55,246,169,29,246,253,82,183,250,73,248,199,92,187,236,29,246,169,29,246,169,29,246,169,29,246,169,29,246,169,29,235,169,31,130,230,92,165,253,123,164,232,80,179,171,55,246,169,29,246,253,82,183,250,73,248,
200,83,181,225,82,164,217,82,191,231,73,246,169,29,246,169,29,246,169,29,235,169,107,179,234,73,185,251,15,248,231,88,161,161,12,250,169,12,255,131,29,246,169,29,162,230,92,165,253,19,133,224,71,179,169,29,246,169,29,246,169,29,246,169,29,246,169,29,246,169,0,246,220,121,191,228,15,248,231,88,161,161,13,250,169,15,229,185,17,246,185,17,246,191,9,255,131,29,246,169,
29,162,230,92,165,253,19,134,230,78,191,253,84,185,231,29,246,169,29,246,169,29,246,169,29,246,169,0,246,220,121,191,228,15,248,231,88,161,161,12,250,169,15,225,185,17,246,184,17,246,164,15,226,160,55,246,169,29,246,253,82,183,250,73,248,203,92,181,226,90,164,230,72,184,237,126,185,229,82,164,186,29,246,169,29,235,169,126,185,229,82,164,186,19,176,251,82,187,219,122,
148,161,12,230,165,29,231,185,17,246,184,13,255,131,29,246,169,29,162,230,92,165,253,19,148,232,94,189,238,79,185,252,83,178,221,79,183,231,78,166,232,79,179,231,94,175,169,0,246,185,55,246,169,29,246,253,82,183,250,73,248,203,82,164,237,88,164,218,84,172,236,109,191,241,88,186,169,29,246,169,29,235,169,13,220,169,29,246,169,73,185,232,78,162,167,103,159,231,89,179,
241,29,246,169,29,246,169,29,246,169,29,246,169,29,246,180,29,231,185,55,246,169,29,246,253,82,183,250,73,248,217,92,164,236,83,162,169,29,246,169,29,246,169,29,246,169,29,246,169,29,235,169,73,185,232,78,162,206,72,191,131,29,246,169,29,186,230,94,183,229,29,137,253,94,246,180,29,159,231,78,162,232,83,181,236,19,184,236,74,254,171,104,159,202,82,164,231,88,164,171,
20,220,169,29,246,169,98,162,234,19,149,230,79,184,236,79,132,232,89,191,252,78,246,180,29,131,205,84,187,167,83,179,254,21,230,165,29,231,185,20,220,169,29,246,169,98,162,234,19,134,232,79,179,231,73,246,180,29,162,230,92,165,253,55,246,169,29,246,229,82,181,232,81,246,214,73,165,169,0,246,192,83,165,253,92,184,234,88,248,231,88,161,161,31,131,192,110,162,251,82,
189,236,31,255,131,29,246,169,29,137,253,78,248,202,82,186,230,79,246,169,29,246,169,29,246,169,0,246,202,82,186,230,79,229,167,91,164,230,80,132,206,127,254,188,5,250,169,8,238,165,29,227,177,20,220,169,29,246,169,98,162,250,19,130,225,84,181,226,83,179,250,78,246,169,29,246,180,29,231,131,29,246,169,29,137,253,78,248,221,79,183,231,78,166,232,79,179,231,94,175,
169,0,246,185,55,246,169,29,246,214,73,165,167,109,183,251,88,184,253,29,246,169,29,246,169,29,235,169,73,185,232,78,162,131,29,246,169,29,186,230,94,183,229,29,183,234,94,179,231,73,148,232,79,246,180,29,159,231,78,162,232,83,181,236,19,184,236,74,254,171,123,164,232,80,179,171,20,220,169,29,246,169,92,181,234,88,184,253,127,183,251,19,133,224,71,179,169,29,246,169,
29,246,169,29,246,169,29,246,169,0,246,220,121,191,228,15,248,231,88,161,161,13,250,169,14,250,169,13,248,191,8,250,169,13,255,131,29,246,169,29,183,234,94,179,231,73,148,232,79,248,200,83,181,225,82,164,217,82,191,231,73,246,169,29,246,169,29,235,169,107,179,234,73,185,251,15,248,231,88,161,161,13,250,169,13,248,188,20,220,169,29,246,169,92,181,234,88,184,253,127,
183,251,19,134,230,78,191,253,84,185,231,29,246,169,29,246,169,29,246,169,0,246,220,121,191,228,15,248,231,88,161,161,13,250,169,4,250,169,13,248,188,17,246,185,20,220,169,29,246,169,92,181,234,88,184,253,127,183,251,19,148,232,94,189,238,79,185,252,83,178,202,82,186,230,79,229,169,0,246,202,82,186,230,79,229,167,91,164,230,80,132,206,127,254,187,15,230,165,29,228,
187,13,250,169,15,228,185,20,220,169,29,246,169,92,181,234,88,184,253,127,183,251,19,148,230,79,178,236,79,133,224,71,179,217,84,174,236,81,246,169,0,246,185,55,246,169,29,246,232,94,181,236,83,162,203,92,164,167,103,159,231,89,179,241,29,246,169,29,246,169,29,246,169,29,246,180,29,231,184,55,246,169,29,246,232,94,181,236,83,162,203,92,164,167,109,183,251,88,184,253,
29,246,169,29,246,169,29,246,169,29,246,180,29,162,230,92,165,253,55,246,169,29,246,229,82,181,232,81,246,214,92,181,169,0,246,192,83,165,253,92,184,234,88,248,231,88,161,161,31,131,192,126,185,251,83,179,251,31,255,131,29,246,169,29,137,232,94,248,202,82,164,231,88,164,219,92,178,224,72,165,169,0,246,220,121,191,228,19,184,236,74,254,185,17,246,189,20,220,169,29,
246,169,98,183,234,19,134,232,79,179,231,73,246,180,29,183,234,94,179,231,73,148,232,79,220,169,29,246,169,81,185,234,92,186,169,73,191,253,81,179,197,95,186,169,0,246,192,83,165,253,92,184,234,88,248,231,88,161,161,31,130,236,69,162,197,92,180,236,81,244,160,55,246,169,29,246,253,84,162,229,88,154,235,81,248,218,84,172,236,29,246,169,29,246,169,29,246,169,29,246,
169,29,246,169,29,246,180,29,131,205,84,187,187,19,184,236,74,254,184,17,246,164,15,238,165,29,230,165,29,228,187,20,220,169,29,246,169,73,191,253,81,179,197,95,186,167,109,185,250,84,162,224,82,184,169,29,246,169,29,246,169,29,246,169,29,246,169,0,246,220,121,191,228,15,248,231,88,161,161,13,250,169,15,230,165,29,230,165,29,238,160,55,246,169,29,246,253,84,162,229,
88,154,235,81,248,203,92,181,226,90,164,230,72,184,237,105,164,232,83,165,249,92,164,236,83,181,240,29,235,169,12,220,169,29,246,169,73,191,253,81,179,197,95,186,167,105,179,241,73,246,169,29,246,169,29,246,169,29,246,169,29,246,169,29,246,169,0,246,171,73,137,184,5,244,131,29,246,169,29,162,224,73,186,236,113,180,229,19,130,236,69,162,202,82,186,230,79,229,169,29,
246,169,29,246,169,29,246,169,29,235,169,126,185,229,82,164,186,19,176,251,82,187,219,122,148,161,15,227,188,17,246,187,8,227,165,29,228,188,8,255,131,29,246,169,29,162,224,73,186,236,113,180,229,19,130,236,69,162,209,124,186,224,90,184,228,88,184,253,29,246,169,29,246,169,29,235,169,120,184,252,80,248,221,88,174,253,101,151,229,84,177,231,80,179,231,73,248,219,84,177,
225,73,220,169,29,246,169,73,191,253,81,179,197,95,186,167,123,185,231,73,246,169,29,246,169,29,246,169,29,246,169,29,246,169,29,246,169,0,246,204,83,163,228,19,144,230,83,162,167,122,185,253,85,183,228,127,185,229,89,220,169,29,246,169,73,191,253,81,179,197,95,186,167,105,179,241,73,133,224,71,179,169,29,246,169,29,246,169,29,246,169,29,246,169,0,246,184,9,220,169,
29,246,169,73,191,253,81,179,197,95,186,167,103,159,231,89,179,241,29,246,169,29,246,169,29,246,169,29,246,169,29,246,169,0,246,184,12,220,169,29,246,169,73,191,253,81,179,197,95,186,167,109,183,251,88,184,253,29,246,169,29,246,169,29,246,169,29,246,169,29,246,169,0,246,253,82,183,250,73,220,169,29,246,169,81,185,234,92,186,169,80,165,238,113,180,229,29,235,169,116,
184,250,73,183,231,94,179,167,83,179,254,21,244,221,88,174,253,113,183,235,88,186,171,20,220,169,29,246,169,80,165,238,113,180,229,19,133,224,71,179,169,29,246,169,29,246,169,29,246,169,29,246,169,29,246,169,29,235,169,104,146,224,80,228,167,83,179,254,21,231,165,29,251,187,5,250,169,13,250,169,12,238,160,55,246,169,29,246,228,78,177,197,95,186,167,109,185,250,84,162,
224,82,184,169,29,246,169,29,246,169,29,246,169,29,246,169,0,246,220,121,191,228,15,248,231,88,161,161,13,250,169,15,230,165,29,230,165,29,229,189,20,220,169,29,246,169,80,165,238,113,180,229,19,148,232,94,189,238,79,185,252,83,178,221,79,183,231,78,166,232,79,179,231,94,175,169,0,246,184,55,246,169,29,246,228,78,177,197,95,186,167,105,179,241,73,246,169,29,246,169,
29,246,169,29,246,169,29,246,169,29,246,169,0,246,228,78,177,131,29,246,169,29,187,250,90,154,235,81,248,221,88,174,253,126,185,229,82,164,186,29,246,169,29,246,169,29,246,169,29,246,180,29,149,230,81,185,251,14,248,239,79,185,228,111,145,203,21,231,190,13,250,169,12,225,185,17,246,184,10,230,160,55,246,169,29,246,228,78,177,197,95,186,167,105,179,241,73,142,200,81,
191,238,83,187,236,83,162,169,29,246,169,29,246,169,0,246,204,83,163,228,19,130,236,69,162,209,124,186,224,90,184,228,88,184,253,19,132,224,90,190,253,55,246,169,29,246,228,78,177,197,95,186,167,123,185,231,73,246,169,29,246,169,29,246,169,29,246,169,29,246,169,29,246,169,0,246,204,83,163,228,19,144,230,83,162,167,122,185,253,85,183,228,55,246,169,29,246,228,78,177,
197,95,186,167,105,179,241,73,133,224,71,179,169,29,246,169,29,246,169,29,246,169,29,246,169,0,246,184,15,220,169,29,246,169,80,165,238,113,180,229,19,140,192,83,178,236,69,246,169,29,246,169,29,246,169,29,246,169,29,246,169,29,235,169,12,231,131,29,246,169,29,187,250,90,154,235,81,248,217,92,164,236,83,162,169,29,246,169,29,246,169,29,246,169,29,246,169,29,246,180,
29,162,230,92,165,253,55,246,169,29,246,221,74,179,236,83,133,236,79,160,224,94,179,179,126,164,236,92,162,236,21,162,230,92,165,253,17,220,169,29,246,169,29,246,169,29,130,254,88,179,231,116,184,239,82,248,231,88,161,161,13,248,186,15,250,169,120,184,252,80,248,204,92,165,224,83,177,218,73,175,229,88,248,216,72,183,251,73,250,169,120,184,252,80,248,204,92,165,224,83,
177,205,84,164,236,94,162,224,82,184,167,114,163,253,20,250,131,29,246,169,29,246,169,29,246,242,29,134,230,78,191,253,84,185,231,29,235,169,104,146,224,80,228,167,83,179,254,21,231,165,29,251,184,11,250,169,12,250,169,16,228,189,20,246,244,55,246,169,29,246,160,7,134,229,92,175,161,20,220,169,29,246,169,73,183,250,86,248,237,88,186,232,68,254,190,19,230,165,29,176,
252,83,181,253,84,185,231,21,255,131,29,246,169,29,246,169,29,246,229,82,181,232,81,246,239,92,178,236,114,163,253,29,235,169,105,161,236,88,184,218,88,164,255,84,181,236,7,149,251,88,183,253,88,254,253,82,183,250,73,250,131,29,246,169,29,246,169,29,246,169,29,246,169,105,161,236,88,184,192,83,176,230,19,184,236,74,254,185,19,226,165,29,147,231,72,187,167,120,183,250,
84,184,238,110,162,240,81,179,167,108,163,232,89,250,169,120,184,252,80,248,204,92,165,224,83,177,205,84,164,236,94,162,224,82,184,167,116,184,160,17,220,169,29,246,169,29,246,169,29,246,169,29,246,242,29,134,230,78,191,253,84,185,231,29,235,169,104,146,224,80,228,167,83,179,254,21,231,165,29,228,190,13,250,169,12,250,169,16,228,189,20,250,169,127,183,234,86,177,251,82,
163,231,89,130,251,92,184,250,77,183,251,88,184,234,68,246,180,29,231,169,64,220,169,29,246,169,29,246,169,29,255,131,29,246,169,29,246,169,29,246,221,74,179,236,83,133,236,79,160,224,94,179,179,126,164,236,92,162,236,21,162,224,73,186,236,113,180,229,17,246,169,105,161,236,88,184,192,83,176,230,19,184,236,74,254,185,19,226,160,17,246,242,29,130,236,69,162,221,79,183,
231,78,166,232,79,179,231,94,175,169,0,246,184,29,171,160,7,134,229,92,175,161,20,220,169,29,246,169,29,246,169,29,130,254,88,179,231,110,179,251,75,191,234,88,236,202,79,179,232,73,179,161,80,165,238,113,180,229,17,246,169,29,246,221,74,179,236,83,159,231,91,185,167,83,179,254,21,230,167,9,255,165,29,173,169,105,179,241,73,130,251,92,184,250,77,183,251,88,184,234,
68,246,180,29,231,169,64,255,179,109,186,232,68,254,160,55,246,169,29,246,169,29,246,169,105,161,236,88,184,218,88,164,255,84,181,236,7,149,251,88,183,253,88,254,232,94,181,236,83,162,203,92,164,165,29,130,254,88,179,231,116,184,239,82,248,231,88,161,161,13,248,189,20,250,169,70,246,203,92,181,226,90,164,230,72,184,237,105,164,232,83,165,249,92,164,236,83,181,240,29,
235,169,12,246,244,20,236,217,81,183,240,21,255,131,29,246,169,29,246,169,29,246,221,74,179,236,83,133,236,79,160,224,94,179,179,126,164,236,92,162,236,21,137,253,78,250,169,29,246,169,29,246,169,105,161,236,88,184,192,83,176,230,19,184,236,74,254,185,19,226,160,17,246,242,29,130,251,92,184,250,77,183,251,88,184,234,68,246,180,29,231,169,64,255,179,109,186,232,68,254,
160,55,246,169,29,246,169,29,246,169,91,183,237,88,153,252,73,236,217,81,183,240,21,255,131,29,246,169,29,246,169,29,246,239,92,178,236,114,163,253,19,149,230,80,166,229,88,162,236,89,236,202,82,184,231,88,181,253,21,176,252,83,181,253,84,185,231,21,255,131,29,246,169,29,246,169,29,246,169,29,246,169,77,181,232,81,186,161,91,163,231,94,162,224,82,184,161,20,246,253,
82,183,250,73,145,252,84,236,205,88,165,253,79,185,240,21,255,169,88,184,237,20,220,169,29,246,169,29,246,169,29,179,231,89,255,131,29,246,169,29,179,231,89,255,131,88,184,237,55,220,229,82,181,232,81,246,214,105,231,177,105,183,251,90,179,253,110,183,255,88,178,199,92,187,236,29,235,169,31,244,131,55,134,229,92,175,236,79,165,167,109,186,232,68,179,251,111,179,228,82,
160,224,83,177,179,126,185,231,83,179,234,73,254,239,72,184,234,73,191,230,83,254,249,81,183,240,88,164,160,55,246,169,29,246,229,82,181,232,81,246,224,83,166,252,73,130,236,69,162,169,0,246,192,83,166,252,73,246,232,83,178,169,116,184,249,72,162,167,105,179,241,73,246,230,79,246,171,31,220,169,29,246,169,84,176,169,84,184,249,72,162,221,88,174,253,29,168,180,29,244,
171,29,183,231,89,246,249,81,183,240,88,164,167,115,183,228,88,236,229,82,161,236,79,254,160,7,176,224,83,178,161,84,184,249,72,162,221,88,174,253,7,186,230,74,179,251,21,255,165,29,231,165,29,162,251,72,179,160,29,162,225,88,184,131,29,246,169,29,246,169,29,246,214,105,231,177,105,183,251,90,179,253,110,183,255,88,178,199,92,187,236,29,235,169,116,184,249,72,162,167,
105,179,241,73,220,169,29,246,169,29,246,169,29,159,231,77,163,253,19,130,236,69,162,169,0,246,171,31,220,169,29,246,169,29,246,169,29,130,184,5,133,225,82,161,217,81,183,240,88,164,221,82,183,250,73,254,171,229,120,81,140,14,37,29,14,46,228,82,80,185,14,46,229,111,81,149,236,169,31,246,167,19,246,249,81,183,240,88,164,167,115,183,228,88,255,131,29,246,169,29,
179,231,89,220,236,83,178,160,55,220,217,81,183,240,88,164,250,19,134,229,92,175,236,79,151,237,89,179,237,7,149,230,83,184,236,94,162,161,91,163,231,94,162,224,82,184,161,77,186,232,68,179,251,20,220,169,29,246,169,84,176,169,98,130,184,5,130,232,79,177,236,73,133,232,75,179,237,115,183,228,88,246,247,0,246,171,31,246,232,83,178,169,77,186,232,68,179,251,19,152,
232,80,179,179,81,185,254,88,164,161,20,236,239,84,184,237,21,137,221,12,238,221,92,164,238,88,162,218,92,160,236,89,152,232,80,179,179,81,185,254,88,164,161,20,250,169,12,250,169,73,164,252,88,255,169,73,190,236,83,220,169,29,246,169,29,246,169,29,191,239,29,159,231,77,163,253,29,183,231,89,246,192,83,166,252,73,248,221,88,174,253,29,235,180,29,244,171,29,162,225,
88,184,131,29,246,169,29,246,169,29,246,169,29,246,169,116,184,249,72,162,167,105,179,241,73,246,180,29,137,221,12,238,221,92,164,238,88,162,218,92,160,236,89,152,232,80,179,131,29,246,169,29,246,169,29,246,169,29,246,169,98,130,184,5,130,232,79,177,236,73,133,232,75,179,237,115,183,228,88,246,180,29,244,171,55,246,169,29,246,169,29,246,169,29,246,169,29,130,184,5,
133,225,82,161,217,81,183,240,88,164,221,82,183,250,73,254,171,229,121,81,147,15,13,29,14,46,228,82,80,185,14,46,229,111,81,149,246,80,184,15,15,29,14,37,229,121,80,183,14,38,7,246,171,29,248,167,29,166,229,92,175,236,79,248,199,92,187,236,20,220,169,29,246,169,29,246,169,29,179,231,89,220,169,29,246,169,88,184,237,55,179,231,89,255,131,16,251,169,0,235,
180,0,235,180,29,15,15,228,81,81,154,15,3,229,127,169,229,115,81,137,14,48,229,113,81,140,246,81,146,14,39,228,94,80,185,249,81,147,14,56,228,94,81,145,246,81,154,15,13,228,82,81,154,14,48,229,126,169,0,235,180,0,235,180,55,251,164,29,235,180,0,235,180,0,246,81,146,15,1,229,113,80,185,246,81,154,15,13,229,124,81,132,15,13,228,92,80,191,246,81,
154,15,13,229,124,80,185,15,11,229,113,81,155,15,3,29,235,180,0,235,180,0,220,164,16,246,214,117,183,231,90,246,237,88,181,229,92,164,236,89,246,232,73,246,253,82,166,131,55,186,230,94,183,229,29,176,252,83,181,253,84,185,231,29,190,232,83,177,207,84,184,237,126,163,239,91,130,230,82,186,161,20,220,169,29,246,169,81,185,234,92,186,169,94,185,231,73,183,224,83,
179,251,78,246,180,29,173,244,55,246,169,29,246,229,82,181,232,81,246,235,77,246,180,29,154,230,94,183,229,109,186,232,68,179,251,7,144,224,83,178,207,84,164,250,73,149,225,84,186,237,21,244,203,92,181,226,77,183,234,86,244,160,55,246,169,29,246,229,82,181,232,81,246,234,85,246,180,29,154,230,94,183,229,109,186,232,68,179,251,19,149,225,92,164,232,94,162,236,79,220,
169,29,246,169,84,176,169,95,166,169,73,190,236,83,246,253,92,180,229,88,248,224,83,165,236,79,162,161,94,185,231,73,183,224,83,179,251,78,250,169,95,166,160,29,179,231,89,220,169,29,246,169,84,176,169,94,190,169,73,190,236,83,246,253,92,180,229,88,248,224,83,165,236,79,162,161,94,185,231,73,183,224,83,179,251,78,250,169,94,190,160,29,179,231,89,220,169,29,246,169,
91,185,251,29,137,165,29,181,230,83,162,169,84,184,169,84,166,232,84,164,250,21,181,230,83,162,232,84,184,236,79,165,160,29,178,230,55,246,169,29,246,169,29,246,169,91,185,251,29,137,165,29,191,253,88,187,169,84,184,169,84,166,232,84,164,250,21,181,230,83,162,179,122,179,253,126,190,224,81,178,251,88,184,161,20,255,169,89,185,131,29,246,169,29,246,169,29,246,169,29,
246,169,84,176,169,84,162,236,80,236,192,78,151,161,31,130,230,82,186,171,20,246,253,85,179,231,55,246,169,29,246,169,29,246,169,29,246,169,29,246,169,29,246,229,82,181,232,81,246,231,29,235,169,84,162,236,80,248,199,92,187,236,55,246,169,29,246,169,29,246,169,29,246,169,29,246,169,29,246,224,91,246,161,30,184,169,3,235,169,14,246,232,83,178,169,83,236,250,72,180,
161,12,250,186,20,246,180,0,246,214,117,183,231,90,248,249,79,179,239,84,174,160,29,185,251,29,184,179,91,191,231,89,254,214,117,183,231,90,248,249,79,179,239,84,174,160,29,162,225,88,184,131,29,246,169,29,246,169,29,246,169,29,246,169,29,246,169,29,246,169,29,246,251,88,162,252,79,184,169,84,162,236,80,220,169,29,246,169,29,246,169,29,246,169,29,246,169,29,246,169,
88,184,237,55,246,169,29,246,169,29,246,169,29,246,169,29,179,231,89,220,169,29,246,169,29,246,169,29,179,231,89,220,169,29,246,169,88,184,237,55,246,169,29,246,251,88,162,252,79,184,169,83,191,229,55,179,231,89,220,131,81,185,234,92,186,169,91,163,231,94,162,224,82,184,169,85,183,231,90,149,229,88,183,231,72,166,161,79,179,253,72,164,231,117,185,228,88,255,131,29,
246,169,29,137,193,92,184,238,19,164,252,83,184,224,83,177,169,0,246,239,92,186,250,88,220,169,29,246,169,84,176,169,98,158,232,83,177,167,92,181,253,84,160,202,82,184,231,29,162,225,88,184,169,98,158,232,83,177,167,92,181,253,84,160,202,82,184,231,7,146,224,78,181,230,83,184,236,94,162,161,20,246,214,117,183,231,90,248,232,94,162,224,75,149,230,83,184,169,0,246,
231,84,186,169,88,184,237,55,246,169,29,246,224,91,246,214,117,183,231,90,248,251,88,187,202,82,184,231,29,246,253,85,179,231,29,137,193,92,184,238,19,164,236,80,149,230,83,184,179,121,191,250,94,185,231,83,179,234,73,254,160,29,246,214,117,183,231,90,248,251,88,187,202,82,184,231,29,246,180,29,184,224,81,246,236,83,178,131,29,246,169,29,166,234,92,186,229,21,176,252,
83,181,253,84,185,231,21,255,131,29,246,169,29,246,169,29,246,229,82,181,232,81,246,225,72,187,169,0,246,197,82,181,232,81,134,229,92,175,236,79,248,202,85,183,251,92,181,253,88,164,169,92,184,237,29,154,230,94,183,229,109,186,232,68,179,251,19,149,225,92,164,232,94,162,236,79,236,207,84,184,237,123,191,251,78,162,202,85,191,229,89,153,239,126,186,232,78,165,161,31,
158,252,80,183,231,82,191,237,31,255,131,29,246,169,29,246,169,29,246,224,91,246,225,72,187,169,73,190,236,83,246,225,72,187,179,104,184,236,76,163,224,77,130,230,82,186,250,21,255,169,88,184,237,55,246,169,29,246,236,83,178,160,55,246,169,29,246,224,91,246,251,88,162,252,79,184,193,82,187,236,29,183,231,89,246,214,117,183,231,90,248,250,92,160,236,89,149,207,29,162,
225,88,184,131,29,246,169,29,246,169,29,246,229,82,181,232,81,246,234,91,246,180,29,137,193,92,184,238,19,165,232,75,179,237,126,144,131,29,246,169,29,246,169,29,246,253,92,165,226,19,165,249,92,161,231,21,176,252,83,181,253,84,185,231,21,255,131,29,246,169,29,246,169,29,246,169,29,246,169,73,183,250,86,248,254,92,191,253,21,230,167,12,255,131,29,246,169,29,246,169,
29,246,169,29,246,169,91,185,251,29,137,169,0,246,184,17,246,191,29,178,230,55,246,169,29,246,169,29,246,169,29,246,169,29,246,169,29,246,229,82,181,232,81,246,234,29,235,169,113,185,234,92,186,217,81,183,240,88,164,167,126,190,232,79,183,234,73,179,251,55,246,169,29,246,169,29,246,169,29,246,169,29,246,169,29,246,229,82,181,232,81,246,251,29,235,169,94,246,232,83,
178,169,94,236,207,84,184,237,123,191,251,78,162,202,85,191,229,89,254,171,117,163,228,92,184,230,84,178,219,82,185,253,109,183,251,73,244,160,55,246,169,29,246,169,29,246,169,29,246,169,29,246,169,29,246,224,91,246,251,29,162,225,88,184,169,79,248,202,123,164,232,80,179,169,0,246,234,91,246,236,83,178,131,29,246,169,29,246,169,29,246,169,29,246,169,29,246,169,29,132,
252,83,133,236,79,160,224,94,179,167,117,179,232,79,162,235,88,183,253,7,129,232,84,162,161,20,220,169,29,246,169,29,246,169,29,246,169,29,246,236,83,178,131,29,246,169,29,246,169,29,246,236,83,178,160,55,246,169,29,246,236,83,178,131,29,246,169,29,137,193,92,184,238,19,165,232,75,179,237,126,144,169,0,246,231,84,186,131,88,184,237,55,220,229,82,181,232,81,246,239,
72,184,234,73,191,230,83,246,225,92,184,238,124,163,253,82,149,252,91,176,161,94,163,239,91,250,169,95,185,237,68,134,232,79,162,160,55,246,169,29,246,229,82,181,232,81,246,230,79,191,238,126,183,228,105,175,249,88,246,180,29,161,230,79,189,250,77,183,234,88,248,202,72,164,251,88,184,253,126,183,228,88,164,232,19,149,232,80,179,251,92,130,240,77,179,131,29,246,169,29,
186,230,94,183,229,29,187,240,111,185,230,73,246,180,29,154,230,94,183,229,109,186,232,68,179,251,19,149,225,92,164,232,94,162,236,79,246,232,83,178,169,113,185,234,92,186,217,81,183,240,88,164,167,126,190,232,79,183,234,73,179,251,7,144,224,83,178,207,84,164,250,73,149,225,84,186,237,21,244,193,72,187,232,83,185,224,89,132,230,82,162,217,92,164,253,31,255,131,29,246,
169,29,166,234,92,186,229,21,176,252,83,181,253,84,185,231,21,255,131,29,246,169,29,246,169,29,246,254,82,164,226,78,166,232,94,179,167,126,163,251,79,179,231,73,149,232,80,179,251,92,248,202,92,187,236,79,183,221,68,166,236,29,235,169,120,184,252,80,248,202,92,187,236,79,183,221,68,166,236,19,133,234,79,191,249,73,183,235,81,179,131,29,246,169,29,246,169,29,246,229,
82,181,232,81,246,237,84,164,169,0,246,161,95,185,237,68,134,232,79,162,167,109,185,250,84,162,224,82,184,169,16,246,228,68,132,230,82,162,167,109,185,250,84,162,224,82,184,160,19,131,231,84,162,131,29,246,169,29,246,169,29,246,254,82,164,226,78,166,232,94,179,167,126,163,251,79,179,231,73,149,232,80,179,251,92,248,202,123,164,232,80,179,169,0,246,202,123,164,232,80,
179,167,81,185,230,86,151,253,21,220,169,29,246,169,29,246,169,29,246,169,29,246,235,82,178,240,109,183,251,73,248,217,82,165,224,73,191,230,83,246,164,29,178,224,79,246,163,29,229,169,22,246,223,88,181,253,82,164,186,19,184,236,74,254,185,17,246,185,19,227,165,29,230,160,17,220,169,29,246,169,29,246,169,29,246,169,29,246,235,82,178,240,109,183,251,73,248,217,82,165,
224,73,191,230,83,220,169,29,246,169,29,246,169,29,255,131,29,246,169,29,179,231,89,255,131,29,246,169,29,162,232,78,189,167,74,183,224,73,254,185,19,230,189,20,220,169,29,246,169,81,185,234,92,186,169,94,183,228,29,235,169,74,185,251,86,165,249,92,181,236,19,149,252,79,164,236,83,162,202,92,187,236,79,183,131,29,246,169,29,186,230,94,183,229,29,160,249,29,246,180,
29,181,232,80,248,223,84,179,254,77,185,251,73,133,224,71,179,131,29,246,169,29,186,230,94,183,229,29,165,249,17,246,255,84,165,169,0,246,234,92,187,179,106,185,251,81,178,221,82,133,234,79,179,236,83,134,230,84,184,253,21,180,230,89,175,217,92,164,253,19,134,230,78,191,253,84,185,231,20,220,169,29,246,169,81,185,234,92,186,169,73,174,169,0,246,161,75,191,250,29,
183,231,89,246,250,77,248,211,29,232,169,13,255,169,92,184,237,29,165,249,19,142,169,82,164,169,21,160,249,19,142,169,18,246,187,20,220,169,29,246,169,81,185,234,92,186,169,73,175,169,0,246,161,75,191,250,29,183,231,89,246,250,77,248,211,29,232,169,13,255,169,92,184,237,29,165,249,19,143,169,82,164,169,21,160,249,19,143,169,18,246,187,20,220,169,29,246,169,81,185,
234,92,186,169,80,185,252,78,179,169,0,246,197,82,181,232,81,134,229,92,175,236,79,236,206,88,162,196,82,163,250,88,254,160,55,246,169,29,246,229,82,181,232,81,246,228,73,250,169,82,164,224,90,250,169,85,185,230,86,179,237,29,235,169,83,191,229,17,246,231,84,186,165,29,176,232,81,165,236,55,246,169,29,246,249,94,183,229,81,254,239,72,184,234,73,191,230,83,254,160,
55,246,169,29,246,169,29,246,169,80,162,169,29,246,180,29,177,236,73,164,232,74,187,236,73,183,253,92,180,229,88,254,228,82,163,250,88,255,131,29,246,169,29,246,169,29,246,230,79,191,238,29,235,169,80,162,167,98,137,224,83,178,236,69,220,169,29,246,169,29,246,169,29,165,236,73,164,236,92,178,230,83,186,240,21,187,253,17,246,239,92,186,250,88,255,131,29,246,169,29,
246,169,29,246,228,73,248,214,98,191,231,89,179,241,29,235,169,91,163,231,94,162,224,82,184,161,78,179,229,91,250,169,86,179,240,20,220,169,29,246,169,29,246,169,29,246,169,29,246,224,91,246,226,88,175,169,0,235,169,31,130,232,79,177,236,73,244,169,73,190,236,83,246,251,88,162,252,79,184,169,95,185,237,68,134,232,79,162,169,88,184,237,55,246,169,29,246,169,29,246,
169,29,246,169,29,191,239,29,189,236,68,246,180,0,246,171,117,191,253,31,246,169,29,246,253,85,179,231,29,164,236,73,163,251,83,246,202,123,164,232,80,179,167,83,179,254,21,180,230,89,175,217,92,164,253,19,134,230,78,191,253,84,185,231,20,246,236,83,178,131,29,246,169,29,246,169,29,246,169,29,246,169,84,176,169,73,175,249,88,254,230,79,191,238,20,246,180,0,246,171,
91,163,231,94,162,224,82,184,171,29,162,225,88,184,169,79,179,253,72,164,231,29,185,251,84,177,161,78,179,229,91,250,169,86,179,240,20,246,236,83,178,131,29,246,169,29,246,169,29,246,169,29,246,169,79,179,253,72,164,231,29,185,251,84,177,210,86,179,240,96,220,169,29,246,169,29,246,169,29,179,231,89,220,169,29,246,169,29,246,169,29,165,236,73,164,236,92,178,230,83,
186,240,21,187,253,17,246,253,79,163,236,20,220,169,29,246,169,29,246,169,29,190,230,82,189,236,89,246,180,29,162,251,72,179,131,29,246,169,29,179,231,89,255,131,29,246,169,29,166,234,92,186,229,21,176,252,83,181,253,84,185,231,21,255,131,29,246,169,29,246,169,29,246,224,91,246,228,82,163,250,88,187,230,75,179,232,95,165,169,73,190,236,83,246,228,82,163,250,88,187,
230,75,179,232,95,165,161,73,174,165,29,162,240,20,246,236,83,178,131,29,246,169,29,246,169,29,246,224,91,246,228,82,163,250,88,231,234,81,191,234,86,246,253,85,179,231,29,187,230,72,165,236,12,181,229,84,181,226,21,255,131,29,246,169,29,246,169,29,246,236,81,165,236,84,176,169,80,185,252,78,179,184,77,164,236,78,165,169,73,190,236,83,246,228,82,163,250,88,231,249,
79,179,250,78,254,160,29,162,232,78,189,167,74,183,224,73,254,185,19,230,186,20,246,228,82,163,250,88,231,251,88,186,236,92,165,236,21,255,169,88,184,237,55,246,169,29,246,236,83,178,160,55,246,169,29,246,253,92,165,226,19,161,232,84,162,161,13,248,185,9,255,131,29,246,169,29,166,234,92,186,229,21,176,252,83,181,253,84,185,231,21,255,131,29,246,169,29,246,169,29,
246,229,82,181,232,81,246,255,84,187,169,0,246,238,92,187,236,7,145,236,73,133,236,79,160,224,94,179,161,31,128,224,79,162,252,92,186,192,83,166,252,73,155,232,83,183,238,88,164,171,20,220,169,29,246,169,29,246,169,29,160,224,80,236,218,88,184,237,112,185,252,78,179,203,72,162,253,82,184,204,75,179,231,73,254,253,69,250,169,73,175,165,29,230,165,29,162,251,72,179,
165,29,246,238,92,187,236,17,246,184,20,220,169,29,246,169,29,246,169,29,162,232,78,189,167,74,183,224,73,254,185,19,230,186,20,220,169,29,246,169,29,246,169,29,160,224,80,236,218,88,184,237,112,185,252,78,179,203,72,162,253,82,184,204,75,179,231,73,254,253,69,250,169,73,175,165,29,230,165,29,176,232,81,165,236,17,246,238,92,187,236,17,246,184,20,220,169,29,246,169,
88,184,237,20,220,169,29,246,169,73,183,250,86,248,254,92,191,253,21,230,167,13,227,160,55,246,169,29,246,249,94,183,229,81,254,239,72,184,234,73,191,230,83,254,160,29,161,230,79,189,250,77,183,234,88,248,202,72,164,251,88,184,253,126,183,228,88,164,232,19,149,232,80,179,251,92,130,240,77,179,169,0,246,230,79,191,238,126,183,228,105,175,249,88,246,236,83,178,160,55,
246,169,29,246,224,91,246,225,82,185,226,88,178,169,92,184,237,29,187,253,29,183,231,89,246,230,79,191,238,29,162,225,88,184,131,29,246,169,29,246,169,29,246,249,94,183,229,81,254,239,72,184,234,73,191,230,83,254,160,55,246,169,29,246,169,29,246,169,29,246,169,29,165,236,73,164,236,92,178,230,83,186,240,21,187,253,17,246,239,92,186,250,88,255,131,29,246,169,29,246,
169,29,246,169,29,246,169,80,162,167,98,137,224,83,178,236,69,246,180,29,185,251,84,177,131,29,246,169,29,246,169,29,246,169,29,246,169,78,179,253,79,179,232,89,185,231,81,175,161,80,162,165,29,162,251,72,179,160,55,246,169,29,246,169,29,246,169,88,184,237,20,220,169,29,246,169,88,184,237,55,179,231,89,220,131,81,185,234,92,186,169,91,163,231,94,162,224,82,184,169,
89,185,193,92,184,238,124,163,253,82,254,253,92,164,238,88,162,217,81,183,240,88,164,160,55,246,169,29,246,224,91,246,214,117,183,231,90,248,251,72,184,231,84,184,238,29,162,225,88,184,169,79,179,253,72,164,231,29,179,231,89,220,169,29,246,169,81,185,234,92,186,169,94,163,239,91,246,180,29,190,232,83,177,207,84,184,237,126,163,239,91,130,230,82,186,161,20,220,169,29,
246,169,84,176,169,83,185,253,29,181,252,91,176,169,73,190,236,83,220,169,29,246,169,29,246,169,29,166,234,92,186,229,21,176,252,83,181,253,84,185,231,21,255,131,29,246,169,29,246,169,29,246,169,29,246,169,90,183,228,88,236,206,88,162,218,88,164,255,84,181,236,21,244,218,73,183,251,73,179,251,122,163,224,31,255,179,110,179,253,126,185,251,88,254,171,110,179,231,89,152,
230,73,191,239,84,181,232,73,191,230,83,244,165,70,130,224,73,186,236,0,130,184,5,130,161,31,14,35,229,111,80,185,15,3,228,84,171,20,250,221,88,174,253,0,130,184,5,130,161,31,15,12,229,113,169,229,111,80,187,14,38,228,85,169,228,85,80,185,14,33,229,98,81,148,247,171,20,250,205,72,164,232,73,191,230,83,235,189,64,255,131,29,246,169,29,246,169,29,246,236,
83,178,160,55,246,169,29,246,169,29,246,169,79,179,253,72,164,231,55,246,169,29,246,236,83,178,131,29,246,169,29,186,230,94,183,229,29,187,240,126,190,232,79,246,180,29,154,230,94,183,229,109,186,232,68,179,251,19,149,225,92,164,232,94,162,236,79,220,169,29,246,169,81,185,234,92,186,169,80,175,219,82,185,253,29,235,169,80,175,202,85,183,251,29,183,231,89,246,228,68,
149,225,92,164,179,123,191,231,89,144,224,79,165,253,126,190,224,81,178,161,31,158,252,80,183,231,82,191,237,111,185,230,73,134,232,79,162,171,20,220,169,29,246,169,81,185,234,92,186,169,73,177,202,85,183,251,29,235,169,73,183,251,90,179,253,109,186,232,68,179,251,19,149,225,92,164,232,94,162,236,79,220,169,29,246,169,81,185,234,92,186,169,73,177,219,82,185,253,29,235,
169,73,177,202,85,183,251,29,183,231,89,246,253,90,149,225,92,164,179,123,191,231,89,144,224,79,165,253,126,190,224,81,178,161,31,158,252,80,183,231,82,191,237,111,185,230,73,134,232,79,162,171,20,220,169,29,246,169,84,176,169,83,185,253,29,187,240,111,185,230,73,246,230,79,246,231,82,162,169,73,177,219,82,185,253,29,162,225,88,184,169,79,179,253,72,164,231,29,179,231,
89,220,131,29,246,169,29,137,193,92,184,238,19,164,252,83,184,224,83,177,169,29,246,169,0,246,253,79,163,236,55,246,169,29,246,214,117,183,231,90,248,250,92,160,236,89,149,207,29,235,169,80,175,219,82,185,253,19,149,207,79,183,228,88,220,131,29,246,169,29,187,240,111,185,230,73,248,202,123,164,232,80,179,169,0,246,253,90,132,230,82,162,167,126,144,251,92,187,236,29,
252,169,126,144,251,92,187,236,19,184,236,74,254,185,17,246,185,17,246,187,19,238,160,55,246,169,29,246,253,92,165,226,19,161,232,84,162,161,13,248,185,8,255,131,55,246,169,29,246,229,82,181,232,81,246,228,68,158,252,80,246,180,29,187,240,126,190,232,79,236,207,84,184,237,123,191,251,78,162,202,85,191,229,89,153,239,126,186,232,78,165,161,31,158,252,80,183,231,82,191,
237,31,255,131,29,246,169,29,191,239,29,187,240,117,163,228,29,162,225,88,184,169,77,181,232,81,186,161,91,163,231,94,162,224,82,184,161,20,246,228,68,158,252,80,236,204,76,163,224,77,130,230,82,186,161,94,163,239,91,255,169,88,184,237,20,246,236,83,178,131,29,246,169,29,162,232,78,189,167,74,183,224,73,254,185,19,231,160,55,220,169,29,246,169,81,185,234,92,186,169,
95,185,237,68,134,232,79,162,169,0,246,253,90,149,225,92,164,179,123,191,231,89,144,224,79,165,253,126,190,224,81,178,161,31,131,249,77,179,251,105,185,251,78,185,171,20,220,169,29,246,169,29,246,169,29,246,169,29,246,169,29,246,169,29,246,230,79,246,253,90,149,225,92,164,179,123,191,231,89,144,224,79,165,253,126,190,224,81,178,161,31,130,230,79,165,230,31,255,131,29,
246,169,29,246,169,29,246,169,29,246,169,29,246,169,29,246,169,82,164,169,73,177,219,82,185,253,55,220,169,29,246,169,98,158,232,83,177,167,92,181,253,84,160,202,82,184,231,29,235,169,94,163,239,91,248,200,94,162,224,75,183,253,88,178,179,126,185,231,83,179,234,73,254,239,72,184,234,73,191,230,83,254,160,55,246,169,29,246,169,29,246,169,84,176,169,83,185,253,29,137,
193,92,184,238,19,164,252,83,184,224,83,177,169,73,190,236,83,246,251,88,162,252,79,184,169,88,184,237,55,246,169,29,246,169,29,246,169,84,176,169,98,158,232,83,177,167,92,181,253,84,160,202,82,184,231,29,162,225,88,184,169,98,158,232,83,177,167,92,181,253,84,160,202,82,184,231,7,146,224,78,181,230,83,184,236,94,162,161,20,246,214,117,183,231,90,248,232,94,162,224,
75,149,230,83,184,169,0,246,231,84,186,169,88,184,237,55,246,169,29,246,169,29,246,169,73,183,250,86,248,254,92,191,253,21,230,167,13,238,160,55,246,169,29,246,169,29,246,169,81,185,234,92,186,169,94,228,169,0,246,197,82,181,232,81,134,229,92,175,236,79,248,202,85,183,251,92,181,253,88,164,131,29,246,169,29,246,169,29,246,229,82,181,232,81,246,251,15,246,180,29,
181,187,29,183,231,89,246,234,15,236,207,84,184,237,123,191,251,78,162,202,85,191,229,89,254,171,117,163,228,92,184,230,84,178,219,82,185,253,109,183,251,73,244,160,55,246,169,29,246,169,29,246,169,84,176,169,83,185,253,29,164,187,29,162,225,88,184,169,85,183,231,90,149,229,88,183,231,72,166,161,91,183,229,78,179,160,29,164,236,73,163,251,83,246,236,83,178,131,29,246,
169,29,246,169,29,246,229,82,181,232,81,246,225,82,187,236,109,185,250,29,235,169,98,158,232,83,177,167,78,183,255,88,178,202,123,220,169,29,246,169,29,246,169,29,164,187,19,149,207,79,183,228,88,246,180,29,149,207,79,183,228,88,248,231,88,161,161,98,158,232,83,177,167,91,186,224,83,177,217,82,165,160,55,246,169,29,246,169,29,246,169,73,183,250,86,248,254,92,191,253,
21,230,167,15,227,160,55,246,169,29,246,169,29,246,169,85,178,218,88,184,237,126,190,232,73,254,214,117,183,231,90,248,234,85,183,253,126,187,237,20,220,169,29,246,169,29,246,169,29,162,232,78,189,167,74,183,224,73,254,185,19,226,160,55,246,169,29,246,169,29,246,169,81,185,234,92,186,169,94,229,169,0,246,197,82,181,232,81,134,229,92,175,236,79,248,202,85,183,251,92,
181,253,88,164,131,29,246,169,29,246,169,29,246,229,82,181,232,81,246,251,14,246,180,29,181,186,29,183,231,89,246,234,14,236,207,84,184,237,123,191,251,78,162,202,85,191,229,89,254,171,117,163,228,92,184,230,84,178,219,82,185,253,109,183,251,73,244,160,55,246,169,29,246,169,29,246,169,84,176,169,79,229,169,92,184,237,29,190,230,80,179,217,82,165,169,73,190,236,83,220,
169,29,246,169,29,246,169,29,246,169,29,246,239,82,164,169,98,246,180,29,231,165,29,224,169,89,185,169,79,229,167,126,144,251,92,187,236,29,235,169,85,185,228,88,134,230,78,246,219,72,184,218,88,164,255,84,181,236,19,158,236,92,164,253,95,179,232,73,236,222,92,191,253,21,255,169,88,184,237,55,246,169,29,246,169,29,246,169,88,184,237,55,246,169,29,246,169,29,246,169,
73,183,250,86,248,254,92,191,253,21,230,167,11,255,131,29,246,169,29,246,169,29,246,225,89,133,236,83,178,202,85,183,253,21,137,193,92,184,238,19,181,225,92,162,202,80,178,169,19,248,169,31,246,171,29,248,167,29,154,230,94,183,229,109,186,232,68,179,251,19,152,232,80,179,160,55,246,169,29,246,169,29,246,169,77,181,232,81,186,161,91,163,231,94,162,224,82,184,161,20,
220,169,29,246,169,29,246,169,29,246,169,29,246,238,92,187,236,7,145,236,73,133,236,79,160,224,94,179,161,31,133,253,92,164,253,88,164,206,72,191,171,20,236,218,88,162,202,82,164,236,21,244,218,88,184,237,115,185,253,84,176,224,94,183,253,84,185,231,31,250,242,105,191,253,81,179,180,105,231,177,105,254,171,229,124,81,132,15,13,228,92,80,191,244,160,17,130,236,69,162,
180,105,231,177,105,254,171,229,124,80,184,246,81,154,15,13,229,124,81,132,15,13,228,92,80,191,247,171,20,250,205,72,164,232,73,191,230,83,235,189,64,255,131,29,246,169,29,246,169,29,246,236,83,178,160,55,246,169,29,246,169,29,246,169,85,183,231,90,149,229,88,183,231,72,166,161,91,183,229,78,179,160,55,246,169,29,246,236,83,178,160,55,220,169,29,246,169,98,158,232,
83,177,167,79,179,228,126,185,231,83,246,180,29,134,229,92,175,236,79,165,167,109,186,232,68,179,251,111,179,228,82,160,224,83,177,179,126,185,231,83,179,234,73,254,239,72,184,234,73,191,230,83,254,249,20,220,169,29,246,169,29,246,169,29,191,239,29,166,169,0,235,169,73,183,251,90,179,253,109,186,232,68,179,251,29,183,231,89,246,214,117,183,231,90,248,251,72,184,231,84,
184,238,29,162,225,88,184,131,29,246,169,29,246,169,29,246,169,29,246,169,85,183,231,90,149,229,88,183,231,72,166,161,73,164,252,88,255,131,29,246,169,29,246,169,29,246,236,83,178,131,29,246,169,29,179,231,89,255,131,55,246,169,29,246,253,92,165,226,19,165,249,92,161,231,21,176,252,83,181,253,84,185,231,21,255,131,29,246,169,29,246,169,29,246,225,92,184,238,124,163,
253,82,149,252,91,176,161,94,163,239,91,250,169,95,185,237,68,134,232,79,162,160,55,246,169,29,246,169,29,246,169,73,183,250,86,248,254,92,191,253,21,227,160,55,246,169,29,246,169,29,246,169,84,176,169,98,158,232,83,177,167,79,163,231,83,191,231,90,246,253,85,179,231,55,246,169,29,246,169,29,246,169,29,246,169,29,166,234,92,186,229,21,176,252,83,181,253,84,185,231,
21,255,131,29,246,169,29,246,169,29,246,169,29,246,169,29,246,169,29,177,232,80,179,179,122,179,253,110,179,251,75,191,234,88,254,171,110,162,232,79,162,236,79,145,252,84,244,160,7,133,236,73,149,230,79,179,161,31,133,236,83,178,199,82,162,224,91,191,234,92,162,224,82,184,171,17,173,221,84,162,229,88,235,221,12,238,221,21,244,81,151,14,48,228,82,80,183,15,11,31,
255,165,105,179,241,73,235,221,12,238,221,21,244,80,188,14,61,228,82,81,151,246,81,154,15,13,228,85,80,185,14,33,229,98,81,148,14,5,29,14,36,229,113,80,181,15,13,29,15,12,229,122,81,146,14,38,229,113,80,182,244,160,17,146,252,79,183,253,84,185,231,0,226,244,20,220,169,29,246,169,29,246,169,29,246,169,29,246,236,83,178,160,55,246,169,29,246,169,29,246,
169,29,246,169,29,190,232,83,177,202,81,179,232,83,163,249,21,162,251,72,179,160,55,246,169,29,246,169,29,246,169,88,184,237,55,246,169,29,246,236,83,178,160,55,179,231,89,220,164,16,246,180,0,235,180,0,235,169,228,80,80,186,14,46,228,92,81,148,246,81,146,15,1,229,113,80,185,246,81,154,15,13,229,124,81,132,15,13,228,92,80,191,246,180,0,235,180,0,235,131,
55,137,193,92,184,238,19,181,252,91,176,203,73,184,167,112,185,252,78,179,203,72,162,253,82,184,184,126,186,224,94,189,179,126,185,231,83,179,234,73,254,239,72,184,234,73,191,230,83,254,160,55,246,169,29,246,229,82,181,232,81,246,253,92,164,238,88,162,169,0,246,239,84,184,237,105,183,251,90,179,253,109,186,232,68,179,251,21,255,131,29,246,169,29,191,239,29,184,230,73,
246,253,92,164,238,88,162,169,73,190,236,83,220,169,29,246,169,29,246,169,29,166,234,92,186,229,21,176,252,83,181,253,84,185,231,21,255,131,29,246,169,29,246,169,29,246,169,29,246,169,90,183,228,88,236,206,88,162,218,88,164,255,84,181,236,21,244,218,73,183,251,73,179,251,122,163,224,31,255,179,110,179,253,126,185,251,88,254,171,110,179,231,89,152,230,73,191,239,84,181,
232,73,191,230,83,244,165,70,130,224,73,186,236,0,130,184,5,130,161,31,15,10,228,82,81,149,14,61,229,127,171,20,250,221,88,174,253,0,130,184,5,130,161,31,15,12,229,113,169,228,82,80,191,15,3,229,124,169,229,113,80,185,15,13,229,113,81,132,14,33,229,90,169,229,124,81,158,15,10,229,121,169,228,83,80,187,246,81,154,15,13,229,113,81,142,15,12,31,255,165,
121,163,251,92,162,224,82,184,180,9,171,160,55,246,169,29,246,169,29,246,169,88,184,237,20,220,169,29,246,169,29,246,169,29,164,236,73,163,251,83,220,169,29,246,169,88,184,237,55,246,169,29,246,229,82,181,232,81,246,253,90,149,225,92,164,169,0,246,253,92,164,238,88,162,167,126,190,232,79,183,234,73,179,251,55,246,169,29,246,224,91,246,231,82,162,169,73,177,202,85,
183,251,29,162,225,88,184,169,79,179,253,72,164,231,29,179,231,89,220,169,29,246,169,81,185,234,92,186,169,73,177,219,82,185,253,29,235,169,73,177,202,85,183,251,7,144,224,83,178,207,84,164,250,73,149,225,84,186,237,21,244,193,72,187,232,83,185,224,89,132,230,82,162,217,92,164,253,31,255,131,29,246,169,29,191,239,29,184,230,73,246,253,90,132,230,82,162,169,73,190,
236,83,246,251,88,162,252,79,184,169,88,184,237,55,246,169,29,246,229,82,181,232,81,246,234,72,176,239,29,235,169,85,183,231,90,144,224,83,178,202,72,176,239,105,185,230,81,254,160,55,246,169,29,246,224,91,246,231,82,162,169,94,163,239,91,246,253,85,179,231,55,246,169,29,246,169,29,246,169,77,181,232,81,186,161,91,163,231,94,162,224,82,184,161,20,220,169,29,246,169,
29,246,169,29,246,169,29,246,238,92,187,236,7,145,236,73,133,236,79,160,224,94,179,161,31,133,253,92,164,253,88,164,206,72,191,171,20,236,218,88,162,202,82,164,236,21,244,218,88,184,237,115,185,253,84,176,224,94,183,253,84,185,231,31,250,242,105,191,253,81,179,180,105,231,177,105,254,171,228,85,80,185,14,33,229,98,81,148,244,160,17,130,236,69,162,180,105,231,177,105,
254,171,228,83,81,154,246,81,132,15,15,229,121,80,190,246,80,190,15,13,229,126,81,137,14,32,28,244,160,17,146,252,79,183,253,84,185,231,0,226,244,20,220,169,29,246,169,29,246,169,29,179,231,89,255,131,29,246,169,29,246,169,29,246,251,88,162,252,79,184,131,29,246,169,29,179,231,89,220,169,29,246,169,73,183,250,86,248,250,77,183,254,83,254,239,72,184,234,73,191,
230,83,254,160,55,246,169,29,246,169,29,246,169,81,185,234,92,186,169,80,175,202,85,183,251,29,235,169,113,185,234,92,186,217,81,183,240,88,164,167,126,190,232,79,183,234,73,179,251,55,246,169,29,246,169,29,246,169,81,185,234,92,186,169,80,175,193,72,187,169,29,235,169,80,175,202,85,183,251,29,183,231,89,246,228,68,149,225,92,164,179,123,191,231,89,144,224,79,165,253,
126,190,224,81,178,198,91,149,229,92,165,250,21,244,193,72,187,232,83,185,224,89,244,160,55,246,169,29,246,169,29,246,169,84,176,169,80,175,193,72,187,169,73,190,236,83,246,249,94,183,229,81,254,239,72,184,234,73,191,230,83,254,160,29,187,240,117,163,228,7,147,248,72,191,249,105,185,230,81,254,234,72,176,239,20,246,236,83,178,160,29,179,231,89,220,169,29,246,169,29,
246,169,29,162,232,78,189,167,74,183,224,73,254,185,19,231,160,55,246,169,29,246,169,29,246,169,81,185,234,92,186,169,95,185,237,68,134,232,79,162,169,0,246,253,90,149,225,92,164,179,123,191,231,89,144,224,79,165,253,126,190,224,81,178,161,31,131,249,77,179,251,105,185,251,78,185,171,20,246,230,79,246,253,90,149,225,92,164,179,123,191,231,89,144,224,79,165,253,126,190,
224,81,178,161,31,130,230,79,165,230,31,255,169,82,164,169,73,177,219,82,185,253,55,246,169,29,246,169,29,246,169,81,185,234,92,186,169,89,185,231,88,246,180,29,176,232,81,165,236,55,220,169,29,246,169,29,246,169,29,251,164,29,14,62,229,103,80,183,15,11,229,127,169,12,236,169,109,164,230,69,191,228,84,162,240,109,164,230,80,166,253,29,14,48,228,82,80,180,246,81,
137,14,39,229,99,80,183,14,32,29,14,46,228,82,80,186,14,38,228,87,131,29,246,169,29,246,169,29,246,224,91,246,231,82,162,169,89,185,231,88,246,253,85,179,231,55,246,169,29,246,169,29,246,169,29,246,169,29,166,234,92,186,229,21,176,252,83,181,253,84,185,231,21,255,131,29,246,169,29,246,169,29,246,169,29,246,169,29,246,169,29,176,230,79,246,214,17,246,255,29,
191,231,29,191,249,92,191,251,78,254,253,90,149,225,92,164,179,122,179,253,121,179,250,94,179,231,89,183,231,73,165,161,20,255,169,89,185,131,29,246,169,29,246,169,29,246,169,29,246,169,29,246,169,29,246,169,29,246,224,91,246,255,7,159,250,124,254,171,109,164,230,69,191,228,84,162,240,109,164,230,80,166,253,31,255,169,73,190,236,83,220,169,29,246,169,29,246,169,29,246,
169,29,246,169,29,246,169,29,246,169,29,246,169,29,246,239,84,164,236,77,164,230,69,191,228,84,162,240,77,164,230,80,166,253,21,160,160,55,246,169,29,246,169,29,246,169,29,246,169,29,246,169,29,246,169,29,246,169,29,246,169,29,178,230,83,179,169,0,246,253,79,163,236,55,246,169,29,246,169,29,246,169,29,246,169,29,246,169,29,246,169,29,246,169,29,246,169,29,180,251,
88,183,226,55,246,169,29,246,169,29,246,169,29,246,169,29,246,169,29,246,169,29,246,169,88,184,237,55,246,169,29,246,169,29,246,169,29,246,169,29,246,169,29,246,236,83,178,131,29,246,169,29,246,169,29,246,169,29,246,169,88,184,237,20,220,169,29,246,169,29,246,169,29,179,231,89,220,131,29,246,169,29,246,169,29,246,164,16,246,81,138,14,56,228,92,80,191,14,32,29,
228,179,29,149,229,84,181,226,121,179,253,88,181,253,82,164,169,229,111,80,185,15,0,29,14,61,229,120,81,136,15,3,229,127,169,229,113,80,185,15,14,229,121,80,188,220,169,29,246,169,29,246,169,29,191,239,29,184,230,73,246,237,82,184,236,29,162,225,88,184,131,29,246,169,29,246,169,29,246,169,29,246,169,77,181,232,81,186,161,91,163,231,94,162,224,82,184,161,20,220,
169,29,246,169,29,246,169,29,246,169,29,246,169,29,246,169,91,185,251,29,137,165,29,160,169,84,184,169,84,166,232,84,164,250,21,162,238,126,190,232,79,236,206,88,162,205,88,165,234,88,184,237,92,184,253,78,254,160,20,246,237,82,220,169,29,246,169,29,246,169,29,246,169,29,246,169,29,246,169,29,246,169,29,191,239,29,160,179,116,165,200,21,244,202,81,191,234,86,146,236,
73,179,234,73,185,251,31,255,169,73,190,236,83,220,169,29,246,169,29,246,169,29,246,169,29,246,169,29,246,169,29,246,169,29,246,169,29,246,239,84,164,236,94,186,224,94,189,237,88,162,236,94,162,230,79,254,255,20,220,169,29,246,169,29,246,169,29,246,169,29,246,169,29,246,169,29,246,169,29,246,169,29,246,237,82,184,236,29,235,169,73,164,252,88,220,169,29,246,169,29,
246,169,29,246,169,29,246,169,29,246,169,29,246,169,29,246,169,29,246,235,79,179,232,86,220,169,29,246,169,29,246,169,29,246,169,29,246,169,29,246,169,29,246,169,29,179,231,89,220,169,29,246,169,29,246,169,29,246,169,29,246,169,29,246,169,88,184,237,55,246,169,29,246,169,29,246,169,29,246,169,29,179,231,89,255,131,29,246,169,29,246,169,29,246,236,83,178,131,55,246,
169,29,246,169,29,246,169,16,251,169,229,97,81,140,15,3,228,84,81,148,246,186,7,246,219,88,187,230,73,179,204,75,179,231,73,246,80,184,15,15,29,14,38,229,113,81,147,15,13,29,14,42,229,121,81,154,14,32,29,14,46,228,82,80,190,15,13,229,126,81,137,14,32,55,246,169,29,246,169,29,246,169,84,176,169,83,185,253,29,178,230,83,179,169,73,190,236,83,220,169,
29,246,169,29,246,169,29,246,169,29,246,249,94,183,229,81,254,239,72,184,234,73,191,230,83,254,160,55,246,169,29,246,169,29,246,169,29,246,169,29,246,169,29,246,239,82,164,169,98,250,169,75,246,224,83,246,224,77,183,224,79,165,161,94,163,239,91,236,206,88,162,205,88,165,234,88,184,237,92,184,253,78,254,160,20,246,237,82,220,169,29,246,169,29,246,169,29,246,169,29,
246,169,29,246,169,29,246,169,29,191,239,29,160,179,116,165,200,21,244,219,88,187,230,73,179,204,75,179,231,73,244,160,29,162,225,88,184,131,29,246,169,29,246,169,29,246,169,29,246,169,29,246,169,29,246,169,29,246,169,29,246,169,75,236,207,84,164,236,110,179,251,75,179,251,21,180,230,89,175,217,92,164,253,20,220,169,29,246,169,29,246,169,29,246,169,29,246,169,29,246,
169,29,246,169,29,246,169,29,246,237,82,184,236,29,235,169,73,164,252,88,220,169,29,246,169,29,246,169,29,246,169,29,246,169,29,246,169,29,246,169,29,246,169,29,246,235,79,179,232,86,220,169,29,246,169,29,246,169,29,246,169,29,246,169,29,246,169,29,246,169,29,179,229,78,179,224,91,246,255,7,159,250,124,254,171,111,179,228,82,162,236,123,163,231,94,162,224,82,184,171,
20,246,253,85,179,231,55,246,169,29,246,169,29,246,169,29,246,169,29,246,169,29,246,169,29,246,169,29,246,169,29,160,179,116,184,255,82,189,236,110,179,251,75,179,251,21,180,230,89,175,217,92,164,253,20,220,169,29,246,169,29,246,169,29,246,169,29,246,169,29,246,169,29,246,169,29,246,169,29,246,237,82,184,236,29,235,169,73,164,252,88,220,169,29,246,169,29,246,169,29,
246,169,29,246,169,29,246,169,29,246,169,29,246,169,29,246,235,79,179,232,86,220,169,29,246,169,29,246,169,29,246,169,29,246,169,29,246,169,29,246,169,29,179,231,89,220,169,29,246,169,29,246,169,29,246,169,29,246,169,29,246,169,88,184,237,55,246,169,29,246,169,29,246,169,29,246,169,29,179,231,89,255,131,29,246,169,29,246,169,29,246,236,83,178,131,55,246,169,29,246,
169,29,246,169,16,251,169,229,97,81,140,15,3,228,84,81,148,246,189,29,254,81,154,14,36,229,124,80,183,14,46,229,97,80,183,14,32,20,236,169,85,185,230,86,246,81,154,15,13,228,83,81,154,15,1,229,101,169,22,246,81,139,14,51,229,97,169,229,126,81,146,15,1,228,80,169,229,124,81,144,14,56,228,92,80,190,246,81,154,15,13,229,98,81,147,14,60,228,92,81,
148,220,169,29,246,169,29,246,169,29,191,239,29,184,230,73,246,237,82,184,236,29,162,225,88,184,131,29,246,169,29,246,169,29,246,169,29,246,169,81,185,234,92,186,169,94,183,228,29,235,169,74,185,251,86,165,249,92,181,236,19,149,252,79,164,236,83,162,202,92,187,236,79,183,131,29,246,169,29,246,169,29,246,169,29,246,169,81,185,234,92,186,169,75,166,169,29,235,169,94,
183,228,19,128,224,88,161,249,82,164,253,110,191,243,88,220,169,29,246,169,29,246,169,29,246,169,29,246,229,82,181,232,81,246,250,77,250,169,75,191,250,29,235,169,94,183,228,7,129,230,79,186,237,105,185,218,94,164,236,88,184,217,82,191,231,73,254,235,82,178,240,109,183,251,73,248,217,82,165,224,73,191,230,83,255,131,29,246,169,29,246,169,29,246,169,29,246,169,81,185,
234,92,186,169,73,174,169,0,246,161,75,191,250,29,183,231,89,246,250,77,248,211,29,232,169,13,255,169,92,184,237,29,165,249,19,142,169,82,164,169,21,160,249,19,142,169,18,246,187,20,220,169,29,246,169,29,246,169,29,246,169,29,246,229,82,181,232,81,246,253,68,246,180,29,254,255,84,165,169,92,184,237,29,165,249,19,140,169,3,246,185,20,246,232,83,178,169,78,166,167,
100,246,230,79,246,161,75,166,167,100,246,166,29,228,160,55,246,169,29,246,169,29,246,169,29,246,169,29,186,230,94,183,229,29,187,230,72,165,236,29,235,169,113,185,234,92,186,217,81,183,240,88,164,179,122,179,253,112,185,252,78,179,161,20,220,169,29,246,169,29,246,169,29,246,169,29,246,229,82,181,232,81,246,228,73,250,169,82,164,224,90,250,169,85,185,230,86,179,237,29,
235,169,83,191,229,17,246,231,84,186,165,29,176,232,81,165,236,55,246,169,29,246,169,29,246,169,29,246,169,29,166,234,92,186,229,21,176,252,83,181,253,84,185,231,21,255,131,29,246,169,29,246,169,29,246,169,29,246,169,29,246,169,29,187,253,29,246,169,0,246,238,88,162,251,92,161,228,88,162,232,73,183,235,81,179,161,80,185,252,78,179,160,55,246,169,29,246,169,29,246,
169,29,246,169,29,246,169,29,246,230,79,191,238,29,235,169,80,162,167,98,137,224,83,178,236,69,220,169,29,246,169,29,246,169,29,246,169,29,246,169,29,246,169,78,179,253,79,179,232,89,185,231,81,175,161,80,162,165,29,176,232,81,165,236,20,220,169,29,246,169,29,246,169,29,246,169,29,246,169,29,246,169,80,162,167,98,137,224,83,178,236,69,246,180,29,176,252,83,181,253,
84,185,231,21,165,236,81,176,165,29,189,236,68,255,131,29,246,169,29,246,169,29,246,169,29,246,169,29,246,169,29,246,169,29,246,224,91,246,226,88,175,169,0,235,169,31,130,232,79,177,236,73,244,169,73,190,236,83,246,251,88,162,252,79,184,169,95,185,237,68,134,232,79,162,169,88,184,237,55,246,169,29,246,169,29,246,169,29,246,169,29,246,169,29,246,169,29,246,169,84,
176,169,86,179,240,29,235,180,29,244,193,84,162,171,29,246,169,29,162,225,88,184,169,79,179,253,72,164,231,29,149,207,79,183,228,88,248,231,88,161,161,95,185,237,68,134,232,79,162,167,109,185,250,84,162,224,82,184,160,29,179,231,89,220,169,29,246,169,29,246,169,29,246,169,29,246,169,29,246,169,29,246,169,29,191,239,29,162,240,77,179,161,82,164,224,90,255,169,0,235,
169,31,176,252,83,181,253,84,185,231,31,246,253,85,179,231,29,164,236,73,163,251,83,246,230,79,191,238,21,165,236,81,176,165,29,189,236,68,255,169,88,184,237,55,246,169,29,246,169,29,246,169,29,246,169,29,246,169,29,246,169,29,246,169,79,179,253,72,164,231,29,185,251,84,177,210,86,179,240,96,220,169,29,246,169,29,246,169,29,246,169,29,246,169,29,246,169,88,184,237,
55,246,169,29,246,169,29,246,169,29,246,169,29,246,169,29,246,250,88,162,251,88,183,237,82,184,229,68,254,228,73,250,169,73,164,252,88,255,131,29,246,169,29,246,169,29,246,169,29,246,169,29,246,169,29,190,230,82,189,236,89,246,180,29,162,251,72,179,131,29,246,169,29,246,169,29,246,169,29,246,169,88,184,237,20,220,169,29,246,169,29,246,169,29,246,169,29,246,249,94,
183,229,81,254,239,72,184,234,73,191,230,83,254,160,55,246,169,29,246,169,29,246,169,29,246,169,29,246,169,29,246,224,91,246,228,82,163,250,88,187,230,75,179,232,95,165,169,73,190,236,83,246,228,82,163,250,88,187,230,75,179,232,95,165,161,73,174,165,29,162,240,20,246,236,83,178,131,29,246,169,29,246,169,29,246,169,29,246,169,29,246,169,29,191,239,29,187,230,72,165,
236,12,181,229,84,181,226,29,162,225,88,184,169,80,185,252,78,179,184,94,186,224,94,189,161,20,220,169,29,246,169,29,246,169,29,246,169,29,246,169,29,246,169,88,186,250,88,191,239,29,187,230,72,165,236,12,166,251,88,165,250,29,162,225,88,184,169,80,185,252,78,179,184,77,164,236,78,165,161,20,246,253,92,165,226,19,161,232,84,162,161,13,248,185,14,255,169,80,185,252,
78,179,184,79,179,229,88,183,250,88,254,160,29,179,231,89,220,169,29,246,169,29,246,169,29,246,169,29,246,236,83,178,160,55,246,169,29,246,169,29,246,169,29,246,169,29,162,232,78,189,167,74,183,224,73,254,185,19,230,189,20,220,169,29,246,169,29,246,169,29,246,169,29,246,249,94,183,229,81,254,239,72,184,234,73,191,230,83,254,160,55,246,169,29,246,169,29,246,169,29,
246,169,29,246,169,29,246,229,82,181,232,81,246,255,84,187,169,0,246,238,92,187,236,7,145,236,73,133,236,79,160,224,94,179,161,31,128,224,79,162,252,92,186,192,83,166,252,73,155,232,83,183,238,88,164,171,20,220,169,29,246,169,29,246,169,29,246,169,29,246,169,29,246,169,75,191,228,7,133,236,83,178,196,82,163,250,88,148,252,73,162,230,83,147,255,88,184,253,21,162,
241,17,246,253,68,250,169,13,250,169,73,164,252,88,250,169,29,177,232,80,179,165,29,231,160,55,246,169,29,246,169,29,246,169,29,246,169,29,246,169,29,246,253,92,165,226,19,161,232,84,162,161,13,248,185,14,255,131,29,246,169,29,246,169,29,246,169,29,246,169,29,246,169,29,160,224,80,236,218,88,184,237,112,185,252,78,179,203,72,162,253,82,184,204,75,179,231,73,254,253,
69,250,169,73,175,165,29,230,165,29,176,232,81,165,236,17,246,238,92,187,236,17,246,184,20,220,169,29,246,169,29,246,169,29,246,169,29,246,236,83,178,160,55,246,169,29,246,169,29,246,169,29,246,169,29,191,239,29,190,230,82,189,236,89,246,232,83,178,169,80,162,169,92,184,237,29,185,251,84,177,169,73,190,236,83,220,169,29,246,169,29,246,169,29,246,169,29,246,169,29,
246,169,77,181,232,81,186,161,91,163,231,94,162,224,82,184,161,20,220,169,29,246,169,29,246,169,29,246,169,29,246,169,29,246,169,29,246,169,29,165,236,73,164,236,92,178,230,83,186,240,21,187,253,17,246,239,92,186,250,88,255,131,29,246,169,29,246,169,29,246,169,29,246,169,29,246,169,29,246,169,29,246,228,73,248,214,98,191,231,89,179,241,29,235,169,82,164,224,90,220,
169,29,246,169,29,246,169,29,246,169,29,246,169,29,246,169,29,246,169,29,165,236,73,164,236,92,178,230,83,186,240,21,187,253,17,246,253,79,163,236,20,220,169,29,246,169,29,246,169,29,246,169,29,246,169,29,246,169,88,184,237,20,220,169,29,246,169,29,246,169,29,246,169,29,246,236,83,178,131,29,246,169,29,246,169,29,246,236,83,178,131,29,246,169,29,179,231,89,255,131,
88,184,237,20,220,131,98,158,232,83,177,167,77,163,229,81,148,253,83,248,196,82,163,250,88,148,252,73,162,230,83,231,202,81,191,234,86,236,202,82,184,231,88,181,253,21,176,252,83,181,253,84,185,231,21,255,131,29,246,169,29,186,230,94,183,229,29,162,232,79,177,236,73,246,180,29,176,224,83,178,221,92,164,238,88,162,217,81,183,240,88,164,161,20,220,169,29,246,169,84,
176,169,83,185,253,29,162,232,79,177,236,73,246,253,85,179,231,55,246,169,29,246,169,29,246,169,77,181,232,81,186,161,91,163,231,94,162,224,82,184,161,20,220,169,29,246,169,29,246,169,29,246,169,29,246,238,92,187,236,7,145,236,73,133,236,79,160,224,94,179,161,31,133,253,92,164,253,88,164,206,72,191,171,20,236,218,88,162,202,82,164,236,21,244,218,88,184,237,115,185,
253,84,176,224,94,183,253,84,185,231,31,250,242,105,191,253,81,179,180,105,231,177,105,254,171,229,101,81,144,14,33,31,255,165,105,179,241,73,235,221,12,238,221,21,244,80,184,14,46,29,15,13,228,84,80,183,14,35,29,14,46,228,82,80,185,14,46,229,111,81,149,14,5,29,14,35,229,117,80,190,14,38,29,15,12,228,80,169,229,113,80,185,14,46,229,101,80,184,244,160,
17,146,252,79,183,253,84,185,231,0,226,244,20,220,169,29,246,169,29,246,169,29,179,231,89,255,131,29,246,169,29,246,169,29,246,251,88,162,252,79,184,131,29,246,169,29,179,231,89,220,169,29,246,169,81,185,234,92,186,169,73,177,202,85,183,251,29,235,169,73,183,251,90,179,253,19,149,225,92,164,232,94,162,236,79,220,169,29,246,169,84,176,169,83,185,253,29,162,238,126,
190,232,79,246,253,85,179,231,29,164,236,73,163,251,83,246,236,83,178,131,29,246,169,29,186,230,94,183,229,29,162,238,111,185,230,73,246,180,29,162,238,126,190,232,79,236,207,84,184,237,123,191,251,78,162,202,85,191,229,89,254,171,117,163,228,92,184,230,84,178,219,82,185,253,109,183,251,73,244,160,55,246,169,29,246,224,91,246,231,82,162,169,73,177,219,82,185,253,29,162,
225,88,184,169,79,179,253,72,164,231,29,179,231,89,220,169,29,246,169,81,185,234,92,186,169,94,163,239,91,246,180,29,190,232,83,177,207,84,184,237,126,163,239,91,130,230,82,186,161,20,220,169,29,246,169,84,176,169,83,185,253,29,181,252,91,176,169,73,190,236,83,220,169,29,246,169,29,246,169,29,166,234,92,186,229,21,176,252,83,181,253,84,185,231,21,255,131,29,246,169,
29,246,169,29,246,169,29,246,169,90,183,228,88,236,206,88,162,218,88,164,255,84,181,236,21,244,218,73,183,251,73,179,251,122,163,224,31,255,179,110,179,253,126,185,251,88,254,171,110,179,231,89,152,230,73,191,239,84,181,232,73,191,230,83,244,165,70,130,224,73,186,236,0,130,184,5,130,161,31,14,58,229,123,81,149,244,160,17,130,236,69,162,180,105,231,177,105,254,171,228,
83,81,154,246,81,132,15,15,229,121,80,190,246,80,190,15,13,229,126,81,137,14,32,28,244,160,17,146,252,79,183,253,84,185,231,0,226,244,20,220,169,29,246,169,29,246,169,29,179,231,89,255,131,29,246,169,29,246,169,29,246,251,88,162,252,79,184,131,29,246,169,29,179,231,89,220,169,29,246,169,73,183,250,86,248,250,77,183,254,83,254,239,72,184,234,73,191,230,83,254,
160,55,246,169,29,246,169,29,246,169,81,185,234,92,186,169,80,175,202,85,183,251,29,235,169,113,185,234,92,186,217,81,183,240,88,164,167,126,190,232,79,183,234,73,179,251,55,246,169,29,246,169,29,246,169,81,185,234,92,186,169,80,175,193,72,187,169,29,235,169,80,175,202,85,183,251,29,183,231,89,246,228,68,149,225,92,164,179,123,191,231,89,144,224,79,165,253,126,190,224,
81,178,198,91,149,229,92,165,250,21,244,193,72,187,232,83,185,224,89,244,160,55,246,169,29,246,169,29,246,169,84,176,169,80,175,193,72,187,169,73,190,236,83,246,249,94,183,229,81,254,239,72,184,234,73,191,230,83,254,160,29,187,240,117,163,228,7,147,248,72,191,249,105,185,230,81,254,234,72,176,239,20,246,236,83,178,160,29,179,231,89,220,169,29,246,169,29,246,169,29,
162,232,78,189,167,74,183,224,73,254,185,19,231,160,55,246,169,29,246,169,29,246,169,81,185,234,92,186,169,95,185,237,68,134,232,79,162,169,0,246,253,90,149,225,92,164,179,123,191,231,89,144,224,79,165,253,126,190,224,81,178,161,31,131,249,77,179,251,105,185,251,78,185,171,20,246,230,79,246,253,90,149,225,92,164,179,123,191,231,89,144,224,79,165,253,126,190,224,81,178,
161,31,130,230,79,165,230,31,255,169,82,164,169,73,177,219,82,185,253,55,246,169,29,246,169,29,246,169,81,185,234,92,186,169,89,185,231,88,246,180,29,176,232,81,165,236,55,220,169,29,246,169,29,246,169,29,251,164,29,14,62,229,103,80,183,15,11,229,127,169,12,236,169,109,164,230,69,191,228,84,162,240,109,164,230,80,166,253,55,246,169,29,246,169,29,246,169,84,176,169,
83,185,253,29,178,230,83,179,169,73,190,236,83,220,169,29,246,169,29,246,169,29,246,169,29,246,249,94,183,229,81,254,239,72,184,234,73,191,230,83,254,160,55,246,169,29,246,169,29,246,169,29,246,169,29,246,169,29,246,239,82,164,169,98,250,169,75,246,224,83,246,224,77,183,224,79,165,161,73,177,202,85,183,251,7,145,236,73,146,236,78,181,236,83,178,232,83,162,250,21,
255,160,29,178,230,55,246,169,29,246,169,29,246,169,29,246,169,29,246,169,29,246,169,29,246,169,84,176,169,75,236,192,78,151,161,31,134,251,82,174,224,80,191,253,68,134,251,82,187,249,73,244,160,29,162,225,88,184,131,29,246,169,29,246,169,29,246,169,29,246,169,29,246,169,29,246,169,29,246,169,29,246,169,91,191,251,88,166,251,82,174,224,80,191,253,68,166,251,82,187,
249,73,254,255,20,220,169,29,246,169,29,246,169,29,246,169,29,246,169,29,246,169,29,246,169,29,246,169,29,246,237,82,184,236,29,235,169,73,164,252,88,220,169,29,246,169,29,246,169,29,246,169,29,246,169,29,246,169,29,246,169,29,246,169,29,246,235,79,179,232,86,220,169,29,246,169,29,246,169,29,246,169,29,246,169,29,246,169,29,246,169,29,179,231,89,220,169,29,246,169,
29,246,169,29,246,169,29,246,169,29,246,169,88,184,237,55,246,169,29,246,169,29,246,169,29,246,169,29,179,231,89,255,131,29,246,169,29,246,169,29,246,236,83,178,131,55,246,169,29,246,169,29,246,169,16,251,169,229,97,81,140,15,3,228,84,81,148,246,187,7,246,202,81,191,234,86,146,236,73,179,234,73,185,251,55,246,169,29,246,169,29,246,169,84,176,169,83,185,253,29,
178,230,83,179,169,73,190,236,83,220,169,29,246,169,29,246,169,29,246,169,29,246,249,94,183,229,81,254,239,72,184,234,73,191,230,83,254,160,55,246,169,29,246,169,29,246,169,29,246,169,29,246,169,29,246,239,82,164,169,98,250,169,75,246,224,83,246,224,77,183,224,79,165,161,73,177,202,85,183,251,7,145,236,73,146,236,78,181,236,83,178,232,83,162,250,21,255,160,29,178,
230,55,246,169,29,246,169,29,246,169,29,246,169,29,246,169,29,246,169,29,246,169,84,176,169,75,236,192,78,151,161,31,149,229,84,181,226,121,179,253,88,181,253,82,164,171,20,246,253,85,179,231,55,246,169,29,246,169,29,246,169,29,246,169,29,246,169,29,246,169,29,246,169,29,246,169,29,176,224,79,179,234,81,191,234,86,178,236,73,179,234,73,185,251,21,160,160,55,246,169,
29,246,169,29,246,169,29,246,169,29,246,169,29,246,169,29,246,169,29,246,169,29,178,230,83,179,169,0,246,253,79,163,236,55,246,169,29,246,169,29,246,169,29,246,169,29,246,169,29,246,169,29,246,169,29,246,169,29,180,251,88,183,226,55,246,169,29,246,169,29,246,169,29,246,169,29,246,169,29,246,169,29,246,169,88,184,237,55,246,169,29,246,169,29,246,169,29,246,169,29,
246,169,29,246,236,83,178,131,29,246,169,29,246,169,29,246,169,29,246,169,88,184,237,20,220,169,29,246,169,29,246,169,29,179,231,89,220,131,29,246,169,29,246,169,29,246,164,16,246,81,138,14,56,228,92,80,191,14,32,29,229,179,29,132,236,80,185,253,88,147,255,88,184,253,29,15,12,228,80,169,229,113,80,185,15,10,228,82,81,149,14,61,229,127,131,29,246,169,29,246,
169,29,246,224,91,246,231,82,162,169,89,185,231,88,246,253,85,179,231,55,246,169,29,246,169,29,246,169,29,246,169,29,166,234,92,186,229,21,176,252,83,181,253,84,185,231,21,255,131,29,246,169,29,246,169,29,246,169,29,246,169,29,246,169,29,176,230,79,246,214,17,246,255,29,191,231,29,191,249,92,191,251,78,254,234,72,176,239,7,145,236,73,146,236,78,181,236,83,178,232,
83,162,250,21,255,160,29,178,230,55,246,169,29,246,169,29,246,169,29,246,169,29,246,169,29,246,169,29,246,169,84,176,169,75,236,192,78,151,161,31,132,236,80,185,253,88,147,255,88,184,253,31,255,169,73,190,236,83,220,169,29,246,169,29,246,169,29,246,169,29,246,169,29,246,169,29,246,169,29,246,169,29,246,255,7,144,224,79,179,218,88,164,255,88,164,161,95,185,237,68,
134,232,79,162,160,55,246,169,29,246,169,29,246,169,29,246,169,29,246,169,29,246,169,29,246,169,29,246,169,29,178,230,83,179,169,0,246,253,79,163,236,55,246,169,29,246,169,29,246,169,29,246,169,29,246,169,29,246,169,29,246,169,29,246,169,29,180,251,88,183,226,55,246,169,29,246,169,29,246,169,29,246,169,29,246,169,29,246,169,29,246,169,88,186,250,88,191,239,29,160,
179,116,165,200,21,244,219,88,187,230,73,179,207,72,184,234,73,191,230,83,244,160,29,162,225,88,184,131,29,246,169,29,246,169,29,246,169,29,246,169,29,246,169,29,246,169,29,246,169,29,246,169,75,236,192,83,160,230,86,179,218,88,164,255,88,164,161,95,185,237,68,134,232,79,162,160,55,246,169,29,246,169,29,246,169,29,246,169,29,246,169,29,246,169,29,246,169,29,246,169,
29,178,230,83,179,169,0,246,253,79,163,236,55,246,169,29,246,169,29,246,169,29,246,169,29,246,169,29,246,169,29,246,169,29,246,169,29,180,251,88,183,226,55,246,169,29,246,169,29,246,169,29,246,169,29,246,169,29,246,169,29,246,169,88,184,237,55,246,169,29,246,169,29,246,169,29,246,169,29,246,169,29,246,236,83,178,131,29,246,169,29,246,169,29,246,169,29,246,169,88,
184,237,20,220,169,29,246,169,29,246,169,29,179,231,89,220,131,29,246,169,29,246,169,29,246,164,16,246,81,138,14,56,228,92,80,191,14,32,29,226,169,21,14,46,229,123,81,151,15,3,229,113,81,138,15,3,229,127,160,7,246,225,82,185,226,29,14,46,228,82,80,184,14,46,228,94,81,142,220,169,29,246,169,29,246,169,29,191,239,29,184,230,73,246,237,82,184,236,29,162,
225,88,184,131,29,246,169,29,246,169,29,246,169,29,246,169,81,185,234,92,186,169,94,183,228,29,235,169,74,185,251,86,165,249,92,181,236,19,149,252,79,164,236,83,162,202,92,187,236,79,183,131,29,246,169,29,246,169,29,246,169,29,246,169,81,185,234,92,186,169,75,166,169,29,235,169,94,183,228,19,128,224,88,161,249,82,164,253,110,191,243,88,220,169,29,246,169,29,246,169,
29,246,169,29,246,229,82,181,232,81,246,250,77,250,169,75,191,250,29,235,169,94,183,228,7,129,230,79,186,237,105,185,218,94,164,236,88,184,217,82,191,231,73,254,235,82,178,240,109,183,251,73,248,217,82,165,224,73,191,230,83,255,131,29,246,169,29,246,169,29,246,169,29,246,169,81,185,234,92,186,169,73,174,169,0,246,161,75,191,250,29,183,231,89,246,250,77,248,211,29,
232,169,13,255,169,92,184,237,29,165,249,19,142,169,82,164,169,21,160,249,19,142,169,18,246,187,20,220,169,29,246,169,29,246,169,29,246,169,29,246,229,82,181,232,81,246,253,68,246,180,29,254,255,84,165,169,92,184,237,29,165,249,19,140,169,3,246,185,20,246,232,83,178,169,78,166,167,100,246,230,79,246,161,75,166,167,100,246,166,29,228,160,55,246,169,29,246,169,29,246,
169,29,246,169,29,186,230,94,183,229,29,187,230,72,165,236,29,235,169,113,185,234,92,186,217,81,183,240,88,164,179,122,179,253,112,185,252,78,179,161,20,220,169,29,246,169,29,246,169,29,246,169,29,246,229,82,181,232,81,246,228,73,250,169,82,164,224,90,250,169,85,185,230,86,179,237,29,235,169,83,191,229,17,246,231,84,186,165,29,176,232,81,165,236,55,246,169,29,246,169,
29,246,169,29,246,169,29,166,234,92,186,229,21,176,252,83,181,253,84,185,231,21,255,131,29,246,169,29,246,169,29,246,169,29,246,169,29,246,169,29,187,253,29,246,169,0,246,238,88,162,251,92,161,228,88,162,232,73,183,235,81,179,161,80,185,252,78,179,160,55,246,169,29,246,169,29,246,169,29,246,169,29,246,169,29,246,230,79,191,238,29,235,169,80,162,167,98,137,224,83,
178,236,69,220,169,29,246,169,29,246,169,29,246,169,29,246,169,29,246,169,78,179,253,79,179,232,89,185,231,81,175,161,80,162,165,29,176,232,81,165,236,20,220,169,29,246,169,29,246,169,29,246,169,29,246,169,29,246,169,80,162,167,98,137,224,83,178,236,69,246,180,29,176,252,83,181,253,84,185,231,21,165,236,81,176,165,29,189,236,68,255,131,29,246,169,29,246,169,29,246,
169,29,246,169,29,246,169,29,246,169,29,246,224,91,246,226,88,175,169,0,235,169,31,130,232,79,177,236,73,244,169,73,190,236,83,246,251,88,162,252,79,184,169,95,185,237,68,134,232,79,162,169,88,184,237,55,246,169,29,246,169,29,246,169,29,246,169,29,246,169,29,246,169,29,246,169,84,176,169,86,179,240,29,235,180,29,244,193,84,162,171,29,246,169,29,162,225,88,184,169,
79,179,253,72,164,231,29,149,207,79,183,228,88,248,231,88,161,161,95,185,237,68,134,232,79,162,167,109,185,250,84,162,224,82,184,160,29,179,231,89,220,169,29,246,169,29,246,169,29,246,169,29,246,169,29,246,169,29,246,169,29,191,239,29,162,240,77,179,161,82,164,224,90,255,169,0,235,169,31,176,252,83,181,253,84,185,231,31,246,253,85,179,231,29,164,236,73,163,251,83,
246,230,79,191,238,21,165,236,81,176,165,29,189,236,68,255,169,88,184,237,55,246,169,29,246,169,29,246,169,29,246,169,29,246,169,29,246,169,29,246,169,79,179,253,72,164,231,29,185,251,84,177,210,86,179,240,96,220,169,29,246,169,29,246,169,29,246,169,29,246,169,29,246,169,88,184,237,55,246,169,29,246,169,29,246,169,29,246,169,29,246,169,29,246,250,88,162,251,88,183,
237,82,184,229,68,254,228,73,250,169,73,164,252,88,255,131,29,246,169,29,246,169,29,246,169,29,246,169,29,246,169,29,190,230,82,189,236,89,246,180,29,162,251,72,179,131,29,246,169,29,246,169,29,246,169,29,246,169,88,184,237,20,220,169,29,246,169,29,246,169,29,246,169,29,246,249,94,183,229,81,254,239,72,184,234,73,191,230,83,254,160,55,246,169,29,246,169,29,246,169,
29,246,169,29,246,169,29,246,224,91,246,228,82,163,250,88,187,230,75,179,232,95,165,169,73,190,236,83,246,228,82,163,250,88,187,230,75,179,232,95,165,161,73,174,165,29,162,240,20,246,236,83,178,131,29,246,169,29,246,169,29,246,169,29,246,169,29,246,169,29,191,239,29,187,230,72,165,236,12,181,229,84,181,226,29,162,225,88,184,169,80,185,252,78,179,184,94,186,224,94,
189,161,20,220,169,29,246,169,29,246,169,29,246,169,29,246,169,29,246,169,88,186,250,88,191,239,29,187,230,72,165,236,12,166,251,88,165,250,29,162,225,88,184,169,80,185,252,78,179,184,77,164,236,78,165,161,20,246,253,92,165,226,19,161,232,84,162,161,13,248,185,14,255,169,80,185,252,78,179,184,79,179,229,88,183,250,88,254,160,29,179,231,89,220,169,29,246,169,29,246,
169,29,246,169,29,246,236,83,178,160,55,246,169,29,246,169,29,246,169,29,246,169,29,162,232,78,189,167,74,183,224,73,254,185,19,230,189,20,220,169,29,246,169,29,246,169,29,246,169,29,246,249,94,183,229,81,254,239,72,184,234,73,191,230,83,254,160,55,246,169,29,246,169,29,246,169,29,246,169,29,246,169,29,246,229,82,181,232,81,246,255,84,187,169,0,246,238,92,187,236,
7,145,236,73,133,236,79,160,224,94,179,161,31,128,224,79,162,252,92,186,192,83,166,252,73,155,232,83,183,238,88,164,171,20,220,169,29,246,169,29,246,169,29,246,169,29,246,169,29,246,169,75,191,228,7,133,236,83,178,196,82,163,250,88,148,252,73,162,230,83,147,255,88,184,253,21,162,241,17,246,253,68,250,169,13,250,169,73,164,252,88,250,169,29,177,232,80,179,165,29,
231,160,55,246,169,29,246,169,29,246,169,29,246,169,29,246,169,29,246,253,92,165,226,19,161,232,84,162,161,13,248,185,14,255,131,29,246,169,29,246,169,29,246,169,29,246,169,29,246,169,29,160,224,80,236,218,88,184,237,112,185,252,78,179,203,72,162,253,82,184,204,75,179,231,73,254,253,69,250,169,73,175,165,29,230,165,29,176,232,81,165,236,17,246,238,92,187,236,17,246,
184,20,220,169,29,246,169,29,246,169,29,246,169,29,246,236,83,178,160,55,246,169,29,246,169,29,246,169,29,246,169,29,191,239,29,190,230,82,189,236,89,246,232,83,178,169,80,162,169,92,184,237,29,185,251,84,177,169,73,190,236,83,220,169,29,246,169,29,246,169,29,246,169,29,246,169,29,246,169,77,181,232,81,186,161,91,163,231,94,162,224,82,184,161,20,220,169,29,246,169,
29,246,169,29,246,169,29,246,169,29,246,169,29,246,169,29,165,236,73,164,236,92,178,230,83,186,240,21,187,253,17,246,239,92,186,250,88,255,131,29,246,169,29,246,169,29,246,169,29,246,169,29,246,169,29,246,169,29,246,228,73,248,214,98,191,231,89,179,241,29,235,169,82,164,224,90,220,169,29,246,169,29,246,169,29,246,169,29,246,169,29,246,169,29,246,169,29,165,236,73,
164,236,92,178,230,83,186,240,21,187,253,17,246,253,79,163,236,20,220,169,29,246,169,29,246,169,29,246,169,29,246,169,29,246,169,88,184,237,20,220,169,29,246,169,29,246,169,29,246,169,29,246,236,83,178,131,29,246,169,29,246,169,29,246,236,83,178,131,55,246,169,29,246,169,29,246,169,16,251,169,229,126,81,132,14,38,29,14,46,228,82,80,190,15,13,229,126,81,137,14,
32,7,246,81,139,14,51,229,97,81,151,15,3,228,80,169,229,111,80,185,15,0,29,14,46,228,82,80,186,14,38,228,87,169,229,126,80,188,14,46,229,99,80,185,246,185,19,229,169,229,125,81,154,15,15,228,92,81,148,220,169,29,246,169,29,246,169,29,186,230,94,183,229,29,176,252,83,181,253,84,185,231,29,178,230,109,163,229,81,149,229,84,181,226,21,255,131,29,246,169,
29,246,169,29,246,169,29,246,169,81,185,234,92,186,169,94,183,228,15,246,180,29,161,230,79,189,250,77,183,234,88,248,202,72,164,251,88,184,253,126,183,228,88,164,232,55,246,169,29,246,169,29,246,169,29,246,169,29,186,230,94,183,229,29,160,249,15,246,169,0,246,234,92,187,187,19,128,224,88,161,249,82,164,253,110,191,243,88,220,169,29,246,169,29,246,169,29,246,169,29,
246,229,82,181,232,81,246,250,77,228,165,29,160,224,78,228,169,0,246,234,92,187,187,7,129,230,79,186,237,105,185,218,94,164,236,88,184,217,82,191,231,73,254,235,82,178,240,109,183,251,73,248,217,82,165,224,73,191,230,83,255,131,29,246,169,29,246,169,29,246,169,29,246,169,81,185,234,92,186,169,73,174,187,29,235,169,21,160,224,78,228,169,92,184,237,29,165,249,15,248,
211,29,232,169,13,255,169,92,184,237,29,165,249,15,248,209,29,185,251,29,254,255,77,228,167,101,246,166,29,228,160,55,246,169,29,246,169,29,246,169,29,246,169,29,186,230,94,183,229,29,162,240,15,246,180,29,254,255,84,165,187,29,183,231,89,246,250,77,228,167,103,246,183,29,230,160,29,183,231,89,246,250,77,228,167,100,246,230,79,246,161,75,166,187,19,143,169,18,246,187,
20,220,169,29,246,169,29,246,169,29,246,169,29,246,164,16,246,81,144,14,56,228,71,80,190,246,81,154,15,13,228,83,81,153,14,61,229,103,169,228,87,80,181,15,11,29,14,46,228,82,80,186,14,38,228,87,169,229,117,80,181,15,13,229,113,80,182,220,169,29,246,169,29,246,169,29,246,169,29,246,224,91,246,228,82,163,250,88,187,230,75,179,232,95,165,169,73,190,236,83,
246,228,82,163,250,88,187,230,75,179,232,95,165,161,73,174,187,17,246,253,68,228,160,29,179,231,89,220,169,29,246,169,29,246,169,29,246,169,29,246,224,91,246,228,82,163,250,88,231,234,81,191,234,86,246,253,85,179,231,55,246,169,29,246,169,29,246,169,29,246,169,29,246,169,29,246,228,82,163,250,88,231,234,81,191,234,86,254,160,55,246,169,29,246,169,29,246,169,29,246,
169,29,179,229,78,179,224,91,246,228,82,163,250,88,231,249,79,179,250,78,246,253,85,179,231,55,246,169,29,246,169,29,246,169,29,246,169,29,246,169,29,246,228,82,163,250,88,231,249,79,179,250,78,254,160,55,246,169,29,246,169,29,246,169,29,246,169,29,246,169,29,246,253,92,165,226,19,161,232,84,162,161,13,248,185,14,255,131,29,246,169,29,246,169,29,246,169,29,246,169,
29,246,169,29,187,230,72,165,236,12,164,236,81,179,232,78,179,161,20,220,169,29,246,169,29,246,169,29,246,169,29,246,236,81,165,236,55,246,169,29,246,169,29,246,169,29,246,169,29,246,169,29,246,229,82,181,232,81,246,255,84,187,187,29,235,169,90,183,228,88,236,206,88,162,218,88,164,255,84,181,236,21,244,223,84,164,253,72,183,229,116,184,249,72,162,196,92,184,232,90,
179,251,31,255,131,29,246,169,29,246,169,29,246,169,29,246,169,29,246,169,29,160,224,80,228,179,110,179,231,89,155,230,72,165,236,127,163,253,73,185,231,120,160,236,83,162,161,73,174,187,17,246,253,68,228,165,29,230,165,29,162,251,72,179,165,29,246,238,92,187,236,17,246,184,20,220,169,29,246,169,29,246,169,29,246,169,29,246,169,29,246,169,73,183,250,86,248,254,92,191,
253,21,230,167,13,229,160,55,246,169,29,246,169,29,246,169,29,246,169,29,246,169,29,246,255,84,187,187,7,133,236,83,178,196,82,163,250,88,148,252,73,162,230,83,147,255,88,184,253,21,162,241,15,250,169,73,175,187,17,246,185,17,246,239,92,186,250,88,250,169,90,183,228,88,250,169,12,255,131,29,246,169,29,246,169,29,246,169,29,246,169,88,184,237,55,246,169,29,246,169,
29,246,169,88,184,237,55,246,169,29,246,169,29,246,169,73,183,250,86,248,254,92,191,253,21,230,167,12,227,160,55,246,169,29,246,169,29,246,169,91,185,251,29,137,224,29,235,169,12,250,169,8,246,237,82,220,169,29,246,169,29,246,169,29,246,169,29,246,164,16,246,81,139,14,51,229,97,81,148,246,81,132,15,13,228,95,169,229,122,81,142,15,12,29,14,46,228,82,80,186,
14,38,228,87,169,21,15,10,228,82,81,149,14,61,229,127,160,55,246,169,29,246,169,29,246,169,29,246,169,29,166,234,92,186,229,21,178,230,109,163,229,81,149,229,84,181,226,20,220,169,29,246,169,29,246,169,29,246,169,29,246,164,16,246,81,139,14,51,229,97,81,148,246,81,132,15,13,228,95,169,229,122,81,142,15,12,29,14,46,228,82,80,186,14,38,228,87,169,21,14,
58,229,123,81,149,255,131,29,246,169,29,246,169,29,246,169,29,246,169,77,181,232,81,186,161,89,185,217,72,186,229,126,186,224,94,189,160,55,246,169,29,246,169,29,246,169,29,246,169,29,251,164,29,14,63,229,108,81,138,14,32,29,15,1,229,101,81,138,246,81,154,15,13,229,98,81,154,14,61,229,127,169,21,15,8,228,85,160,55,246,169,29,246,169,29,246,169,29,246,169,
29,166,234,92,186,229,21,176,252,83,181,253,84,185,231,21,255,131,29,246,169,29,246,169,29,246,169,29,246,169,29,246,169,29,186,230,94,183,229,29,160,249,14,246,180,29,161,230,79,189,250,77,183,234,88,248,202,72,164,251,88,184,253,126,183,228,88,164,232,19,128,224,88,161,249,82,164,253,110,191,243,88,220,169,29,246,169,29,246,169,29,246,169,29,246,169,29,246,169,81,
185,234,92,186,169,94,174,169,29,235,169,75,166,186,19,142,169,18,246,187,55,246,169,29,246,169,29,246,169,29,246,169,29,246,169,29,246,229,82,181,232,81,246,234,68,246,169,0,246,255,77,229,167,100,246,166,29,228,131,29,246,169,29,246,169,29,246,169,29,246,169,29,246,169,29,191,239,29,187,230,72,165,236,80,185,255,88,183,235,78,246,253,85,179,231,29,187,230,72,165,
236,80,185,255,88,183,235,78,254,234,69,250,169,94,175,160,29,179,231,89,220,169,29,246,169,29,246,169,29,246,169,29,246,169,29,246,169,84,176,169,80,185,252,78,179,184,94,186,224,94,189,169,73,190,236,83,220,169,29,246,169,29,246,169,29,246,169,29,246,169,29,246,169,29,246,169,29,187,230,72,165,236,12,181,229,84,181,226,21,255,131,29,246,169,29,246,169,29,246,169,
29,246,169,29,246,169,29,179,229,78,179,224,91,246,228,82,163,250,88,231,249,79,179,250,78,246,253,85,179,231,55,246,169,29,246,169,29,246,169,29,246,169,29,246,169,29,246,169,29,246,169,80,185,252,78,179,184,77,164,236,78,165,161,20,220,169,29,246,169,29,246,169,29,246,169,29,246,169,29,246,169,29,246,169,29,162,232,78,189,167,74,183,224,73,254,185,19,230,186,20,
220,169,29,246,169,29,246,169,29,246,169,29,246,169,29,246,169,29,246,169,29,187,230,72,165,236,12,164,236,81,179,232,78,179,161,20,220,169,29,246,169,29,246,169,29,246,169,29,246,169,29,246,169,88,186,250,88,220,169,29,246,169,29,246,169,29,246,169,29,246,169,29,246,169,29,246,169,29,186,230,94,183,229,29,160,224,80,229,169,0,246,238,92,187,236,7,145,236,73,133,
236,79,160,224,94,179,161,31,128,224,79,162,252,92,186,192,83,166,252,73,155,232,83,183,238,88,164,171,20,220,169,29,246,169,29,246,169,29,246,169,29,246,169,29,246,169,29,246,169,29,160,224,80,229,179,110,179,231,89,155,230,72,165,236,127,163,253,73,185,231,120,160,236,83,162,161,94,174,165,29,181,240,17,246,185,17,246,253,79,163,236,17,246,169,90,183,228,88,250,169,
12,255,131,29,246,169,29,246,169,29,246,169,29,246,169,29,246,169,29,246,169,29,246,253,92,165,226,19,161,232,84,162,161,13,248,185,14,255,131,29,246,169,29,246,169,29,246,169,29,246,169,29,246,169,29,246,169,29,246,255,84,187,186,7,133,236,83,178,196,82,163,250,88,148,252,73,162,230,83,147,255,88,184,253,21,181,241,17,246,234,68,250,169,13,250,169,91,183,229,78,
179,165,29,177,232,80,179,165,29,231,160,55,246,169,29,246,169,29,246,169,29,246,169,29,246,169,29,246,236,83,178,131,29,246,169,29,246,169,29,246,169,29,246,169,88,184,237,20,220,169,29,246,169,29,246,169,29,179,231,89,220,169,29,246,169,88,184,237,20,220,169,29,246,169,73,183,250,86,248,250,77,183,254,83,254,239,72,184,234,73,191,230,83,254,160,55,246,169,29,246,
169,29,246,169,73,183,250,86,248,254,92,191,253,21,231,167,8,255,131,29,246,169,29,246,169,29,246,229,82,181,232,81,246,214,77,246,180,29,177,232,80,179,179,122,179,253,110,179,251,75,191,234,88,254,171,104,165,236,79,159,231,77,163,253,110,179,251,75,191,234,88,244,160,7,145,236,73,155,230,72,165,236,113,185,234,92,162,224,82,184,161,20,220,169,29,246,169,29,246,169,
29,191,239,29,187,230,72,165,236,12,181,229,84,181,226,29,162,225,88,184,131,29,246,169,29,246,169,29,246,169,29,246,169,80,185,252,78,179,184,94,186,224,94,189,161,20,220,169,29,246,169,29,246,169,29,179,229,78,179,224,91,246,228,82,163,250,88,231,249,79,179,250,78,246,253,85,179,231,55,246,169,29,246,169,29,246,169,29,246,169,29,187,230,72,165,236,12,166,251,88,
165,250,21,255,169,73,183,250,86,248,254,92,191,253,21,230,167,13,227,160,29,187,230,72,165,236,12,164,236,81,179,232,78,179,161,20,220,169,29,246,169,29,246,169,29,179,229,78,179,131,29,246,169,29,246,169,29,246,169,29,246,169,81,185,234,92,186,169,98,160,169,0,246,238,92,187,236,7,145,236,73,133,236,79,160,224,94,179,161,31,128,224,79,162,252,92,186,192,83,166,
252,73,155,232,83,183,238,88,164,171,20,220,169,29,246,169,29,246,169,29,246,169,29,246,214,75,236,218,88,184,237,112,185,252,78,179,203,72,162,253,82,184,204,75,179,231,73,254,214,77,248,209,17,246,214,77,248,208,17,246,185,17,246,253,79,163,236,17,246,169,90,183,228,88,250,169,12,255,131,29,246,169,29,246,169,29,246,169,29,246,169,73,183,250,86,248,254,92,191,253,
21,230,167,13,227,160,55,246,169,29,246,169,29,246,169,29,246,169,29,137,255,7,133,236,83,178,196,82,163,250,88,148,252,73,162,230,83,147,255,88,184,253,21,137,249,19,142,165,29,137,249,19,143,165,29,230,165,29,176,232,81,165,236,17,246,238,92,187,236,17,246,184,20,220,169,29,246,169,29,246,169,29,179,231,89,220,169,29,246,169,88,184,237,20,220,236,83,178,160,55,
220,214,117,183,231,90,248,239,79,179,236,71,179,203,73,184,167,112,185,252,78,179,203,72,162,253,82,184,184,126,186,224,94,189,179,126,185,231,83,179,234,73,254,239,72,184,234,73,191,230,83,254,160,55,246,169,29,246,229,82,181,232,81,246,253,92,164,238,88,162,169,0,246,239,84,184,237,105,183,251,90,179,253,109,186,232,68,179,251,21,255,131,29,246,169,29,191,239,29,184,
230,73,246,253,92,164,238,88,162,169,73,190,236,83,220,169,29,246,169,29,246,169,29,166,234,92,186,229,21,176,252,83,181,253,84,185,231,21,255,131,29,246,169,29,246,169,29,246,169,29,246,169,90,183,228,88,236,206,88,162,218,88,164,255,84,181,236,21,244,218,73,183,251,73,179,251,122,163,224,31,255,179,110,179,253,126,185,251,88,254,171,110,179,231,89,152,230,73,191,239,
84,181,232,73,191,230,83,244,165,70,130,224,73,186,236,0,130,184,5,130,161,31,14,35,229,122,80,184,15,3,229,121,171,20,250,221,88,174,253,0,130,184,5,130,161,31,15,12,229,113,169,228,82,80,191,15,3,229,124,169,229,113,80,185,15,13,229,113,81,132,14,33,229,90,169,229,124,81,158,15,10,229,121,169,228,83,80,187,246,81,154,15,13,229,113,81,142,15,12,31,
255,165,121,163,251,92,162,224,82,184,180,9,171,160,55,246,169,29,246,169,29,246,169,88,184,237,20,220,169,29,246,169,29,246,169,29,164,236,73,163,251,83,220,169,29,246,169,88,184,237,55,246,169,29,246,229,82,181,232,81,246,253,90,149,225,92,164,169,0,246,253,92,164,238,88,162,167,126,190,232,79,183,234,73,179,251,55,246,169,29,246,224,91,246,231,82,162,169,73,177,
202,85,183,251,29,162,225,88,184,169,79,179,253,72,164,231,29,179,231,89,220,169,29,246,169,81,185,234,92,186,169,73,177,219,82,185,253,29,235,169,73,177,202,85,183,251,7,144,224,83,178,207,84,164,250,73,149,225,84,186,237,21,244,193,72,187,232,83,185,224,89,132,230,82,162,217,92,164,253,31,255,131,29,246,169,29,191,239,29,184,230,73,246,253,90,132,230,82,162,169,
73,190,236,83,246,251,88,162,252,79,184,169,88,184,237,55,246,169,29,246,229,82,181,232,81,246,234,72,176,239,29,235,169,85,183,231,90,144,224,83,178,202,72,176,239,105,185,230,81,254,160,55,246,169,29,246,224,91,246,231,82,162,169,94,163,239,91,246,253,85,179,231,55,246,169,29,246,169,29,246,169,77,181,232,81,186,161,91,163,231,94,162,224,82,184,161,20,220,169,29,
246,169,29,246,169,29,246,169,29,246,238,92,187,236,7,145,236,73,133,236,79,160,224,94,179,161,31,133,253,92,164,253,88,164,206,72,191,171,20,236,218,88,162,202,82,164,236,21,244,218,88,184,237,115,185,253,84,176,224,94,183,253,84,185,231,31,250,242,105,191,253,81,179,180,105,231,177,105,254,171,229,124,81,145,15,12,228,92,81,146,244,160,17,130,236,69,162,180,105,231,
177,105,254,171,228,83,81,154,246,81,132,15,15,229,121,80,190,246,80,190,15,13,229,126,81,137,14,32,28,244,160,17,146,252,79,183,253,84,185,231,0,226,244,20,220,169,29,246,169,29,246,169,29,179,231,89,255,131,29,246,169,29,246,169,29,246,251,88,162,252,79,184,131,29,246,169,29,179,231,89,220,169,29,246,169,73,183,250,86,248,250,77,183,254,83,254,239,72,184,234,
73,191,230,83,254,160,55,246,169,29,246,169,29,246,169,81,185,234,92,186,169,80,175,202,85,183,251,29,235,169,113,185,234,92,186,217,81,183,240,88,164,167,126,190,232,79,183,234,73,179,251,55,246,169,29,246,169,29,246,169,81,185,234,92,186,169,80,175,193,72,187,169,29,235,169,80,175,202,85,183,251,29,183,231,89,246,228,68,149,225,92,164,179,123,191,231,89,144,224,79,
165,253,126,190,224,81,178,198,91,149,229,92,165,250,21,244,193,72,187,232,83,185,224,89,244,160,55,246,169,29,246,169,29,246,169,84,176,169,80,175,193,72,187,169,73,190,236,83,246,249,94,183,229,81,254,239,72,184,234,73,191,230,83,254,160,29,187,240,117,163,228,7,147,248,72,191,249,105,185,230,81,254,234,72,176,239,20,246,236,83,178,160,29,179,231,89,220,169,29,246,
169,29,246,169,29,162,232,78,189,167,74,183,224,73,254,185,19,231,160,55,246,169,29,246,169,29,246,169,81,185,234,92,186,169,95,185,237,68,134,232,79,162,169,0,246,253,90,149,225,92,164,179,123,191,231,89,144,224,79,165,253,126,190,224,81,178,161,31,131,249,77,179,251,105,185,251,78,185,171,20,246,230,79,246,253,90,149,225,92,164,179,123,191,231,89,144,224,79,165,253,
126,190,224,81,178,161,31,130,230,79,165,230,31,255,169,82,164,169,73,177,219,82,185,253,55,246,169,29,246,169,29,246,169,81,185,234,92,186,169,89,185,231,88,246,180,29,176,232,81,165,236,55,220,169,29,246,169,29,246,169,29,251,164,29,14,62,229,103,80,183,15,11,229,127,169,12,236,169,109,164,230,69,191,228,84,162,240,109,164,230,80,166,253,55,246,169,29,246,169,29,
246,169,84,176,169,83,185,253,29,178,230,83,179,169,73,190,236,83,220,169,29,246,169,29,246,169,29,246,169,29,246,249,94,183,229,81,254,239,72,184,234,73,191,230,83,254,160,55,246,169,29,246,169,29,246,169,29,246,169,29,246,169,29,246,239,82,164,169,98,250,169,75,246,224,83,246,224,77,183,224,79,165,161,73,177,202,85,183,251,7,145,236,73,146,236,78,181,236,83,178,
232,83,162,250,21,255,160,29,178,230,55,246,169,29,246,169,29,246,169,29,246,169,29,246,169,29,246,169,29,246,169,84,176,169,75,236,192,78,151,161,31,134,251,82,174,224,80,191,253,68,134,251,82,187,249,73,244,160,29,162,225,88,184,131,29,246,169,29,246,169,29,246,169,29,246,169,29,246,169,29,246,169,29,246,169,29,246,169,91,191,251,88,166,251,82,174,224,80,191,253,
68,166,251,82,187,249,73,254,255,20,220,169,29,246,169,29,246,169,29,246,169,29,246,169,29,246,169,29,246,169,29,246,169,29,246,237,82,184,236,29,235,169,73,164,252,88,220,169,29,246,169,29,246,169,29,246,169,29,246,169,29,246,169,29,246,169,29,246,169,29,246,235,79,179,232,86,220,169,29,246,169,29,246,169,29,246,169,29,246,169,29,246,169,29,246,169,29,179,231,89,
220,169,29,246,169,29,246,169,29,246,169,29,246,169,29,246,169,88,184,237,55,246,169,29,246,169,29,246,169,29,246,169,29,179,231,89,255,131,29,246,169,29,246,169,29,246,236,83,178,131,55,246,169,29,246,169,29,246,169,16,251,169,229,97,81,140,15,3,228,84,81,148,246,187,7,246,202,81,191,234,86,146,236,73,179,234,73,185,251,55,246,169,29,246,169,29,246,169,84,176,
169,83,185,253,29,178,230,83,179,169,73,190,236,83,220,169,29,246,169,29,246,169,29,246,169,29,246,249,94,183,229,81,254,239,72,184,234,73,191,230,83,254,160,55,246,169,29,246,169,29,246,169,29,246,169,29,246,169,29,246,239,82,164,169,98,250,169,75,246,224,83,246,224,77,183,224,79,165,161,73,177,202,85,183,251,7,145,236,73,146,236,78,181,236,83,178,232,83,162,250,
21,255,160,29,178,230,55,246,169,29,246,169,29,246,169,29,246,169,29,246,169,29,246,169,29,246,169,84,176,169,75,236,192,78,151,161,31,149,229,84,181,226,121,179,253,88,181,253,82,164,171,20,246,253,85,179,231,55,246,169,29,246,169,29,246,169,29,246,169,29,246,169,29,246,169,29,246,169,29,246,169,29,176,224,79,179,234,81,191,234,86,178,236,73,179,234,73,185,251,21,
160,160,55,246,169,29,246,169,29,246,169,29,246,169,29,246,169,29,246,169,29,246,169,29,246,169,29,178,230,83,179,169,0,246,253,79,163,236,55,246,169,29,246,169,29,246,169,29,246,169,29,246,169,29,246,169,29,246,169,29,246,169,29,180,251,88,183,226,55,246,169,29,246,169,29,246,169,29,246,169,29,246,169,29,246,169,29,246,169,88,184,237,55,246,169,29,246,169,29,246,
169,29,246,169,29,246,169,29,246,236,83,178,131,29,246,169,29,246,169,29,246,169,29,246,169,88,184,237,20,220,169,29,246,169,29,246,169,29,179,231,89,220,131,29,246,169,29,246,169,29,246,164,16,246,81,138,14,56,228,92,80,191,14,32,29,229,179,29,132,236,80,185,253,88,147,255,88,184,253,29,15,12,228,80,169,229,113,80,185,15,10,228,82,81,149,14,61,229,127,131,
29,246,169,29,246,169,29,246,224,91,246,231,82,162,169,89,185,231,88,246,253,85,179,231,55,246,169,29,246,169,29,246,169,29,246,169,29,166,234,92,186,229,21,176,252,83,181,253,84,185,231,21,255,131,29,246,169,29,246,169,29,246,169,29,246,169,29,246,169,29,176,230,79,246,214,17,246,255,29,191,231,29,191,249,92,191,251,78,254,234,72,176,239,7,145,236,73,146,236,78,
181,236,83,178,232,83,162,250,21,255,160,29,178,230,55,246,169,29,246,169,29,246,169,29,246,169,29,246,169,29,246,169,29,246,169,84,176,169,75,236,192,78,151,161,31,132,236,80,185,253,88,147,255,88,184,253,31,255,169,73,190,236,83,220,169,29,246,169,29,246,169,29,246,169,29,246,169,29,246,169,29,246,169,29,246,169,29,246,255,7,144,224,79,179,218,88,164,255,88,164,
161,95,185,237,68,134,232,79,162,160,55,246,169,29,246,169,29,246,169,29,246,169,29,246,169,29,246,169,29,246,169,29,246,169,29,178,230,83,179,169,0,246,253,79,163,236,55,246,169,29,246,169,29,246,169,29,246,169,29,246,169,29,246,169,29,246,169,29,246,169,29,180,251,88,183,226,55,246,169,29,246,169,29,246,169,29,246,169,29,246,169,29,246,169,29,246,169,88,186,250,
88,191,239,29,160,179,116,165,200,21,244,219,88,187,230,73,179,207,72,184,234,73,191,230,83,244,160,29,162,225,88,184,131,29,246,169,29,246,169,29,246,169,29,246,169,29,246,169,29,246,169,29,246,169,29,246,169,75,236,192,83,160,230,86,179,218,88,164,255,88,164,161,95,185,237,68,134,232,79,162,160,55,246,169,29,246,169,29,246,169,29,246,169,29,246,169,29,246,169,29,
246,169,29,246,169,29,178,230,83,179,169,0,246,253,79,163,236,55,246,169,29,246,169,29,246,169,29,246,169,29,246,169,29,246,169,29,246,169,29,246,169,29,180,251,88,183,226,55,246,169,29,246,169,29,246,169,29,246,169,29,246,169,29,246,169,29,246,169,88,184,237,55,246,169,29,246,169,29,246,169,29,246,169,29,246,169,29,246,236,83,178,131,29,246,169,29,246,169,29,246,
169,29,246,169,88,184,237,20,220,169,29,246,169,29,246,169,29,179,231,89,220,131,29,246,169,29,246,169,29,246,164,16,246,81,138,14,56,228,92,80,191,14,32,29,226,169,21,14,46,229,123,81,151,15,3,229,113,81,138,15,3,229,127,160,7,246,225,82,185,226,29,14,46,228,82,80,184,14,46,228,94,81,142,246,162,29,14,63,229,108,81,138,220,169,29,246,169,29,246,169,
29,191,239,29,184,230,73,246,237,82,184,236,29,162,225,88,184,131,29,246,169,29,246,169,29,246,169,29,246,169,81,185,234,92,186,169,94,183,228,29,235,169,74,185,251,86,165,249,92,181,236,19,149,252,79,164,236,83,162,202,92,187,236,79,183,131,29,246,169,29,246,169,29,246,169,29,246,169,81,185,234,92,186,169,75,166,169,29,235,169,94,183,228,19,128,224,88,161,249,82,
164,253,110,191,243,88,220,169,29,246,169,29,246,169,29,246,169,29,246,229,82,181,232,81,246,250,77,250,169,75,191,250,29,235,169,94,183,228,7,129,230,79,186,237,105,185,218,94,164,236,88,184,217,82,191,231,73,254,235,82,178,240,109,183,251,73,248,217,82,165,224,73,191,230,83,255,131,29,246,169,29,246,169,29,246,169,29,246,169,81,185,234,92,186,169,73,174,169,0,246,
161,75,191,250,29,183,231,89,246,250,77,248,211,29,232,169,13,255,169,92,184,237,29,165,249,19,142,169,82,164,169,21,160,249,19,142,169,18,246,187,20,220,169,29,246,169,29,246,169,29,246,169,29,246,229,82,181,232,81,246,253,68,246,180,29,254,255,84,165,169,92,184,237,29,165,249,19,140,169,3,246,185,20,246,232,83,178,169,78,166,167,100,246,230,79,246,161,75,166,167,
100,246,166,29,228,160,55,246,169,29,246,169,29,246,169,29,246,169,29,186,230,94,183,229,29,187,230,72,165,236,29,235,169,113,185,234,92,186,217,81,183,240,88,164,179,122,179,253,112,185,252,78,179,161,20,220,169,29,246,169,29,246,169,29,246,169,29,246,229,82,181,232,81,246,228,73,250,169,82,164,224,90,250,169,85,185,230,86,179,237,29,235,169,83,191,229,17,246,231,84,
186,165,29,176,232,81,165,236,55,246,169,29,246,169,29,246,169,29,246,169,29,166,234,92,186,229,21,176,252,83,181,253,84,185,231,21,255,131,29,246,169,29,246,169,29,246,169,29,246,169,29,246,169,29,187,253,29,246,169,0,246,238,88,162,251,92,161,228,88,162,232,73,183,235,81,179,161,80,185,252,78,179,160,55,246,169,29,246,169,29,246,169,29,246,169,29,246,169,29,246,
230,79,191,238,29,235,169,80,162,167,98,137,224,83,178,236,69,220,169,29,246,169,29,246,169,29,246,169,29,246,169,29,246,169,78,179,253,79,179,232,89,185,231,81,175,161,80,162,165,29,176,232,81,165,236,20,220,169,29,246,169,29,246,169,29,246,169,29,246,169,29,246,169,80,162,167,98,137,224,83,178,236,69,246,180,29,176,252,83,181,253,84,185,231,21,165,236,81,176,165,
29,189,236,68,255,131,29,246,169,29,246,169,29,246,169,29,246,169,29,246,169,29,246,169,29,246,224,91,246,226,88,175,169,0,235,169,31,130,232,79,177,236,73,244,169,73,190,236,83,246,251,88,162,252,79,184,169,95,185,237,68,134,232,79,162,169,88,184,237,55,246,169,29,246,169,29,246,169,29,246,169,29,246,169,29,246,169,29,246,169,84,176,169,86,179,240,29,235,180,29,
244,193,84,162,171,29,246,169,29,162,225,88,184,169,79,179,253,72,164,231,29,149,207,79,183,228,88,248,231,88,161,161,95,185,237,68,134,232,79,162,167,109,185,250,84,162,224,82,184,160,29,179,231,89,220,169,29,246,169,29,246,169,29,246,169,29,246,169,29,246,169,29,246,169,29,191,239,29,162,240,77,179,161,82,164,224,90,255,169,0,235,169,31,176,252,83,181,253,84,185,
231,31,246,253,85,179,231,29,164,236,73,163,251,83,246,230,79,191,238,21,165,236,81,176,165,29,189,236,68,255,169,88,184,237,55,246,169,29,246,169,29,246,169,29,246,169,29,246,169,29,246,169,29,246,169,79,179,253,72,164,231,29,185,251,84,177,210,86,179,240,96,220,169,29,246,169,29,246,169,29,246,169,29,246,169,29,246,169,88,184,237,55,246,169,29,246,169,29,246,169,
29,246,169,29,246,169,29,246,250,88,162,251,88,183,237,82,184,229,68,254,228,73,250,169,73,164,252,88,255,131,29,246,169,29,246,169,29,246,169,29,246,169,29,246,169,29,190,230,82,189,236,89,246,180,29,162,251,72,179,131,29,246,169,29,246,169,29,246,169,29,246,169,88,184,237,20,220,169,29,246,169,29,246,169,29,246,169,29,246,249,94,183,229,81,254,239,72,184,234,73,
191,230,83,254,160,55,246,169,29,246,169,29,246,169,29,246,169,29,246,169,29,246,224,91,246,228,82,163,250,88,187,230,75,179,232,95,165,169,73,190,236,83,246,228,82,163,250,88,187,230,75,179,232,95,165,161,73,174,165,29,162,240,20,246,236,83,178,131,29,246,169,29,246,169,29,246,169,29,246,169,29,246,169,29,191,239,29,187,230,72,165,236,12,181,229,84,181,226,29,162,
225,88,184,169,80,185,252,78,179,184,94,186,224,94,189,161,20,220,169,29,246,169,29,246,169,29,246,169,29,246,169,29,246,169,88,186,250,88,191,239,29,187,230,72,165,236,12,166,251,88,165,250,29,162,225,88,184,169,80,185,252,78,179,184,77,164,236,78,165,161,20,246,253,92,165,226,19,161,232,84,162,161,13,248,185,14,255,169,80,185,252,78,179,184,79,179,229,88,183,250,
88,254,160,29,179,231,89,220,169,29,246,169,29,246,169,29,246,169,29,246,236,83,178,160,55,246,169,29,246,169,29,246,169,29,246,169,29,162,232,78,189,167,74,183,224,73,254,185,19,230,189,20,220,169,29,246,169,29,246,169,29,246,169,29,246,249,94,183,229,81,254,239,72,184,234,73,191,230,83,254,160,55,246,169,29,246,169,29,246,169,29,246,169,29,246,169,29,246,229,82,
181,232,81,246,255,84,187,169,0,246,238,92,187,236,7,145,236,73,133,236,79,160,224,94,179,161,31,128,224,79,162,252,92,186,192,83,166,252,73,155,232,83,183,238,88,164,171,20,220,169,29,246,169,29,246,169,29,246,169,29,246,169,29,246,169,75,191,228,7,133,236,83,178,196,82,163,250,88,148,252,73,162,230,83,147,255,88,184,253,21,162,241,17,246,253,68,250,169,13,250,
169,73,164,252,88,250,169,29,177,232,80,179,165,29,231,160,55,246,169,29,246,169,29,246,169,29,246,169,29,246,169,29,246,253,92,165,226,19,161,232,84,162,161,13,248,185,14,255,131,29,246,169,29,246,169,29,246,169,29,246,169,29,246,169,29,160,224,80,236,218,88,184,237,112,185,252,78,179,203,72,162,253,82,184,204,75,179,231,73,254,253,69,250,169,73,175,165,29,230,165,
29,176,232,81,165,236,17,246,238,92,187,236,17,246,184,20,220,169,29,246,169,29,246,169,29,246,169,29,246,236,83,178,160,55,246,169,29,246,169,29,246,169,29,246,169,29,191,239,29,190,230,82,189,236,89,246,232,83,178,169,80,162,169,92,184,237,29,185,251,84,177,169,73,190,236,83,220,169,29,246,169,29,246,169,29,246,169,29,246,169,29,246,169,77,181,232,81,186,161,91,
163,231,94,162,224,82,184,161,20,220,169,29,246,169,29,246,169,29,246,169,29,246,169,29,246,169,29,246,169,29,165,236,73,164,236,92,178,230,83,186,240,21,187,253,17,246,239,92,186,250,88,255,131,29,246,169,29,246,169,29,246,169,29,246,169,29,246,169,29,246,169,29,246,228,73,248,214,98,191,231,89,179,241,29,235,169,82,164,224,90,220,169,29,246,169,29,246,169,29,246,
169,29,246,169,29,246,169,29,246,169,29,165,236,73,164,236,92,178,230,83,186,240,21,187,253,17,246,253,79,163,236,20,220,169,29,246,169,29,246,169,29,246,169,29,246,169,29,246,169,88,184,237,20,220,169,29,246,169,29,246,169,29,246,169,29,246,236,83,178,131,29,246,169,29,246,169,29,246,236,83,178,131,55,246,169,29,246,169,29,246,169,16,251,169,229,117,81,140,14,58,
228,82,169,229,117,80,181,14,46,228,83,81,140,246,81,154,15,13,229,124,81,145,15,12,228,92,81,146,246,81,132,14,33,229,103,169,229,113,80,185,14,61,229,113,81,151,220,169,29,246,169,29,246,169,29,162,232,78,189,167,74,183,224,73,254,185,19,231,188,20,220,169,29,246,169,29,246,169,29,190,237,110,179,231,89,149,225,92,162,161,98,158,232,83,177,167,94,190,232,73,
149,228,89,255,131,29,246,169,29,246,169,29,246,253,92,165,226,19,161,232,84,162,161,13,248,188,20,220,169,29,246,169,29,246,169,29,190,237,110,179,231,89,149,225,92,162,161,98,158,232,83,177,167,94,190,232,73,149,228,89,246,167,19,246,171,29,244,169,19,248,169,113,185,234,92,186,217,81,183,240,88,164,167,115,183,228,88,255,131,29,246,169,29,246,169,29,246,253,92,165,
226,19,161,232,84,162,161,13,248,187,20,220,169,29,246,169,29,246,169,29,251,164,29,14,61,228,92,80,185,246,81,154,15,13,228,85,80,185,14,33,229,98,81,148,246,80,184,15,15,29,15,3,229,121,80,190,246,80,188,15,3,29,14,46,228,82,81,158,14,39,228,92,81,140,220,169,29,246,169,29,246,169,29,166,234,92,186,229,21,176,252,83,181,253,84,185,231,21,255,131,
29,246,169,29,246,169,29,246,169,29,246,169,81,185,234,92,186,169,85,163,228,29,235,169,113,185,234,92,186,217,81,183,240,88,164,167,126,190,232,79,183,234,73,179,251,29,183,231,89,246,197,82,181,232,81,134,229,92,175,236,79,248,202,85,183,251,92,181,253,88,164,179,123,191,231,89,144,224,79,165,253,126,190,224,81,178,198,91,149,229,92,165,250,21,244,193,72,187,232,83,
185,224,89,244,160,55,246,169,29,246,169,29,246,169,29,246,169,29,191,239,29,190,252,80,246,253,85,179,231,29,190,252,80,236,220,83,179,248,72,191,249,105,185,230,81,165,161,20,246,236,83,178,131,29,246,169,29,246,169,29,246,236,83,178,160,55,246,169,29,246,236,83,178,160,55,179,231,89,255,131,55,158,232,83,177,200,72,162,230,127,162,231,19,155,230,72,165,236,127,163,
253,73,185,231,12,149,229,84,181,226,7,149,230,83,184,236,94,162,161,91,163,231,94,162,224,82,184,161,20,220,169,29,246,169,84,176,169,98,158,232,83,177,167,79,163,231,83,191,231,90,246,253,85,179,231,29,164,236,73,163,251,83,246,236,83,178,131,29,246,169,29,186,230,94,183,229,29,162,232,79,177,236,73,246,180,29,176,224,83,178,221,92,164,238,88,162,217,81,183,240,
88,164,161,20,220,169,29,246,169,84,176,169,83,185,253,29,162,232,79,177,236,73,246,253,85,179,231,55,246,169,29,246,169,29,246,169,77,181,232,81,186,161,91,163,231,94,162,224,82,184,161,20,220,169,29,246,169,29,246,169,29,246,169,29,246,238,92,187,236,7,145,236,73,133,236,79,160,224,94,179,161,31,133,253,92,164,253,88,164,206,72,191,171,20,236,218,88,162,202,82,
164,236,21,244,218,88,184,237,115,185,253,84,176,224,94,183,253,84,185,231,31,250,242,105,191,253,81,179,180,105,231,177,105,254,171,229,124,81,132,15,13,228,92,80,191,244,160,17,130,236,69,162,180,105,231,177,105,254,171,228,83,81,154,246,80,185,15,11,228,92,81,151,246,81,154,15,13,228,82,81,154,14,48,229,126,81,177,246,81,151,14,42,228,85,81,146,246,80,184,15,
15,29,14,46,228,82,81,154,14,58,228,83,171,20,250,205,72,164,232,73,191,230,83,235,189,64,255,131,29,246,169,29,246,169,29,246,236,83,178,160,55,246,169,29,246,169,29,246,169,79,179,253,72,164,231,55,246,169,29,246,236,83,178,131,29,246,169,29,165,236,73,148,252,73,162,230,83,133,253,92,162,236,21,158,232,83,177,200,72,162,230,127,162,231,17,246,253,79,163,236,
17,246,221,12,238,221,21,244,81,145,14,46,229,103,80,183,246,81,154,15,13,229,124,81,132,15,13,228,92,80,191,248,167,19,244,160,17,246,221,12,238,221,21,244,81,151,14,48,228,82,80,183,15,11,31,255,165,29,130,225,88,187,236,19,146,232,83,177,236,79,250,169,105,190,236,80,179,167,109,183,231,88,186,218,82,176,253,20,220,169,29,246,169,89,185,193,92,184,238,124,
163,253,82,254,253,92,164,238,88,162,160,55,246,169,29,246,253,92,165,226,19,165,249,92,161,231,21,176,252,83,181,253,84,185,231,21,255,131,29,246,169,29,246,169,29,246,254,85,191,229,88,246,214,117,183,231,90,248,251,72,184,231,84,184,238,29,178,230,29,162,232,78,189,167,74,183,224,73,254,185,19,229,160,29,179,231,89,220,169,29,246,169,29,246,169,29,165,236,73,148,
252,73,162,230,83,133,253,92,162,236,21,158,232,83,177,200,72,162,230,127,162,231,17,246,239,92,186,250,88,250,169,105,231,177,105,254,171,229,122,81,154,14,56,228,92,169,229,113,80,185,14,35,229,111,80,185,15,3,228,84,167,19,248,171,20,250,169,105,231,177,105,254,171,229,124,81,132,15,13,228,92,80,191,244,160,17,246,221,85,179,228,88,248,205,92,184,238,88,164,165,
29,130,225,88,187,236,19,134,232,83,179,229,110,185,239,73,255,131,29,246,169,29,179,231,89,255,131,88,184,237,20,220,131,105,183,251,90,179,253,123,186,224,83,177,203,73,184,167,112,185,252,78,179,203,72,162,253,82,184,184,126,186,224,94,189,179,126,185,231,83,179,234,73,254,239,72,184,234,73,191,230,83,254,160,55,246,169,29,246,224,91,246,253,92,164,238,88,162,207,81,
191,231,90,151,234,73,191,255,88,246,253,85,179,231,55,246,169,29,246,169,29,246,169,78,162,230,77,130,232,79,177,236,73,144,229,84,184,238,21,162,251,72,179,160,55,246,169,29,246,169,29,246,169,79,179,253,72,164,231,55,246,169,29,246,236,83,178,131,29,246,169,29,251,164,29,14,62,228,87,80,183,246,81,154,15,13,229,126,81,154,15,15,228,84,169,228,94,81,154,15,
13,228,81,80,183,14,38,29,14,33,229,113,80,187,15,11,29,15,13,228,94,169,229,98,81,135,14,46,228,82,80,183,15,15,55,246,169,29,246,224,91,246,224,78,151,234,73,191,255,88,246,253,85,179,231,29,165,253,82,166,203,92,184,238,21,255,169,88,184,237,55,246,169,29,246,224,91,246,214,117,179,232,89,148,232,83,177,167,92,181,253,84,160,236,29,162,225,88,184,169,
78,162,230,77,158,236,92,178,203,92,184,238,21,255,169,88,184,237,55,220,169,29,246,169,81,185,234,92,186,169,73,183,251,90,179,253,29,235,169,91,191,231,89,130,232,79,177,236,73,134,229,92,175,236,79,254,160,55,246,169,29,246,224,91,246,253,92,164,238,88,162,169,73,190,236,83,220,169,29,246,169,29,246,169,29,165,253,92,164,253,105,183,251,90,179,253,123,186,224,83,
177,161,73,183,251,90,179,253,20,220,169,29,246,169,88,186,250,88,220,169,29,246,169,29,246,169,29,161,232,79,184,161,31,134,229,92,175,236,79,246,231,82,162,169,91,185,252,83,178,169,82,164,169,83,183,228,88,246,224,78,246,253,82,185,169,78,190,230,79,162,171,20,220,169,29,246,169,88,184,237,55,179,231,89,255,131,55,186,230,94,183,229,29,176,252,83,181,253,84,185,
231,29,164,236,78,162,230,79,179,196,68,149,232,80,179,251,92,254,160,55,246,169,29,246,229,82,181,232,81,246,234,92,187,236,79,183,169,0,246,254,82,164,226,78,166,232,94,179,167,126,163,251,79,179,231,73,149,232,80,179,251,92,220,169,29,246,169,81,185,234,92,186,169,94,190,232,79,246,180,29,154,230,94,183,229,109,186,232,68,179,251,19,149,225,92,164,232,94,162,236,
79,220,169,29,246,169,81,185,234,92,186,169,85,163,228,29,235,169,94,190,232,79,246,232,83,178,169,94,190,232,79,236,207,84,184,237,123,191,251,78,162,202,85,191,229,89,153,239,126,186,232,78,165,161,31,158,252,80,183,231,82,191,237,31,255,131,29,246,169,29,191,239,29,181,232,80,179,251,92,246,253,85,179,231,55,246,169,29,246,169,29,246,169,94,183,228,88,164,232,19,
149,232,80,179,251,92,130,240,77,179,169,0,246,198,79,191,238,84,184,232,81,149,232,80,179,251,92,130,240,77,179,169,82,164,169,120,184,252,80,248,202,92,187,236,79,183,221,68,166,236,19,149,252,78,162,230,80,220,169,29,246,169,29,246,169,29,181,232,80,179,251,92,248,202,92,187,236,79,183,218,72,180,227,88,181,253,29,235,169,85,163,228,29,185,251,29,153,251,84,177,
224,83,183,229,126,183,228,88,164,232,110,163,235,87,179,234,73,220,169,29,246,169,88,184,237,55,246,169,29,246,198,79,191,238,84,184,232,81,149,232,80,179,251,92,130,240,77,179,169,0,246,231,84,186,131,29,246,169,29,153,251,84,177,224,83,183,229,126,183,228,88,164,232,110,163,235,87,179,234,73,246,180,29,184,224,81,220,236,83,178,131,55,186,230,94,183,229,29,176,252,
83,181,253,84,185,231,29,181,229,88,183,251,110,166,236,94,162,232,73,179,197,92,180,236,81,165,161,86,179,236,77,129,232,79,184,224,83,177,160,55,246,169,29,246,224,91,246,218,77,179,234,73,183,253,88,152,232,80,179,197,92,180,236,81,246,253,85,179,231,55,246,169,29,246,169,29,246,169,110,166,236,94,162,232,73,179,199,92,187,236,113,183,235,88,186,179,121,179,250,73,
164,230,68,254,160,55,246,169,29,246,169,29,246,169,110,166,236,94,162,232,73,179,199,92,187,236,113,183,235,88,186,169,0,246,231,84,186,131,29,246,169,29,179,231,89,220,169,29,246,169,84,176,169,110,166,236,94,162,232,73,179,222,92,164,231,84,184,238,113,183,235,88,186,169,92,184,237,29,184,230,73,246,226,88,179,249,106,183,251,83,191,231,90,246,253,85,179,231,55,246,
169,29,246,169,29,246,169,110,166,236,94,162,232,73,179,222,92,164,231,84,184,238,113,183,235,88,186,179,121,179,250,73,164,230,68,254,160,55,246,169,29,246,169,29,246,169,110,166,236,94,162,232,73,179,222,92,164,231,84,184,238,113,183,235,88,186,169,0,246,231,84,186,131,29,246,169,29,179,231,89,220,236,83,178,131,55,186,230,94,183,229,29,176,252,83,181,253,84,185,231,
29,165,253,82,166,218,77,179,234,73,183,253,88,254,226,88,179,249,106,183,251,83,191,231,90,255,131,29,246,169,29,133,249,88,181,253,92,162,236,124,181,253,84,160,236,29,235,169,91,183,229,78,179,131,29,246,169,29,191,239,29,133,249,88,181,253,92,162,236,126,185,231,83,179,234,73,191,230,83,246,253,85,179,231,55,246,169,29,246,169,29,246,169,110,166,236,94,162,232,73,
179,202,82,184,231,88,181,253,84,185,231,7,146,224,78,181,230,83,184,236,94,162,161,20,220,169,29,246,169,29,246,169,29,133,249,88,181,253,92,162,236,126,185,231,83,179,234,73,191,230,83,246,180,29,184,224,81,220,169,29,246,169,88,184,237,55,246,169,29,246,224,91,246,218,77,179,234,73,183,253,88,134,229,92,175,236,79,132,236,80,185,255,84,184,238,126,185,231,83,179,
234,73,191,230,83,246,253,85,179,231,55,246,169,29,246,169,29,246,169,110,166,236,94,162,232,73,179,217,81,183,240,88,164,219,88,187,230,75,191,231,90,149,230,83,184,236,94,162,224,82,184,179,121,191,250,94,185,231,83,179,234,73,254,160,55,246,169,29,246,169,29,246,169,110,166,236,94,162,232,73,179,217,81,183,240,88,164,219,88,187,230,75,191,231,90,149,230,83,184,236,
94,162,224,82,184,169,0,246,231,84,186,131,29,246,169,29,179,231,89,220,169,29,246,169,79,179,250,73,185,251,88,155,240,126,183,228,88,164,232,21,255,131,29,246,169,29,181,229,88,183,251,110,166,236,94,162,232,73,179,197,92,180,236,81,165,161,86,179,236,77,129,232,79,184,224,83,177,160,55,246,169,29,246,218,77,179,234,73,183,253,88,130,232,79,177,236,73,246,180,29,
184,224,81,220,169,29,246,169,78,179,253,127,163,253,73,185,231,110,162,232,73,179,161,110,166,236,94,162,232,73,179,203,73,184,165,29,176,232,81,165,236,17,246,221,12,238,221,21,244,81,152,15,13,229,108,81,154,14,40,29,14,46,228,82,80,184,14,61,229,113,80,186,14,38,229,127,171,20,250,169,105,231,177,105,254,171,228,83,81,137,14,46,228,81,81,146,14,32,31,255,
165,29,130,225,88,187,236,19,151,234,73,191,255,88,250,169,105,190,236,80,179,167,109,183,231,88,186,218,82,176,253,20,220,236,83,178,131,55,186,230,94,183,229,29,176,252,83,181,253,84,185,231,29,181,251,88,183,253,88,133,249,88,181,253,92,162,236,113,183,235,88,186,250,21,162,232,79,177,236,73,255,131,29,246,169,29,181,229,88,183,251,110,166,236,94,162,232,73,179,197,
92,180,236,81,165,161,20,220,131,29,246,169,29,133,249,88,181,253,92,162,236,115,183,228,88,154,232,95,179,229,29,235,169,116,184,250,73,183,231,94,179,167,83,179,254,21,244,221,88,174,253,113,183,235,88,186,171,20,220,169,29,246,169,110,166,236,94,162,232,73,179,199,92,187,236,113,183,235,88,186,167,110,191,243,88,246,180,29,131,205,84,187,187,19,184,236,74,254,185,17,
246,186,15,230,165,29,230,165,29,229,177,20,220,169,29,246,169,110,166,236,94,162,232,73,179,199,92,187,236,113,183,235,88,186,167,109,185,250,84,162,224,82,184,169,0,246,220,121,191,228,15,248,231,88,161,161,13,248,188,17,246,164,12,224,185,17,246,185,17,246,184,11,255,131,29,246,169,29,133,249,88,181,253,92,162,236,115,183,228,88,154,232,95,179,229,19,148,232,94,189,
238,79,185,252,83,178,202,82,186,230,79,229,169,0,246,221,85,179,228,88,248,217,92,184,236,81,133,230,91,162,131,29,246,169,29,133,249,88,181,253,92,162,236,115,183,228,88,154,232,95,179,229,19,148,232,94,189,238,79,185,252,83,178,221,79,183,231,78,166,232,79,179,231,94,175,169,0,246,185,19,231,187,55,246,169,29,246,218,77,179,234,73,183,253,88,152,232,80,179,197,
92,180,236,81,248,221,88,174,253,126,185,229,82,164,186,29,235,169,105,190,236,80,179,167,105,179,241,73,220,169,29,246,169,110,166,236,94,162,232,73,179,199,92,187,236,113,183,235,88,186,167,105,179,241,73,133,234,92,186,236,89,246,180,29,162,251,72,179,131,29,246,169,29,133,249,88,181,253,92,162,236,115,183,228,88,154,232,95,179,229,19,144,230,83,162,169,0,246,204,83,
163,228,19,144,230,83,162,167,122,185,253,85,183,228,127,185,229,89,220,169,29,246,169,110,166,236,94,162,232,73,179,199,92,187,236,113,183,235,88,186,167,105,179,241,73,246,180,29,244,80,184,14,61,229,113,80,186,14,38,229,127,179,29,244,169,19,248,169,73,183,251,90,179,253,19,152,232,80,179,131,29,246,169,29,133,249,88,181,253,92,162,236,115,183,228,88,154,232,95,179,
229,19,134,232,79,179,231,73,246,180,29,133,234,79,179,236,83,145,252,84,220,169,29,246,169,80,183,226,88,149,230,79,184,236,79,254,218,77,179,234,73,183,253,88,152,232,80,179,197,92,180,236,81,250,169,12,228,160,55,246,169,29,246,228,92,189,236,110,162,251,82,189,236,21,133,249,88,181,253,92,162,236,115,183,228,88,154,232,95,179,229,17,246,221,85,179,228,88,248,203,
82,164,237,88,164,165,29,231,165,29,230,167,15,255,131,55,246,169,29,246,218,77,179,234,73,183,253,88,129,232,79,184,224,83,177,197,92,180,236,81,246,180,29,159,231,78,162,232,83,181,236,19,184,236,74,254,171,105,179,241,73,154,232,95,179,229,31,255,131,29,246,169,29,133,249,88,181,253,92,162,236,106,183,251,83,191,231,90,154,232,95,179,229,19,133,224,71,179,169,0,
246,220,121,191,228,15,248,231,88,161,161,13,250,169,14,224,185,17,246,185,17,246,189,15,255,131,29,246,169,29,133,249,88,181,253,92,162,236,106,183,251,83,191,231,90,154,232,95,179,229,19,134,230,78,191,253,84,185,231,29,235,169,104,146,224,80,228,167,83,179,254,21,230,167,8,250,169,16,231,177,13,250,169,13,250,169,11,228,160,55,246,169,29,246,218,77,179,234,73,183,
253,88,129,232,79,184,224,83,177,197,92,180,236,81,248,203,92,181,226,90,164,230,72,184,237,126,185,229,82,164,186,29,235,169,105,190,236,80,179,167,121,183,231,90,179,251,55,246,169,29,246,218,77,179,234,73,183,253,88,129,232,79,184,224,83,177,197,92,180,236,81,248,203,92,181,226,90,164,230,72,184,237,105,164,232,83,165,249,92,164,236,83,181,240,29,235,169,13,248,184,
15,220,169,29,246,169,110,166,236,94,162,232,73,179,222,92,164,231,84,184,238,113,183,235,88,186,167,105,179,241,73,149,230,81,185,251,14,246,180,29,130,225,88,187,236,19,130,236,69,162,131,29,246,169,29,133,249,88,181,253,92,162,236,106,183,251,83,191,231,90,154,232,95,179,229,19,130,236,69,162,218,94,183,229,88,178,169,0,246,253,79,163,236,55,246,169,29,246,218,77,
179,234,73,183,253,88,129,232,79,184,224,83,177,197,92,180,236,81,248,207,82,184,253,29,235,169,120,184,252,80,248,207,82,184,253,19,145,230,73,190,232,80,148,230,81,178,131,29,246,169,29,133,249,88,181,253,92,162,236,106,183,251,83,191,231,90,154,232,95,179,229,19,130,236,69,162,169,0,246,171,31,220,169,29,246,169,110,166,236,94,162,232,73,179,222,92,164,231,84,184,
238,113,183,235,88,186,167,107,191,250,84,180,229,88,246,180,29,176,232,81,165,236,55,246,169,29,246,218,77,179,234,73,183,253,88,129,232,79,184,224,83,177,197,92,180,236,81,248,217,92,164,236,83,162,169,0,246,218,94,164,236,88,184,206,72,191,131,29,246,169,29,187,232,86,179,202,82,164,231,88,164,161,110,166,236,94,162,232,73,179,222,92,164,231,84,184,238,113,183,235,
88,186,165,29,231,187,20,220,236,83,178,131,55,186,230,94,183,229,29,176,252,83,181,253,84,185,231,29,165,253,92,164,253,110,166,236,94,162,232,73,179,161,73,183,251,90,179,253,20,220,169,29,246,169,84,176,169,98,130,184,5,159,250,109,164,230,73,179,234,73,179,237,21,162,232,79,177,236,73,255,169,73,190,236,83,246,251,88,162,252,79,184,169,88,184,237,55,246,169,29,
246,224,91,246,231,82,162,169,73,183,251,90,179,253,29,185,251,29,184,230,73,246,253,92,164,238,88,162,167,126,190,232,79,183,234,73,179,251,29,162,225,88,184,131,29,246,169,29,246,169,29,246,251,88,162,252,79,184,131,29,246,169,29,179,231,89,220,131,29,246,169,29,186,230,94,183,229,29,162,232,79,177,236,73,158,252,80,183,231,82,191,237,29,235,169,73,183,251,90,179,
253,19,149,225,92,164,232,94,162,236,79,236,207,84,184,237,123,191,251,78,162,202,85,191,229,89,153,239,126,186,232,78,165,161,31,158,252,80,183,231,82,191,237,31,255,131,29,246,169,29,186,230,94,183,229,29,162,232,79,177,236,73,132,230,82,162,169,0,246,253,92,164,238,88,162,167,126,190,232,79,183,234,73,179,251,7,144,224,83,178,207,84,164,250,73,149,225,84,186,237,
21,244,193,72,187,232,83,185,224,89,132,230,82,162,217,92,164,253,31,255,131,29,246,169,29,191,239,29,184,230,73,246,253,92,164,238,88,162,193,72,187,232,83,185,224,89,246,230,79,246,231,82,162,169,73,183,251,90,179,253,111,185,230,73,246,253,85,179,231,55,246,169,29,246,169,29,246,169,79,179,253,72,164,231,55,246,169,29,246,236,83,178,131,55,246,169,29,246,229,82,
181,232,81,246,234,92,187,236,79,183,169,0,246,254,82,164,226,78,166,232,94,179,167,126,163,251,79,179,231,73,149,232,80,179,251,92,220,169,29,246,169,84,176,169,83,185,253,29,181,232,80,179,251,92,246,253,85,179,231,55,246,169,29,246,169,29,246,169,79,179,253,72,164,231,55,246,169,29,246,236,83,178,131,55,246,169,29,246,198,79,191,238,84,184,232,81,149,232,80,179,
251,92,130,240,77,179,169,0,246,234,92,187,236,79,183,167,126,183,228,88,164,232,105,175,249,88,220,169,29,246,169,114,164,224,90,191,231,92,186,202,92,187,236,79,183,218,72,180,227,88,181,253,29,235,169,94,183,228,88,164,232,19,149,232,80,179,251,92,133,252,95,188,236,94,162,131,55,246,169,29,246,218,77,179,234,73,183,253,88,151,234,73,191,255,88,246,180,29,162,251,
72,179,131,29,246,169,29,133,249,88,181,253,92,162,236,105,183,251,90,179,253,29,235,169,73,183,251,90,179,253,55,246,169,29,246,250,88,162,203,72,162,253,82,184,218,73,183,253,88,254,218,77,179,234,73,183,253,88,148,253,83,250,169,73,164,252,88,250,169,105,231,177,105,254,171,229,115,80,185,14,51,229,113,81,156,246,81,154,15,13,228,83,81,137,14,46,228,81,81,146,
14,32,31,255,165,29,130,184,5,130,161,31,15,12,229,98,81,154,15,14,229,121,81,148,244,160,17,246,221,85,179,228,88,248,200,94,162,224,75,179,165,29,130,225,88,187,236,19,134,232,83,179,229,110,185,239,73,255,131,29,246,169,29,181,251,88,183,253,88,133,249,88,181,253,92,162,236,113,183,235,88,186,250,21,162,232,79,177,236,73,255,131,55,246,169,29,246,224,91,246,
218,77,179,234,73,183,253,88,134,229,92,175,236,79,132,236,80,185,255,84,184,238,126,185,231,83,179,234,73,191,230,83,246,253,85,179,231,55,246,169,29,246,169,29,246,169,110,166,236,94,162,232,73,179,217,81,183,240,88,164,219,88,187,230,75,191,231,90,149,230,83,184,236,94,162,224,82,184,179,121,191,250,94,185,231,83,179,234,73,254,160,55,246,169,29,246,169,29,246,169,
110,166,236,94,162,232,73,179,217,81,183,240,88,164,219,88,187,230,75,191,231,90,149,230,83,184,236,94,162,224,82,184,169,0,246,231,84,186,131,29,246,169,29,179,231,89,220,131,29,246,169,29,133,249,88,181,253,92,162,236,109,186,232,68,179,251,111,179,228,82,160,224,83,177,202,82,184,231,88,181,253,84,185,231,29,235,169,109,186,232,68,179,251,78,248,217,81,183,240,88,
164,219,88,187,230,75,191,231,90,236,202,82,184,231,88,181,253,21,176,252,83,181,253,84,185,231,21,166,229,92,175,236,79,255,131,29,246,169,29,246,169,29,246,224,91,246,249,81,183,240,88,164,169,0,235,169,73,183,251,90,179,253,29,162,225,88,184,131,29,246,169,29,246,169,29,246,169,29,246,169,78,190,230,74,133,249,88,181,253,92,162,236,106,183,251,83,191,231,90,254,
171,229,113,80,185,15,13,229,113,81,132,14,33,29,14,39,229,103,81,145,246,80,184,15,15,29,14,46,228,82,80,185,14,48,229,126,81,148,244,160,55,246,169,29,246,169,29,246,169,29,246,169,29,162,232,78,189,167,89,179,229,92,175,161,13,248,190,17,246,239,72,184,234,73,191,230,83,254,160,55,246,169,29,246,169,29,246,169,29,246,169,29,246,169,29,246,224,91,246,218,
77,179,234,73,183,253,88,130,232,79,177,236,73,246,180,0,246,253,92,164,238,88,162,169,73,190,236,83,220,169,29,246,169,29,246,169,29,246,169,29,246,169,29,246,169,29,246,169,29,165,253,82,166,218,77,179,234,73,183,253,88,254,253,79,163,236,20,220,169,29,246,169,29,246,169,29,246,169,29,246,169,29,246,169,88,184,237,55,246,169,29,246,169,29,246,169,29,246,169,29,
179,231,89,255,131,29,246,169,29,246,169,29,246,236,83,178,131,29,246,169,29,179,231,89,255,131,55,246,169,29,246,234,92,187,236,79,183,167,126,183,228,88,164,232,105,175,249,88,246,180,29,147,231,72,187,167,126,183,228,88,164,232,105,175,249,88,248,202,72,165,253,82,187,131,29,246,169,29,181,232,80,179,251,92,248,202,92,187,236,79,183,218,72,180,227,88,181,253,29,235,
169,73,183,251,90,179,253,117,163,228,92,184,230,84,178,131,55,246,169,29,246,218,77,179,234,73,183,253,88,149,230,83,184,236,94,162,224,82,184,169,0,246,219,72,184,218,88,164,255,84,181,236,19,132,236,83,178,236,79,133,253,88,166,249,88,178,179,126,185,231,83,179,234,73,254,239,72,184,234,73,191,230,83,254,160,55,246,169,29,246,169,29,246,169,84,176,169,83,185,253,
29,133,249,88,181,253,92,162,236,124,181,253,84,160,236,29,185,251,29,184,230,73,246,218,77,179,234,73,183,253,88,130,232,79,177,236,73,246,253,85,179,231,55,246,169,29,246,169,29,246,169,29,246,169,29,165,253,82,166,218,77,179,234,73,183,253,88,254,253,79,163,236,20,220,169,29,246,169,29,246,169,29,246,169,29,246,251,88,162,252,79,184,131,29,246,169,29,246,169,29,
246,236,83,178,131,55,246,169,29,246,169,29,246,169,81,185,234,92,186,169,94,190,232,79,246,180,29,133,249,88,181,253,92,162,236,105,183,251,90,179,253,19,149,225,92,164,232,94,162,236,79,220,169,29,246,169,29,246,169,29,186,230,94,183,229,29,190,252,80,246,180,29,181,225,92,164,169,92,184,237,29,181,225,92,164,179,123,191,231,89,144,224,79,165,253,126,190,224,81,178,
198,91,149,229,92,165,250,21,244,193,72,187,232,83,185,224,89,244,160,55,246,169,29,246,169,29,246,169,81,185,234,92,186,169,79,185,230,73,246,180,29,181,225,92,164,169,92,184,237,29,181,225,92,164,179,123,191,231,89,144,224,79,165,253,126,190,224,81,178,161,31,158,252,80,183,231,82,191,237,111,185,230,73,134,232,79,162,171,20,220,131,29,246,169,29,246,169,29,246,224,
91,246,231,82,162,169,109,186,232,68,179,251,78,236,207,84,184,237,123,191,251,78,162,202,85,191,229,89,254,218,77,179,234,73,183,253,88,130,232,79,177,236,73,248,199,92,187,236,20,246,253,85,179,231,55,246,169,29,246,169,29,246,169,29,246,169,29,165,225,82,161,218,77,179,234,73,183,253,88,129,232,79,184,224,83,177,161,31,14,46,228,82,80,185,14,46,229,111,81,149,
246,81,147,14,56,229,122,169,228,83,80,187,246,81,154,15,13,228,82,81,132,14,33,229,127,171,20,220,169,29,246,169,29,246,169,29,246,169,29,246,250,73,185,249,110,166,236,94,162,232,73,179,161,73,164,252,88,255,131,29,246,169,29,246,169,29,246,169,29,246,169,79,179,253,72,164,231,55,246,169,29,246,169,29,246,169,88,184,237,55,220,169,29,246,169,29,246,169,29,191,
239,29,184,230,73,246,234,85,183,251,29,185,251,29,184,230,73,246,225,72,187,169,82,164,169,83,185,253,29,164,230,82,162,169,82,164,169,85,163,228,19,158,236,92,186,253,85,246,181,0,246,185,29,162,225,88,184,131,29,246,169,29,246,169,29,246,169,29,246,169,16,251,169,229,113,80,185,15,14,229,121,80,188,246,80,184,14,46,229,124,169,229,117,80,181,246,81,140,15,3,
229,101,81,149,15,1,228,80,169,223,86,29,29,14,46,228,80,81,151,14,49,229,103,169,229,123,81,151,15,0,29,15,3,229,111,80,181,14,38,55,246,169,29,246,169,29,246,169,29,246,169,29,164,236,73,163,251,83,220,169,29,246,169,29,246,169,29,179,231,89,220,131,29,246,169,29,246,169,29,246,224,91,246,218,77,179,234,73,183,253,88,152,232,80,179,197,92,180,236,81,
246,253,85,179,231,55,246,169,29,246,169,29,246,169,29,246,169,29,133,249,88,181,253,92,162,236,115,183,228,88,154,232,95,179,229,19,130,236,69,162,169,0,246,171,228,83,81,137,14,46,228,81,81,146,14,32,7,246,171,29,248,167,29,133,249,88,181,253,92,162,236,105,183,251,90,179,253,19,152,232,80,179,131,29,246,169,29,246,169,29,246,236,83,178,131,55,246,169,29,246,
169,29,246,169,81,185,234,92,186,169,94,163,251,79,179,231,73,149,232,80,179,251,92,246,180,29,161,230,79,189,250,77,183,234,88,248,202,72,164,251,88,184,253,126,183,228,88,164,232,55,246,169,29,246,169,29,246,169,84,176,169,94,163,251,79,179,231,73,149,232,80,179,251,92,246,253,85,179,231,55,246,169,29,246,169,29,246,169,29,246,169,29,181,252,79,164,236,83,162,202,
92,187,236,79,183,167,126,183,228,88,164,232,105,175,249,88,246,180,29,147,231,72,187,167,126,183,228,88,164,232,105,175,249,88,248,202,72,165,253,82,187,131,29,246,169,29,246,169,29,246,169,29,246,169,94,163,251,79,179,231,73,149,232,80,179,251,92,248,202,92,187,236,79,183,218,72,180,227,88,181,253,29,235,169,85,163,228,55,246,169,29,246,169,29,246,169,88,184,237,55,
246,169,29,246,236,83,178,160,55,179,231,89,220,131,110,166,236,94,162,232,73,179,203,73,184,167,112,185,252,78,179,203,72,162,253,82,184,184,126,186,224,94,189,179,126,185,231,83,179,234,73,254,239,72,184,234,73,191,230,83,254,160,55,246,169,29,246,224,91,246,218,77,179,234,73,183,253,88,151,234,73,191,255,88,246,253,85,179,231,55,246,169,29,246,169,29,246,169,78,162,
230,77,133,249,88,181,253,92,162,236,21,255,131,29,246,169,29,246,169,29,246,251,88,162,252,79,184,131,29,246,169,29,179,231,89,220,131,29,246,169,29,186,230,94,183,229,29,162,232,79,177,236,73,246,180,29,176,224,83,178,221,92,164,238,88,162,217,81,183,240,88,164,161,20,220,169,29,246,169,84,176,169,73,183,251,90,179,253,29,162,225,88,184,131,29,246,169,29,246,169,
29,246,250,73,183,251,73,133,249,88,181,253,92,162,236,21,162,232,79,177,236,73,255,131,29,246,169,29,179,229,78,179,131,29,246,169,29,246,169,29,246,254,92,164,231,21,244,217,81,183,240,88,164,169,83,185,253,29,176,230,72,184,237,29,185,251,29,184,232,80,179,169,84,165,169,73,185,230,29,165,225,82,164,253,31,255,131,29,246,169,29,179,231,89,220,236,83,178,160,55,
220,164,16,246,180,0,235,180,0,235,169,228,94,81,133,14,46,229,112,80,188,246,81,154,15,13,228,83,80,183,14,59,229,113,81,151,246,81,154,15,13,229,122,81,146,15,3,229,121,81,148,246,161,229,121,81,154,14,39,228,82,169,116,159,207,120,246,80,185,14,35,229,122,80,187,14,33,29,14,35,229,122,81,154,15,1,229,100,169,229,123,81,146,246,81,154,15,13,228,86,
169,15,230,185,29,186,230,94,183,229,20,246,180,0,235,180,0,235,131,6,254,239,72,184,234,73,191,230,83,254,160,55,246,169,29,246,229,82,181,232,81,246,199,82,149,229,84,166,200,94,162,224,75,179,169,0,246,239,92,186,250,88,220,169,29,246,169,81,185,234,92,186,169,115,185,202,81,191,249,126,185,231,83,179,234,73,191,230,83,246,180,29,184,224,81,220,169,29,246,169,
81,185,234,92,186,169,116,184,239,84,184,224,73,179,195,72,187,249,124,181,253,84,160,236,29,235,169,91,183,229,78,179,131,29,246,169,29,186,230,94,183,229,29,159,231,91,191,231,84,162,236,119,163,228,77,149,230,83,184,236,94,162,224,82,184,169,0,246,231,84,186,131,29,246,169,29,186,230,94,183,229,29,129,232,81,186,202,81,191,228,95,151,234,73,191,255,88,246,180,29,
176,232,81,165,236,55,246,169,29,246,229,82,181,232,81,246,222,92,186,229,126,186,224,80,180,202,82,184,231,88,181,253,84,185,231,29,235,169,83,191,229,55,246,169,29,246,229,82,181,232,81,246,204,110,134,200,94,162,224,75,179,169,0,246,239,92,186,250,88,220,169,29,246,169,81,185,234,92,186,169,120,133,217,126,185,231,83,179,234,73,191,230,83,165,169,0,246,242,64,220,
169,29,246,169,81,185,234,92,186,169,120,133,217,113,183,235,88,186,250,29,235,169,70,171,131,55,246,169,29,246,229,82,181,232,81,246,199,82,149,229,84,166,203,73,184,169,29,246,169,29,246,180,29,134,229,92,175,236,79,134,232,90,179,179,123,191,231,89,144,224,79,165,253,126,190,224,81,178,161,31,152,230,126,186,224,77,148,253,83,244,165,29,246,169,29,246,169,73,164,252,
88,255,131,29,246,169,29,186,230,94,183,229,29,159,231,91,191,231,84,162,236,119,163,228,77,148,253,83,246,180,29,134,229,92,175,236,79,134,232,90,179,179,123,191,231,89,144,224,79,165,253,126,190,224,81,178,161,31,159,231,91,191,231,84,162,236,119,163,228,77,148,253,83,244,165,29,162,251,72,179,160,55,246,169,29,246,229,82,181,232,81,246,222,92,186,229,126,186,224,80,
180,203,73,184,169,29,246,180,29,134,229,92,175,236,79,134,232,90,179,179,123,191,231,89,144,224,79,165,253,126,190,224,81,178,161,31,129,232,81,186,202,81,191,228,95,148,253,83,244,165,29,246,169,73,164,252,88,255,131,29,246,169,29,186,230,94,183,229,29,147,218,109,148,253,83,246,169,29,246,169,29,246,169,29,235,169,114,162,225,88,164,250,109,183,238,88,236,207,84,184,
237,123,191,251,78,162,202,85,191,229,89,254,171,120,133,217,127,162,231,31,250,169,29,246,169,29,246,169,29,246,253,79,163,236,20,220,169,29,246,169,81,185,234,92,186,169,113,185,254,122,164,232,75,148,253,83,246,169,29,246,169,0,246,198,73,190,236,79,165,217,92,177,236,7,144,224,83,178,207,84,164,250,73,149,225,84,186,237,21,244,197,82,161,206,79,183,255,127,162,231,
31,250,169,29,246,169,29,162,251,72,179,160,55,220,169,29,246,169,81,185,234,92,186,169,91,163,231,94,162,224,82,184,169,78,162,230,77,152,230,126,186,224,77,254,160,55,246,169,29,246,169,29,246,169,115,185,202,81,191,249,124,181,253,84,160,236,29,235,169,91,183,229,78,179,131,29,246,169,29,246,169,29,246,224,91,246,199,82,149,229,84,166,202,82,184,231,88,181,253,84,
185,231,29,162,225,88,184,169,115,185,202,81,191,249,126,185,231,83,179,234,73,191,230,83,236,205,84,165,234,82,184,231,88,181,253,21,255,178,29,152,230,126,186,224,77,149,230,83,184,236,94,162,224,82,184,169,0,246,231,84,186,169,88,184,237,55,246,169,29,246,169,29,246,169,77,181,232,81,186,161,91,163,231,94,162,224,82,184,161,20,220,169,29,246,169,29,246,169,29,246,
169,29,246,229,82,181,232,81,246,234,85,183,251,29,235,169,113,185,234,92,186,217,81,183,240,88,164,167,126,190,232,79,183,234,73,179,251,55,246,169,29,246,169,29,246,169,29,246,169,29,191,239,29,181,225,92,164,169,73,190,236,83,220,169,29,246,169,29,246,169,29,246,169,29,246,169,29,246,169,91,185,251,29,137,165,29,166,232,79,162,169,84,184,169,77,183,224,79,165,161,
94,190,232,79,236,206,88,162,205,88,165,234,88,184,237,92,184,253,78,254,160,20,246,237,82,220,169,29,246,169,29,246,169,29,246,169,29,246,169,29,246,169,29,246,169,29,191,239,29,166,232,79,162,179,116,165,200,21,244,203,92,165,236,109,183,251,73,244,160,29,162,225,88,184,169,77,183,251,73,248,202,92,184,202,82,186,229,84,178,236,29,235,169,73,164,252,88,246,236,83,
178,131,29,246,169,29,246,169,29,246,169,29,246,169,29,246,169,29,179,231,89,220,169,29,246,169,29,246,169,29,246,169,29,246,236,83,178,131,29,246,169,29,246,169,29,246,236,83,178,160,55,246,169,29,246,169,29,246,169,78,179,253,127,163,253,73,185,231,110,162,232,73,179,161,115,185,202,81,191,249,127,162,231,17,246,239,92,186,250,88,250,169,105,231,177,105,254,171,229,115,
80,183,15,11,229,113,80,188,246,81,154,14,39,229,124,81,140,14,46,228,84,171,20,250,169,105,231,177,105,254,171,229,113,81,147,14,35,229,103,81,154,15,11,29,14,37,229,121,81,140,14,46,228,80,171,20,250,169,105,190,236,80,179,167,124,181,253,84,160,236,17,246,221,85,179,228,88,248,203,72,162,253,82,184,205,88,176,232,72,186,253,20,220,169,29,246,169,88,184,237,
55,246,169,29,246,229,82,181,232,81,246,239,72,184,234,73,191,230,83,246,250,73,183,251,73,152,230,126,186,224,77,254,160,55,246,169,29,246,169,29,246,169,115,185,202,81,191,249,124,181,253,84,160,236,29,235,169,73,164,252,88,220,169,29,246,169,29,246,169,29,165,236,73,148,252,73,162,230,83,133,253,92,162,236,21,152,230,126,186,224,77,148,253,83,250,169,73,164,252,88,
250,169,105,231,177,105,254,171,229,115,80,183,15,11,229,113,80,188,246,81,154,14,39,229,124,81,140,14,46,228,84,171,20,250,169,105,231,177,105,254,171,229,113,81,147,14,35,229,103,81,154,15,11,29,14,37,229,121,81,140,14,46,228,80,171,20,250,169,105,190,236,80,179,167,124,181,253,84,160,236,17,246,221,85,179,228,88,248,203,72,162,253,82,184,205,88,176,232,72,186,
253,20,220,169,29,246,169,29,246,169,29,152,230,126,186,224,77,149,230,83,184,236,94,162,224,82,184,169,0,246,219,72,184,218,88,164,255,84,181,236,19,133,253,88,166,249,88,178,179,126,185,231,83,179,234,73,254,239,72,184,234,73,191,230,83,254,160,55,246,169,29,246,169,29,246,169,29,246,169,29,191,239,29,184,230,73,246,199,82,149,229,84,166,200,94,162,224,75,179,169,
73,190,236,83,246,251,88,162,252,79,184,169,88,184,237,55,246,169,29,246,169,29,246,169,29,246,169,29,186,230,94,183,229,29,181,225,92,164,169,0,246,197,82,181,232,81,134,229,92,175,236,79,248,202,85,183,251,92,181,253,88,164,131,29,246,169,29,246,169,29,246,169,29,246,169,84,176,169,83,185,253,29,181,225,92,164,169,73,190,236,83,246,251,88,162,252,79,184,169,88,
184,237,55,246,169,29,246,169,29,246,169,29,246,169,29,176,230,79,246,214,17,246,249,92,164,253,29,191,231,29,166,232,84,164,250,21,181,225,92,164,179,122,179,253,121,179,250,94,179,231,89,183,231,73,165,161,20,255,169,89,185,131,29,246,169,29,246,169,29,246,169,29,246,169,29,246,169,29,191,239,29,166,232,79,162,179,116,165,200,21,244,203,92,165,236,109,183,251,73,244,
160,29,162,225,88,184,169,77,183,251,73,248,202,92,184,202,82,186,229,84,178,236,29,235,169,91,183,229,78,179,169,88,184,237,55,246,169,29,246,169,29,246,169,29,246,169,29,179,231,89,220,169,29,246,169,29,246,169,29,179,231,89,255,131,29,246,169,29,179,231,89,220,169,29,246,169,84,176,169,115,185,202,81,191,249,127,162,231,29,162,225,88,184,131,29,246,169,29,246,169,
29,246,199,82,149,229,84,166,203,73,184,167,112,185,252,78,179,203,72,162,253,82,184,184,126,186,224,94,189,179,126,185,231,83,179,234,73,254,239,72,184,234,73,191,230,83,254,160,55,246,169,29,246,169,29,246,169,29,246,169,29,191,239,29,152,230,126,186,224,77,151,234,73,191,255,88,246,253,85,179,231,29,165,253,82,166,199,82,149,229,84,166,161,20,246,236,81,165,236,29,
165,253,92,164,253,115,185,202,81,191,249,21,255,169,88,184,237,55,246,169,29,246,169,29,246,169,88,184,237,20,220,169,29,246,169,88,184,237,55,246,169,29,246,237,82,220,169,29,246,169,29,246,169,29,186,230,94,183,229,29,154,230,74,145,251,92,160,200,94,162,224,75,179,169,0,246,239,92,186,250,88,220,169,29,246,169,29,246,169,29,186,230,94,183,229,29,185,251,84,177,
206,79,183,255,29,235,169,12,239,191,19,228,131,29,246,169,29,246,169,29,246,224,91,246,197,82,161,206,79,183,255,127,162,231,29,162,225,88,184,131,29,246,169,29,246,169,29,246,169,29,246,169,113,185,254,122,164,232,75,148,253,83,248,196,82,163,250,88,148,252,73,162,230,83,231,202,81,191,234,86,236,202,82,184,231,88,181,253,21,176,252,83,181,253,84,185,231,21,255,131,
29,246,169,29,246,169,29,246,169,29,246,169,29,246,169,29,154,230,74,145,251,92,160,200,94,162,224,75,179,169,0,246,231,82,162,169,113,185,254,122,164,232,75,151,234,73,191,255,88,220,169,29,246,169,29,246,169,29,246,169,29,246,169,29,246,169,84,176,169,113,185,254,122,164,232,75,151,234,73,191,255,88,246,253,85,179,231,55,246,169,29,246,169,29,246,169,29,246,169,29,
246,169,29,246,169,29,246,169,82,164,224,90,145,251,92,160,169,0,246,254,82,164,226,78,166,232,94,179,167,122,164,232,75,191,253,68,220,169,29,246,169,29,246,169,29,246,169,29,246,169,29,246,169,29,246,169,29,161,230,79,189,250,77,183,234,88,248,206,79,183,255,84,162,240,29,235,169,82,164,224,90,145,251,92,160,169,23,246,185,19,228,188,55,246,169,29,246,169,29,246,
169,29,246,169,29,246,169,29,246,169,29,246,169,78,179,253,127,163,253,73,185,231,110,162,232,73,179,161,113,185,254,122,164,232,75,148,253,83,250,169,73,164,252,88,250,169,105,231,177,105,254,171,229,115,80,183,15,11,229,113,80,188,246,81,154,15,13,229,122,81,154,14,57,229,126,80,183,14,32,31,255,165,29,130,184,5,130,161,31,14,37,229,113,81,141,14,33,228,92,81,
148,246,80,184,15,15,229,120,80,188,14,63,229,127,171,20,250,169,105,190,236,80,179,167,124,181,253,84,160,236,17,246,221,85,179,228,88,248,203,72,162,253,82,184,198,79,183,231,90,179,160,55,246,169,29,246,169,29,246,169,29,246,169,29,246,169,29,246,236,81,165,236,55,246,169,29,246,169,29,246,169,29,246,169,29,246,169,29,246,169,29,246,169,74,185,251,86,165,249,92,
181,236,19,145,251,92,160,224,73,175,169,0,246,230,79,191,238,122,164,232,75,220,169,29,246,169,29,246,169,29,246,169,29,246,169,29,246,169,29,246,169,29,165,236,73,148,252,73,162,230,83,133,253,92,162,236,21,154,230,74,145,251,92,160,203,73,184,165,29,176,232,81,165,236,17,246,221,12,238,221,21,244,81,152,15,3,228,84,81,154,15,8,29,14,46,228,82,81,145,14,
46,229,102,81,149,15,3,229,127,171,20,250,169,105,231,177,105,254,171,229,122,81,154,14,57,229,126,80,183,14,32,29,15,12,228,80,81,147,15,8,229,96,81,148,244,160,17,246,221,85,179,228,88,248,200,94,162,224,75,179,165,29,130,225,88,187,236,19,148,252,73,162,230,83,153,251,92,184,238,88,255,131,29,246,169,29,246,169,29,246,169,29,246,169,29,246,169,29,179,231,
89,220,169,29,246,169,29,246,169,29,246,169,29,246,236,83,178,160,55,246,169,29,246,169,29,246,169,88,184,237,55,246,169,29,246,236,83,178,131,55,246,169,29,246,229,82,181,232,81,246,239,72,184,234,73,191,230,83,246,250,73,185,249,116,184,239,84,184,224,73,179,195,72,187,249,21,255,131,29,246,169,29,246,169,29,246,192,83,176,224,83,191,253,88,156,252,80,166,200,94,
162,224,75,179,169,0,246,239,92,186,250,88,220,169,29,246,169,29,246,169,29,191,239,29,159,231,91,191,231,84,162,236,119,163,228,77,149,230,83,184,236,94,162,224,82,184,169,73,190,236,83,246,192,83,176,224,83,191,253,88,156,252,80,166,202,82,184,231,88,181,253,84,185,231,7,146,224,78,181,230,83,184,236,94,162,161,20,237,169,116,184,239,84,184,224,73,179,195,72,187,
249,126,185,231,83,179,234,73,191,230,83,246,180,29,184,224,81,246,236,83,178,131,29,246,169,29,246,169,29,246,250,88,162,203,72,162,253,82,184,218,73,183,253,88,254,192,83,176,224,83,191,253,88,156,252,80,166,203,73,184,165,29,176,232,81,165,236,17,246,221,12,238,221,21,244,81,152,15,3,228,84,81,154,15,8,29,14,46,228,82,80,191,15,8,229,100,171,20,250,169,
105,231,177,105,254,171,228,84,80,188,14,59,29,15,13,229,113,169,228,80,80,186,14,46,229,112,80,183,244,160,17,246,221,85,179,228,88,248,200,94,162,224,75,179,165,29,130,225,88,187,236,19,148,252,73,162,230,83,146,236,91,183,252,81,162,160,55,246,169,29,246,236,83,178,131,29,246,169,29,186,230,94,183,229,29,176,252,83,181,253,84,185,231,29,165,253,92,164,253,116,
184,239,84,184,224,73,179,195,72,187,249,21,255,131,29,246,169,29,246,169,29,246,192,83,176,224,83,191,253,88,156,252,80,166,200,94,162,224,75,179,169,0,246,253,79,163,236,55,246,169,29,246,169,29,246,169,78,179,253,127,163,253,73,185,231,110,162,232,73,179,161,116,184,239,84,184,224,73,179,195,72,187,249,127,162,231,17,246,253,79,163,236,17,246,221,12,238,221,21,244,
81,152,15,3,228,84,81,154,15,8,29,14,46,228,82,80,191,15,8,229,100,171,20,250,169,105,231,177,105,254,171,228,84,80,188,14,59,29,15,13,229,113,169,228,80,80,186,14,46,229,112,80,183,244,160,17,246,221,85,179,228,88,248,200,94,162,224,75,179,165,29,130,225,88,187,236,19,148,252,73,162,230,83,146,236,91,183,252,81,162,160,55,246,169,29,246,169,29,246,169,
116,184,239,84,184,224,73,179,195,72,187,249,126,185,231,83,179,234,73,191,230,83,246,180,29,131,250,88,164,192,83,166,252,73,133,236,79,160,224,94,179,167,119,163,228,77,132,236,76,163,236,78,162,179,126,185,231,83,179,234,73,254,239,72,184,234,73,191,230,83,254,160,55,246,169,29,246,169,29,246,169,29,246,169,29,191,239,29,184,230,73,246,192,83,176,224,83,191,253,88,
156,252,80,166,200,94,162,224,75,179,169,73,190,236,83,246,251,88,162,252,79,184,169,88,184,237,55,246,169,29,246,169,29,246,169,29,246,169,29,186,230,94,183,229,29,181,225,92,164,169,0,246,197,82,181,232,81,134,229,92,175,236,79,248,202,85,183,251,92,181,253,88,164,131,29,246,169,29,246,169,29,246,169,29,246,169,84,176,169,83,185,253,29,181,225,92,164,169,73,190,
236,83,246,251,88,162,252,79,184,169,88,184,237,55,246,169,29,246,169,29,246,169,29,246,169,29,186,230,94,183,229,29,190,252,80,246,180,29,181,225,92,164,179,123,191,231,89,144,224,79,165,253,126,190,224,81,178,198,91,149,229,92,165,250,21,244,193,72,187,232,83,185,224,89,244,160,55,246,169,29,246,169,29,246,169,29,246,169,29,191,239,29,190,252,80,246,253,85,179,231,
29,190,252,80,236,202,85,183,231,90,179,218,73,183,253,88,254,204,83,163,228,19,158,252,80,183,231,82,191,237,110,162,232,73,179,221,68,166,236,19,156,252,80,166,224,83,177,160,29,179,231,89,220,169,29,246,169,29,246,169,29,179,231,89,255,131,29,246,169,29,179,231,89,220,169,29,246,169,84,176,169,116,184,239,84,184,224,73,179,195,72,187,249,127,162,231,29,162,225,88,
184,131,29,246,169,29,246,169,29,246,192,83,176,224,83,191,253,88,156,252,80,166,203,73,184,167,112,185,252,78,179,203,72,162,253,82,184,184,126,186,224,94,189,179,126,185,231,83,179,234,73,254,239,72,184,234,73,191,230,83,254,160,55,246,169,29,246,169,29,246,169,29,246,169,29,191,239,29,159,231,91,191,231,84,162,236,119,163,228,77,151,234,73,191,255,88,246,253,85,179,
231,29,165,253,82,166,192,83,176,224,83,191,253,88,156,252,80,166,161,20,246,236,81,165,236,29,165,253,92,164,253,116,184,239,84,184,224,73,179,195,72,187,249,21,255,169,88,184,237,55,246,169,29,246,169,29,246,169,88,184,237,20,220,169,29,246,169,88,184,237,55,220,169,29,246,169,81,185,234,92,186,169,91,163,231,94,162,224,82,184,169,78,162,230,77,129,232,81,186,202,
81,191,228,95,254,160,55,246,169,29,246,169,29,246,169,106,183,229,81,149,229,84,187,235,124,181,253,84,160,236,29,235,169,91,183,229,78,179,131,29,246,169,29,246,169,29,246,224,91,246,222,92,186,229,126,186,224,80,180,202,82,184,231,88,181,253,84,185,231,29,162,225,88,184,169,106,183,229,81,149,229,84,187,235,126,185,231,83,179,234,73,191,230,83,236,205,84,165,234,82,
184,231,88,181,253,21,255,178,29,129,232,81,186,202,81,191,228,95,149,230,83,184,236,94,162,224,82,184,169,0,246,231,84,186,169,88,184,237,55,246,169,29,246,169,29,246,169,78,179,253,127,163,253,73,185,231,110,162,232,73,179,161,106,183,229,81,149,229,84,187,235,127,162,231,17,246,239,92,186,250,88,250,169,105,231,177,105,254,171,229,115,80,183,15,11,229,113,80,188,246,
81,154,15,13,229,124,81,142,15,13,228,84,171,20,250,169,105,231,177,105,254,171,229,124,81,142,15,13,228,84,169,229,113,80,185,14,37,229,121,81,140,14,46,228,80,171,20,250,169,105,190,236,80,179,167,124,181,253,84,160,236,17,246,221,85,179,228,88,248,203,72,162,253,82,184,205,88,176,232,72,186,253,20,220,169,29,246,169,88,184,237,55,246,169,29,246,229,82,181,232,
81,246,239,72,184,234,73,191,230,83,246,250,73,183,251,73,129,232,81,186,202,81,191,228,95,254,160,55,246,169,29,246,169,29,246,169,106,183,229,81,149,229,84,187,235,124,181,253,84,160,236,29,235,169,73,164,252,88,220,169,29,246,169,29,246,169,29,165,236,73,148,252,73,162,230,83,133,253,92,162,236,21,129,232,81,186,202,81,191,228,95,148,253,83,250,169,73,164,252,88,
250,169,105,231,177,105,254,171,229,115,80,183,15,11,229,113,80,188,246,81,154,15,13,229,124,81,142,15,13,228,84,171,20,250,169,105,231,177,105,254,171,229,124,81,142,15,13,228,84,169,229,113,80,185,14,37,229,121,81,140,14,46,228,80,171,20,250,169,105,190,236,80,179,167,124,181,253,84,160,236,17,246,221,85,179,228,88,248,203,72,162,253,82,184,205,88,176,232,72,186,
253,20,220,169,29,246,169,29,246,169,29,129,232,81,186,202,81,191,228,95,149,230,83,184,236,94,162,224,82,184,169,0,246,219,72,184,218,88,164,255,84,181,236,19,158,236,92,164,253,95,179,232,73,236,202,82,184,231,88,181,253,21,176,252,83,181,253,84,185,231,21,255,131,29,246,169,29,246,169,29,246,169,29,246,169,84,176,169,83,185,253,29,129,232,81,186,202,81,191,228,
95,151,234,73,191,255,88,246,253,85,179,231,29,164,236,73,163,251,83,246,236,83,178,131,29,246,169,29,246,169,29,246,169,29,246,169,81,185,234,92,186,169,94,190,232,79,246,180,29,154,230,94,183,229,109,186,232,68,179,251,19,149,225,92,164,232,94,162,236,79,220,169,29,246,169,29,246,169,29,246,169,29,246,224,91,246,231,82,162,169,94,190,232,79,246,253,85,179,231,29,
164,236,73,163,251,83,246,236,83,178,131,29,246,169,29,246,169,29,246,169,29,246,169,81,185,234,92,186,169,79,185,230,73,246,180,29,181,225,92,164,179,123,191,231,89,144,224,79,165,253,126,190,224,81,178,161,31,158,252,80,183,231,82,191,237,111,185,230,73,134,232,79,162,171,20,220,169,29,246,169,29,246,169,29,246,169,29,246,224,91,246,231,82,162,169,79,185,230,73,246,
253,85,179,231,29,164,236,73,163,251,83,246,236,83,178,131,29,246,169,29,246,169,29,246,169,29,246,169,81,185,234,92,186,169,79,166,169,0,246,219,92,175,234,92,165,253,109,183,251,92,187,250,19,184,236,74,254,160,55,246,169,29,246,169,29,246,169,29,246,169,29,164,249,19,144,224,81,162,236,79,146,236,78,181,236,83,178,232,83,162,250,116,184,250,73,183,231,94,179,250,
29,235,169,70,181,225,92,164,244,55,246,169,29,246,169,29,246,169,29,246,169,29,164,249,19,144,224,81,162,236,79,130,240,77,179,169,0,246,204,83,163,228,19,132,232,68,181,232,78,162,207,84,186,253,88,164,221,68,166,236,19,147,241,94,186,252,89,179,131,29,246,169,29,246,169,29,246,169,29,246,169,81,185,234,92,186,169,85,191,253,29,235,169,74,185,251,86,165,249,92,
181,236,7,132,232,68,181,232,78,162,161,79,185,230,73,248,217,82,165,224,73,191,230,83,250,169,79,185,230,73,248,202,123,164,232,80,179,167,113,185,230,86,128,236,94,162,230,79,246,163,29,228,167,8,250,169,79,166,160,55,246,169,29,246,169,29,246,169,29,246,169,29,191,239,29,190,224,73,246,253,85,179,231,55,246,169,29,246,169,29,246,169,29,246,169,29,246,169,29,246,
251,82,185,253,19,151,250,78,179,228,95,186,240,113,191,231,88,183,251,107,179,229,82,181,224,73,175,169,0,246,223,88,181,253,82,164,186,19,184,236,74,254,251,82,185,253,19,151,250,78,179,228,95,186,240,113,191,231,88,183,251,107,179,229,82,181,224,73,175,167,101,250,169,9,230,165,29,164,230,82,162,167,124,165,250,88,187,235,81,175,197,84,184,236,92,164,223,88,186,230,
94,191,253,68,248,211,20,220,169,29,246,169,29,246,169,29,246,169,29,246,236,83,178,131,29,246,169,29,246,169,29,246,236,83,178,160,55,246,169,29,246,236,83,178,131,29,246,169,29,191,239,29,129,232,81,186,202,81,191,228,95,148,253,83,246,253,85,179,231,55,246,169,29,246,169,29,246,169,106,183,229,81,149,229,84,187,235,127,162,231,19,155,230,72,165,236,127,163,253,73,
185,231,12,149,229,84,181,226,7,149,230,83,184,236,94,162,161,91,163,231,94,162,224,82,184,161,20,220,169,29,246,169,29,246,169,29,246,169,29,246,224,91,246,222,92,186,229,126,186,224,80,180,200,94,162,224,75,179,169,73,190,236,83,246,250,73,185,249,106,183,229,81,149,229,84,187,235,21,255,169,88,186,250,88,246,250,73,183,251,73,129,232,81,186,202,81,191,228,95,254,
160,29,179,231,89,220,169,29,246,169,29,246,169,29,179,231,89,255,131,29,246,169,29,179,231,89,220,131,29,246,169,29,251,164,29,52,28,173,52,28,173,52,28,173,52,28,173,52,28,173,52,28,173,246,81,143,14,56,29,14,46,228,82,81,154,14,39,229,124,80,188,14,46,229,119,169,223,67,25,223,67,25,223,67,25,223,67,25,223,67,25,223,67,25,55,246,169,29,246,229,
82,181,232,81,246,223,92,184,224,78,190,203,73,184,169,0,246,217,81,183,240,88,164,217,92,177,236,7,144,224,83,178,207,84,164,250,73,149,225,84,186,237,21,244,223,92,184,224,78,190,203,73,184,171,17,246,253,79,163,236,20,220,169,29,246,169,84,176,169,107,183,231,84,165,225,127,162,231,29,162,225,88,184,131,29,246,169,29,246,169,29,246,223,92,184,224,78,190,200,94,
162,224,75,179,169,0,246,239,92,186,250,88,220,131,29,246,169,29,246,169,29,246,229,82,181,232,81,246,214,107,183,231,84,165,225,111,179,232,81,149,207,29,235,169,83,191,229,55,246,169,29,246,169,29,246,169,81,185,234,92,186,169,98,128,232,83,191,250,85,158,235,126,185,231,83,246,180,29,184,224,81,220,131,29,246,169,29,246,169,29,246,229,82,181,232,81,246,239,72,184,
234,73,191,230,83,246,250,73,185,249,107,183,231,84,165,225,21,255,131,29,246,169,29,246,169,29,246,169,29,246,169,107,183,231,84,165,225,124,181,253,84,160,236,29,235,169,91,183,229,78,179,131,29,246,169,29,246,169,29,246,169,29,246,169,84,176,169,98,128,232,83,191,250,85,158,235,126,185,231,83,246,253,85,179,231,29,137,223,92,184,224,78,190,193,95,149,230,83,184,179,
121,191,250,94,185,231,83,179,234,73,254,160,6,246,214,107,183,231,84,165,225,117,180,202,82,184,231,29,235,169,83,191,229,29,179,231,89,220,169,29,246,169,29,246,169,29,246,169,29,246,249,94,183,229,81,254,239,72,184,234,73,191,230,83,254,160,29,132,252,83,133,236,79,160,224,94,179,179,104,184,235,84,184,237,123,164,230,80,132,236,83,178,236,79,133,253,88,166,161,31,
137,221,12,238,223,92,184,224,78,190,219,88,165,253,82,164,236,31,255,169,88,184,237,20,220,169,29,246,169,29,246,169,29,246,169,29,246,250,88,162,203,72,162,253,82,184,218,73,183,253,88,254,223,92,184,224,78,190,203,73,184,165,29,176,232,81,165,236,17,246,221,12,238,221,21,244,81,152,15,3,228,84,81,154,15,8,29,14,46,228,82,81,154,14,39,229,124,80,188,14,
46,229,119,171,20,250,169,105,231,177,105,254,171,229,113,81,147,14,35,228,87,81,154,14,40,31,255,165,29,130,225,88,187,236,19,151,234,73,191,255,88,250,169,105,190,236,80,179,167,127,163,253,73,185,231,127,186,252,88,255,131,29,246,169,29,246,169,29,246,169,29,246,169,77,181,232,81,186,161,91,163,231,94,162,224,82,184,161,20,220,169,29,246,169,29,246,169,29,246,169,
29,246,169,29,246,169,81,185,234,92,186,169,94,190,232,79,246,180,29,154,230,94,183,229,109,186,232,68,179,251,19,149,225,92,164,232,94,162,236,79,220,169,29,246,169,29,246,169,29,246,169,29,246,169,29,246,169,84,176,169,83,185,253,29,181,225,92,164,169,73,190,236,83,246,251,88,162,252,79,184,169,88,184,237,55,246,169,29,246,169,29,246,169,29,246,169,29,246,169,29,
246,224,91,246,214,107,183,231,84,165,225,111,179,232,81,149,207,29,162,225,88,184,131,29,246,169,29,246,169,29,246,169,29,246,169,29,246,169,29,246,169,29,246,229,82,181,232,81,246,251,82,185,253,29,235,169,94,190,232,79,236,207,84,184,237,123,191,251,78,162,202,85,191,229,89,254,171,117,163,228,92,184,230,84,178,219,82,185,253,109,183,251,73,244,160,55,246,169,29,246,
169,29,246,169,29,246,169,29,246,169,29,246,169,29,246,169,84,176,169,79,185,230,73,246,253,85,179,231,29,164,230,82,162,167,126,144,251,92,187,236,29,235,169,98,128,232,83,191,250,85,132,236,92,186,202,123,246,236,83,178,131,29,246,169,29,246,169,29,246,169,29,246,169,29,246,169,29,179,231,89,220,169,29,246,169,29,246,169,29,246,169,29,246,169,29,246,169,91,185,251,
29,137,165,29,166,169,84,184,169,84,166,232,84,164,250,21,181,225,92,164,179,122,179,253,121,179,250,94,179,231,89,183,231,73,165,161,20,255,169,89,185,131,29,246,169,29,246,169,29,246,169,29,246,169,29,246,169,29,246,169,29,246,224,91,246,249,7,159,250,124,254,171,127,183,250,88,134,232,79,162,171,20,246,253,85,179,231,29,166,167,113,185,234,92,186,221,79,183,231,78,
166,232,79,179,231,94,175,196,82,178,224,91,191,236,79,246,180,29,230,169,88,184,237,55,246,169,29,246,169,29,246,169,29,246,169,29,246,169,29,246,236,83,178,131,29,246,169,29,246,169,29,246,169,29,246,169,88,184,237,20,220,169,29,246,169,29,246,169,29,179,231,89,220,131,29,246,169,29,246,169,29,246,229,82,181,232,81,246,239,72,184,234,73,191,230,83,246,250,73,183,
251,73,128,232,83,191,250,85,254,160,55,246,169,29,246,169,29,246,169,29,246,169,29,166,234,92,186,229,21,176,252,83,181,253,84,185,231,21,255,131,29,246,169,29,246,169,29,246,169,29,246,169,29,246,169,29,186,230,94,183,229,29,181,225,92,164,169,0,246,197,82,181,232,81,134,229,92,175,236,79,248,202,85,183,251,92,181,253,88,164,131,29,246,169,29,246,169,29,246,169,
29,246,169,29,246,169,29,191,239,29,184,230,73,246,234,85,183,251,29,162,225,88,184,169,79,179,253,72,164,231,29,179,231,89,220,169,29,246,169,29,246,169,29,246,169,29,246,169,29,246,169,81,185,234,92,186,169,79,185,230,73,246,180,29,181,225,92,164,179,123,191,231,89,144,224,79,165,253,126,190,224,81,178,161,31,158,252,80,183,231,82,191,237,111,185,230,73,134,232,79,
162,171,20,220,169,29,246,169,29,246,169,29,246,169,29,246,169,29,246,169,84,176,169,83,185,253,29,164,230,82,162,169,73,190,236,83,246,251,88,162,252,79,184,169,88,184,237,55,220,169,29,246,169,29,246,169,29,246,169,29,246,169,29,246,169,16,251,169,229,98,80,188,14,46,228,87,80,183,14,32,29,14,46,228,82,81,137,14,39,229,99,80,183,14,32,29,254,81,151,14,
61,228,94,80,188,246,80,187,15,8,229,101,80,190,246,81,137,14,33,228,81,169,229,98,80,188,14,46,228,87,160,55,246,169,29,246,169,29,246,169,29,246,169,29,246,169,29,246,239,82,164,169,98,250,169,77,246,224,83,246,224,77,183,224,79,165,161,94,190,232,79,236,206,88,162,205,88,165,234,88,184,237,92,184,253,78,254,160,20,246,237,82,220,169,29,246,169,29,246,169,
29,246,169,29,246,169,29,246,169,29,246,169,29,191,239,29,166,179,116,165,200,21,244,203,92,165,236,109,183,251,73,244,160,29,162,225,88,184,169,77,248,197,82,181,232,81,130,251,92,184,250,77,183,251,88,184,234,68,155,230,89,191,239,84,179,251,29,235,169,13,248,191,29,179,231,89,220,169,29,246,169,29,246,169,29,246,169,29,246,169,29,246,169,88,184,237,55,220,169,29,
246,169,29,246,169,29,246,169,29,246,169,29,246,169,16,251,169,229,123,80,188,14,49,29,14,46,228,82,80,184,15,1,229,96,81,132,246,81,154,15,13,229,123,81,154,15,13,228,92,169,228,87,80,181,14,56,229,113,80,182,246,81,132,15,15,229,121,169,229,113,80,185,14,63,229,108,81,138,246,161,228,84,81,149,15,13,29,14,42,228,92,169,229,113,81,151,14,60,229,113,
80,185,246,80,183,14,61,229,124,81,135,15,13,20,220,169,29,246,169,29,246,169,29,246,169,29,246,169,29,246,169,98,128,232,83,191,250,85,132,236,92,186,202,123,246,180,29,164,230,82,162,167,126,144,251,92,187,236,55,220,169,29,246,169,29,246,169,29,246,169,29,246,169,29,246,169,107,183,231,84,165,225,124,181,253,84,160,236,29,235,169,73,164,252,88,220,169,29,246,169,
29,246,169,29,246,169,29,246,169,29,246,169,78,179,253,127,163,253,73,185,231,110,162,232,73,179,161,107,183,231,84,165,225,127,162,231,17,246,253,79,163,236,17,246,221,12,238,221,21,244,81,152,15,3,228,84,81,154,15,8,29,14,46,228,82,81,154,14,39,229,124,80,188,14,46,229,119,171,20,250,169,105,231,177,105,254,171,229,113,81,147,14,35,228,87,81,154,14,40,31,
255,165,29,130,225,88,187,236,19,151,234,73,191,255,88,250,169,105,190,236,80,179,167,127,163,253,73,185,231,127,186,252,88,255,131,55,246,169,29,246,169,29,246,169,29,246,169,29,246,169,29,246,164,16,246,193,88,183,251,73,180,236,92,162,169,21,14,33,229,111,81,146,246,81,154,15,13,228,87,80,183,14,59,228,92,81,154,14,40,20,236,169,228,80,81,144,15,8,229,110,
169,228,83,80,181,14,63,229,111,80,190,246,81,154,15,13,229,123,80,191,15,3,228,84,80,183,246,81,150,15,12,29,15,15,229,126,81,132,14,34,29,239,176,4,239,176,4,239,176,29,15,13,228,82,81,142,15,3,229,103,80,188,14,56,55,246,169,29,246,169,29,246,169,29,246,169,29,246,169,29,246,214,107,183,231,84,165,225,117,180,202,82,184,231,29,235,169,111,163,231,
110,179,251,75,191,234,88,248,193,88,183,251,73,180,236,92,162,179,126,185,231,83,179,234,73,254,239,72,184,234,73,191,230,83,254,160,55,246,169,29,246,169,29,246,169,29,246,169,29,246,169,29,246,169,29,246,169,84,176,169,83,185,253,29,128,232,83,191,250,85,151,234,73,191,255,88,246,253,85,179,231,29,164,236,73,163,251,83,246,236,83,178,131,29,246,169,29,246,169,29,
246,169,29,246,169,29,246,169,29,246,169,29,246,249,94,183,229,81,254,239,72,184,234,73,191,230,83,254,160,55,246,169,29,246,169,29,246,169,29,246,169,29,246,169,29,246,169,29,246,169,29,246,169,29,186,230,94,183,229,29,181,169,0,246,197,82,181,232,81,134,229,92,175,236,79,248,202,85,183,251,92,181,253,88,164,131,29,246,169,29,246,169,29,246,169,29,246,169,29,246,
169,29,246,169,29,246,169,29,246,169,84,176,169,83,185,253,29,181,169,73,190,236,83,246,251,88,162,252,79,184,169,88,184,237,55,246,169,29,246,169,29,246,169,29,246,169,29,246,169,29,246,169,29,246,169,29,246,169,29,186,230,94,183,229,29,164,169,0,246,234,7,144,224,83,178,207,84,164,250,73,149,225,84,186,237,21,244,193,72,187,232,83,185,224,89,132,230,82,162,217,
92,164,253,31,255,131,29,246,169,29,246,169,29,246,169,29,246,169,29,246,169,29,246,169,29,246,169,29,246,169,84,176,169,79,246,253,85,179,231,55,246,169,29,246,169,29,246,169,29,246,169,29,246,169,29,246,169,29,246,169,29,246,169,29,246,169,29,246,214,107,183,231,84,165,225,111,179,232,81,149,207,29,235,169,79,248,202,123,164,232,80,179,131,29,246,169,29,246,169,29,
246,169,29,246,169,29,246,169,29,246,169,29,246,169,29,246,169,29,246,169,29,164,167,126,144,251,92,187,236,29,235,169,126,144,251,92,187,236,19,184,236,74,254,176,4,239,176,4,239,176,4,250,169,13,250,169,4,239,176,4,239,176,4,239,160,55,246,169,29,246,169,29,246,169,29,246,169,29,246,169,29,246,169,29,246,169,29,246,169,29,179,231,89,220,169,29,246,169,29,246,
169,29,246,169,29,246,169,29,246,169,29,246,169,29,179,231,89,255,131,29,246,169,29,246,169,29,246,169,29,246,169,29,246,169,29,179,231,89,255,131,55,246,169,29,246,169,29,246,169,29,246,169,29,246,169,29,246,164,16,246,203,84,184,237,105,185,219,88,184,237,88,164,218,73,179,249,29,14,33,229,117,80,181,15,13,228,94,80,183,14,32,29,15,11,229,126,80,185,246,81,
154,15,13,228,85,81,154,15,12,228,92,81,140,14,46,7,246,80,187,14,56,229,122,80,172,14,48,29,15,12,228,94,81,139,14,48,228,85,169,229,113,80,185,14,36,228,84,80,183,15,11,228,92,131,29,246,169,29,246,169,29,246,169,29,246,169,29,246,169,29,251,164,29,14,46,228,82,80,190,14,46,228,83,80,183,14,56,229,113,169,229,124,81,137,15,1,228,87,169,228,
83,80,181,14,63,229,111,80,190,246,81,154,15,13,229,123,80,191,15,3,228,84,80,183,246,81,146,14,46,229,112,80,184,14,46,228,93,169,223,86,29,29,14,33,229,121,80,181,15,15,29,14,42,228,92,169,229,103,81,145,14,32,29,14,42,228,94,169,229,113,80,187,14,35,228,84,81,154,15,13,55,246,169,29,246,169,29,246,169,29,246,169,29,246,169,29,246,219,72,184,
218,88,164,255,84,181,236,7,148,224,83,178,221,82,132,236,83,178,236,79,133,253,88,166,161,31,137,221,12,238,223,92,184,224,78,190,219,88,165,253,82,164,236,31,250,131,29,246,169,29,246,169,29,246,169,29,246,169,29,246,169,29,246,169,29,246,204,83,163,228,19,132,236,83,178,236,79,134,251,84,185,251,84,162,240,19,149,232,80,179,251,92,248,223,92,186,252,88,246,164,
29,231,165,55,246,169,29,246,169,29,246,169,29,246,169,29,246,169,29,246,169,29,246,169,91,163,231,94,162,224,82,184,161,20,220,169,29,246,169,29,246,169,29,246,169,29,246,169,29,246,169,29,246,169,29,246,169,29,246,224,91,246,231,82,162,169,107,183,231,84,165,225,124,181,253,84,160,236,29,185,251,29,184,230,73,246,214,107,183,231,84,165,225,111,179,232,81,149,207,29,
162,225,88,184,169,79,179,253,72,164,231,29,179,231,89,220,169,29,246,169,29,246,169,29,246,169,29,246,169,29,246,169,29,246,169,29,246,169,29,246,249,94,183,229,81,254,239,72,184,234,73,191,230,83,254,160,55,246,169,29,246,169,29,246,169,29,246,169,29,246,169,29,246,169,29,246,169,29,246,169,29,246,169,29,246,229,82,181,232,81,246,234,29,235,169,113,185,234,92,186,
217,81,183,240,88,164,167,126,190,232,79,183,234,73,179,251,55,246,169,29,246,169,29,246,169,29,246,169,29,246,169,29,246,169,29,246,169,29,246,169,29,246,169,29,246,224,91,246,231,82,162,169,94,246,253,85,179,231,29,164,236,73,163,251,83,246,236,83,178,131,29,246,169,29,246,169,29,246,169,29,246,169,29,246,169,29,246,169,29,246,169,29,246,169,29,246,169,29,186,230,
94,183,229,29,164,169,0,246,234,7,144,224,83,178,207,84,164,250,73,149,225,84,186,237,21,244,193,72,187,232,83,185,224,89,132,230,82,162,217,92,164,253,31,255,131,29,246,169,29,246,169,29,246,169,29,246,169,29,246,169,29,246,169,29,246,169,29,246,169,29,246,169,29,191,239,29,164,169,73,190,236,83,246,251,19,149,207,79,183,228,88,246,180,29,137,223,92,184,224,78,
190,219,88,183,229,126,144,169,88,184,237,55,246,169,29,246,169,29,246,169,29,246,169,29,246,169,29,246,169,29,246,169,29,246,169,29,179,231,89,255,131,29,246,169,29,246,169,29,246,169,29,246,169,29,246,169,29,246,169,29,246,236,83,178,131,29,246,169,29,246,169,29,246,169,29,246,169,29,246,169,29,255,131,29,246,169,29,246,169,29,246,169,29,246,169,88,184,237,20,220,
169,29,246,169,29,246,169,29,179,231,89,220,131,29,246,169,29,246,169,29,246,223,92,184,224,78,190,203,73,184,167,112,185,252,78,179,203,72,162,253,82,184,184,126,186,224,94,189,179,126,185,231,83,179,234,73,254,239,72,184,234,73,191,230,83,254,160,55,246,169,29,246,169,29,246,169,29,246,169,29,191,239,29,128,232,83,191,250,85,151,234,73,191,255,88,246,253,85,179,231,
29,165,253,82,166,223,92,184,224,78,190,161,20,246,236,81,165,236,29,165,253,92,164,253,107,183,231,84,165,225,21,255,169,88,184,237,55,246,169,29,246,169,29,246,169,88,184,237,20,220,169,29,246,169,88,184,237,55,246,169,29,246,164,16,246,107,168,70,107,168,70,107,168,70,107,168,70,107,168,70,107,168,70,107,168,70,107,168,70,107,168,70,107,168,70,107,168,70,107,168,
70,107,168,70,107,168,70,107,168,70,107,168,70,107,168,70,107,168,70,107,168,70,107,168,70,107,168,70,107,168,70,107,168,70,107,168,70,107,168,70,107,168,70,131,55,246,169,29,246,229,82,181,232,81,246,239,72,184,234,73,191,230,83,246,250,73,185,249,120,133,217,21,255,131,29,246,169,29,246,169,29,246,204,110,134,200,94,162,224,75,179,169,0,246,239,92,186,250,88,220,
169,29,246,169,29,246,169,29,176,230,79,246,214,17,246,229,92,180,236,81,246,224,83,246,249,92,191,251,78,254,204,110,134,197,92,180,236,81,165,160,29,178,230,29,166,234,92,186,229,21,176,252,83,181,253,84,185,231,21,255,169,81,183,235,88,186,179,121,179,250,73,164,230,68,254,160,29,179,231,89,255,169,88,184,237,55,246,169,29,246,169,29,246,169,120,133,217,113,183,235,
88,186,250,29,235,169,70,171,131,29,246,169,29,246,169,29,246,239,82,164,169,98,250,169,94,185,231,83,246,224,83,246,249,92,191,251,78,254,204,110,134,202,82,184,231,88,181,253,84,185,231,78,255,169,89,185,169,77,181,232,81,186,161,91,163,231,94,162,224,82,184,161,20,246,234,82,184,231,7,146,224,78,181,230,83,184,236,94,162,161,20,246,236,83,178,160,29,179,231,89,
220,169,29,246,169,29,246,169,29,147,218,109,149,230,83,184,236,94,162,224,82,184,250,29,235,169,70,171,131,29,246,169,29,246,169,29,246,250,88,162,203,72,162,253,82,184,218,73,183,253,88,254,204,110,134,203,73,184,165,29,176,232,81,165,236,17,246,221,12,238,221,21,244,81,152,15,3,228,84,81,154,15,8,29,147,218,109,244,160,17,246,171,120,133,217,31,250,169,105,190,
236,80,179,167,124,181,253,84,160,236,17,246,221,85,179,228,88,248,203,72,162,253,82,184,205,88,176,232,72,186,253,20,220,169,29,246,169,88,184,237,55,246,169,29,246,229,82,181,232,81,246,239,72,184,234,73,191,230,83,246,250,73,183,251,73,147,218,109,254,160,55,246,169,29,246,169,29,246,169,120,133,217,124,181,253,84,160,236,29,235,169,73,164,252,88,220,169,29,246,169,
29,246,169,29,165,236,73,148,252,73,162,230,83,133,253,92,162,236,21,147,218,109,148,253,83,250,169,73,164,252,88,250,169,105,231,177,105,254,171,229,115,80,183,15,11,229,113,80,188,246,204,110,134,171,20,250,169,31,147,218,109,244,165,29,130,225,88,187,236,19,151,234,73,191,255,88,250,169,105,190,236,80,179,167,127,163,253,73,185,231,121,179,239,92,163,229,73,255,131,29,
246,169,29,246,169,29,246,229,82,181,232,81,246,239,72,184,234,73,191,230,83,246,232,89,178,204,110,134,197,92,180,236,81,254,249,81,183,240,88,164,160,55,246,169,29,246,169,29,246,169,29,246,169,29,191,239,29,166,229,92,175,236,79,246,180,0,246,197,82,181,232,81,134,229,92,175,236,79,246,253,85,179,231,29,164,236,73,163,251,83,246,236,83,178,131,29,246,169,29,246,
169,29,246,169,29,246,169,81,185,234,92,186,169,95,180,169,0,246,192,83,165,253,92,184,234,88,248,231,88,161,161,31,148,224,81,186,235,82,183,251,89,145,252,84,244,160,55,246,169,29,246,169,29,246,169,29,246,169,29,180,235,19,152,232,80,179,169,0,246,171,120,133,217,98,244,169,19,248,169,77,186,232,68,179,251,19,152,232,80,179,131,29,246,169,29,246,169,29,246,169,
29,246,169,95,180,167,110,191,243,88,246,180,29,131,205,84,187,187,19,184,236,74,254,185,17,246,184,13,230,165,29,230,165,29,229,185,20,220,169,29,246,169,29,246,169,29,246,169,29,246,235,95,248,218,73,163,237,78,153,239,91,165,236,73,246,180,29,128,236,94,162,230,79,229,167,83,179,254,21,230,165,29,229,165,29,230,160,55,246,169,29,246,169,29,246,169,29,246,169,29,
180,235,19,151,229,74,183,240,78,153,231,105,185,249,29,235,169,73,164,252,88,220,169,29,246,169,29,246,169,29,246,169,29,246,229,82,181,232,81,246,229,95,186,169,0,246,192,83,165,253,92,184,234,88,248,231,88,161,161,31,130,236,69,162,197,92,180,236,81,244,160,55,246,169,29,246,169,29,246,169,29,246,169,29,186,235,81,248,218,84,172,236,29,235,169,104,146,224,80,228,
167,83,179,254,21,231,165,29,230,165,29,231,165,29,230,160,55,246,169,29,246,169,29,246,169,29,246,169,29,186,235,81,248,203,92,181,226,90,164,230,72,184,237,105,164,232,83,165,249,92,164,236,83,181,240,29,235,169,12,220,169,29,246,169,29,246,169,29,246,169,29,246,229,95,186,167,105,179,241,73,246,180,29,166,229,92,175,236,79,248,199,92,187,236,55,246,169,29,246,169,
29,246,169,29,246,169,29,186,235,81,248,221,88,174,253,126,185,229,82,164,186,29,235,169,126,185,229,82,164,186,19,176,251,82,187,219,122,148,161,15,227,188,17,246,177,13,250,169,5,230,160,55,246,169,29,246,169,29,246,169,29,246,169,29,186,235,81,248,207,82,184,253,29,235,169,120,184,252,80,248,207,82,184,253,19,145,230,73,190,232,80,148,230,81,178,131,29,246,169,29,
246,169,29,246,169,29,246,169,81,180,229,19,130,236,69,162,218,84,172,236,29,235,169,12,226,131,29,246,169,29,246,169,29,246,169,29,246,169,81,180,229,19,130,236,69,162,218,73,164,230,86,179,221,79,183,231,78,166,232,79,179,231,94,175,169,0,246,185,19,227,131,29,246,169,29,246,169,29,246,169,29,246,169,81,180,229,19,134,232,79,179,231,73,246,180,29,180,235,55,246,
169,29,246,169,29,246,169,29,246,169,29,162,232,95,186,236,19,191,231,78,179,251,73,254,204,110,134,202,82,184,231,88,181,253,84,185,231,78,250,169,77,186,232,68,179,251,19,149,225,92,164,232,94,162,236,79,151,237,89,179,237,7,149,230,83,184,236,94,162,161,91,163,231,94,162,224,82,184,161,94,190,232,79,255,131,29,246,169,29,246,169,29,246,169,29,246,169,29,246,169,
29,186,230,94,183,229,29,190,251,77,246,180,29,181,225,92,164,179,106,183,224,73,144,230,79,149,225,84,186,237,21,244,193,72,187,232,83,185,224,89,132,230,82,162,217,92,164,253,31,250,169,8,255,131,29,246,169,29,246,169,29,246,169,29,246,169,29,246,169,29,191,239,29,190,251,77,246,253,85,179,231,29,180,235,19,134,232,79,179,231,73,246,180,29,190,251,77,246,236,83,
178,131,29,246,169,29,246,169,29,246,169,29,246,169,88,184,237,20,255,131,29,246,169,29,246,169,29,246,169,29,246,169,120,133,217,113,183,235,88,186,250,102,166,229,92,175,236,79,248,199,92,187,236,96,246,180,29,180,235,55,246,169,29,246,169,29,246,169,29,246,169,29,186,230,94,183,229,29,181,225,92,164,169,0,246,249,81,183,240,88,164,167,126,190,232,79,183,234,73,179,
251,55,246,169,29,246,169,29,246,169,29,246,169,29,191,239,29,181,225,92,164,169,73,190,236,83,220,169,29,246,169,29,246,169,29,246,169,29,246,169,29,246,169,81,185,234,92,186,169,85,164,249,29,235,169,94,190,232,79,236,207,84,184,237,123,191,251,78,162,202,85,191,229,89,254,171,117,163,228,92,184,230,84,178,219,82,185,253,109,183,251,73,244,160,55,246,169,29,246,169,
29,246,169,29,246,169,29,246,169,29,246,224,91,246,225,79,166,169,73,190,236,83,246,235,95,248,217,92,164,236,83,162,169,0,246,225,79,166,169,88,184,237,55,246,169,29,246,169,29,246,169,29,246,169,29,179,231,89,220,169,29,246,169,29,246,169,29,179,231,89,220,169,29,246,169,29,246,169,29,176,230,79,246,214,17,246,249,29,191,231,29,191,249,92,191,251,78,254,217,81,
183,240,88,164,250,7,145,236,73,134,229,92,175,236,79,165,161,20,255,169,89,185,169,92,178,237,120,133,217,113,183,235,88,186,161,77,255,169,88,184,237,55,246,169,29,246,169,29,246,169,73,183,235,81,179,167,84,184,250,88,164,253,21,147,218,109,149,230,83,184,236,94,162,224,82,184,250,17,246,217,81,183,240,88,164,250,19,134,229,92,175,236,79,151,237,89,179,237,7,149,
230,83,184,236,94,162,161,92,178,237,120,133,217,113,183,235,88,186,160,20,220,169,29,246,169,29,246,169,29,162,232,95,186,236,19,191,231,78,179,251,73,254,204,110,134,202,82,184,231,88,181,253,84,185,231,78,250,169,109,186,232,68,179,251,78,248,217,81,183,240,88,164,219,88,187,230,75,191,231,90,236,202,82,184,231,88,181,253,21,176,252,83,181,253,84,185,231,21,166,160,
55,246,169,29,246,169,29,246,169,29,246,169,29,191,239,29,147,218,109,154,232,95,179,229,78,141,249,19,152,232,80,179,212,29,162,225,88,184,169,77,181,232,81,186,161,91,163,231,94,162,224,82,184,161,20,246,204,110,134,197,92,180,236,81,165,210,77,248,199,92,187,236,96,236,205,88,165,253,79,185,240,21,255,169,88,184,237,20,237,169,120,133,217,113,183,235,88,186,250,102,
166,167,115,183,228,88,139,169,0,246,231,84,186,169,88,184,237,55,246,169,29,246,169,29,246,169,88,184,237,20,255,131,29,246,169,29,179,231,89,220,169,29,246,169,84,176,169,120,133,217,127,162,231,29,162,225,88,184,131,29,246,169,29,246,169,29,246,204,110,134,203,73,184,167,112,185,252,78,179,203,72,162,253,82,184,184,126,186,224,94,189,179,126,185,231,83,179,234,73,254,
239,72,184,234,73,191,230,83,254,160,55,246,169,29,246,169,29,246,169,29,246,169,29,191,239,29,147,218,109,151,234,73,191,255,88,246,253,85,179,231,29,165,253,82,166,204,110,134,161,20,246,236,81,165,236,29,165,253,92,164,253,120,133,217,21,255,169,88,184,237,55,246,169,29,246,169,29,246,169,88,184,237,20,220,169,29,246,169,88,184,237,55,179,231,89,255,161,20,220,164,
16,246,180,0,235,180,0,235,169,228,80,80,186,14,46,228,92,81,148,246,80,181,14,49,229,113,81,155,15,8,29,14,46,228,82,80,184,15,3,229,100,81,154,14,35,29,14,46,228,82,81,145,14,38,228,92,81,146,14,32,29,235,180,0,235,180,0,220,131,6,254,239,72,184,234,73,191,230,83,254,160,55,246,169,29,246,164,16,246,180,0,235,180,0,235,169,124,184,253,84,
246,197,92,177,169,0,235,180,0,235,180,55,246,169,29,246,229,82,181,232,81,246,200,83,162,224,113,183,238,124,181,253,84,160,236,29,235,169,91,183,229,78,179,131,29,246,169,29,186,230,94,183,229,29,151,231,73,191,197,92,177,203,73,184,187,29,235,169,114,162,225,88,164,250,109,183,238,88,236,207,84,184,237,123,191,251,78,162,202,85,191,229,89,254,171,124,184,253,84,154,
232,90,148,253,83,244,165,29,162,251,72,179,160,55,220,169,29,246,169,81,185,234,92,186,169,91,163,231,94,162,224,82,184,169,92,166,249,81,175,200,83,162,224,113,183,238,21,255,131,29,246,169,29,246,169,29,246,249,94,183,229,81,254,239,72,184,234,73,191,230,83,254,160,55,246,169,29,246,169,29,246,169,29,246,169,29,186,230,94,183,229,29,186,250,29,235,169,90,183,228,
88,236,206,88,162,218,88,164,255,84,181,236,21,244,197,84,177,225,73,191,231,90,244,160,55,246,169,29,246,169,29,246,169,29,246,169,29,186,250,19,145,229,82,180,232,81,133,225,92,178,230,74,165,169,0,246,239,92,186,250,88,220,169,29,246,169,29,246,169,29,246,169,29,246,229,78,248,207,82,177,204,83,178,169,0,246,184,88,224,131,29,246,169,29,246,169,29,246,169,29,
246,169,81,165,167,127,164,224,90,190,253,83,179,250,78,246,180,29,231,131,29,246,169,29,246,169,29,246,236,83,178,160,55,246,169,29,246,169,29,246,169,77,181,232,81,186,161,91,163,231,94,162,224,82,184,161,20,220,169,29,246,169,29,246,169,29,246,169,29,246,250,88,162,253,84,184,238,78,254,160,19,132,236,83,178,236,79,191,231,90,248,216,72,183,229,84,162,240,113,179,
255,88,186,169,0,246,204,83,163,228,19,135,252,92,186,224,73,175,197,88,160,236,81,248,197,88,160,236,81,230,184,55,246,169,29,246,169,29,246,169,88,184,237,20,220,169,29,246,169,29,246,169,29,166,234,92,186,229,21,176,252,83,181,253,84,185,231,21,255,131,29,246,169,29,246,169,29,246,169,29,246,169,91,185,251,29,137,165,29,160,169,84,184,169,84,166,232,84,164,250,
21,161,230,79,189,250,77,183,234,88,236,206,88,162,205,88,165,234,88,184,237,92,184,253,78,254,160,20,246,237,82,220,169,29,246,169,29,246,169,29,246,169,29,246,169,29,246,169,84,176,169,75,236,192,78,151,161,31,134,232,79,162,224,94,186,236,120,187,224,73,162,236,79,244,160,29,185,251,29,160,179,116,165,200,21,244,218,80,185,226,88,244,160,29,185,251,29,160,179,116,
165,200,21,244,207,84,164,236,31,255,169,82,164,169,75,236,192,78,151,161,31,133,249,92,164,226,81,179,250,31,255,169,73,190,236,83,220,169,29,246,169,29,246,169,29,246,169,29,246,169,29,246,169,29,246,169,29,160,167,120,184,232,95,186,236,89,246,180,29,176,232,81,165,236,55,246,169,29,246,169,29,246,169,29,246,169,29,246,169,29,246,236,83,178,131,29,246,169,29,246,
169,29,246,169,29,246,169,88,184,237,55,246,169,29,246,169,29,246,169,88,184,237,20,220,169,29,246,169,88,184,237,55,220,169,29,246,169,81,185,234,92,186,169,91,163,231,94,162,224,82,184,169,79,179,228,82,160,236,124,184,253,84,154,232,90,254,160,55,246,169,29,246,169,29,246,169,77,181,232,81,186,161,91,163,231,94,162,224,82,184,161,20,220,169,29,246,169,29,246,169,
29,246,169,29,246,229,82,181,232,81,246,229,78,246,180,29,177,232,80,179,179,122,179,253,110,179,251,75,191,234,88,254,171,113,191,238,85,162,224,83,177,171,20,220,169,29,246,169,29,246,169,29,246,169,29,246,229,78,248,206,81,185,235,92,186,218,85,183,237,82,161,250,29,235,169,73,164,252,88,220,169,29,246,169,29,246,169,29,179,231,89,255,131,29,246,169,29,246,169,29,
246,249,94,183,229,81,254,239,72,184,234,73,191,230,83,254,160,55,246,169,29,246,169,29,246,169,29,246,169,29,165,236,73,162,224,83,177,250,21,255,167,111,179,231,89,179,251,84,184,238,19,135,252,92,186,224,73,175,197,88,160,236,81,246,180,29,147,231,72,187,167,108,163,232,81,191,253,68,154,236,75,179,229,19,151,252,73,185,228,92,162,224,94,220,169,29,246,169,29,246,
169,29,179,231,89,255,131,29,246,169,29,246,169,29,246,249,94,183,229,81,254,239,72,184,234,73,191,230,83,254,160,55,246,169,29,246,169,29,246,169,29,246,169,29,176,230,79,246,214,17,246,255,29,191,231,29,191,249,92,191,251,78,254,254,82,164,226,78,166,232,94,179,179,122,179,253,121,179,250,94,179,231,89,183,231,73,165,161,20,255,169,89,185,131,29,246,169,29,246,169,
29,246,169,29,246,169,29,246,169,29,191,239,29,160,179,116,165,200,21,244,217,92,164,253,84,181,229,88,147,228,84,162,253,88,164,171,20,246,230,79,246,255,7,159,250,124,254,171,110,187,230,86,179,171,20,246,230,79,246,255,7,159,250,124,254,171,123,191,251,88,244,160,29,185,251,29,160,179,116,165,200,21,244,218,77,183,251,86,186,236,78,244,160,29,162,225,88,184,131,29,
246,169,29,246,169,29,246,169,29,246,169,29,246,169,29,246,169,29,246,255,19,147,231,92,180,229,88,178,169,0,246,253,79,163,236,55,246,169,29,246,169,29,246,169,29,246,169,29,246,169,29,246,236,83,178,131,29,246,169,29,246,169,29,246,169,29,246,169,88,184,237,55,246,169,29,246,169,29,246,169,88,184,237,20,220,169,29,246,169,88,184,237,55,220,169,29,246,169,84,176,
169,124,184,253,84,154,232,90,148,253,83,228,169,73,190,236,83,220,169,29,246,169,29,246,169,29,151,231,73,191,197,92,177,203,73,184,187,19,155,230,72,165,236,127,163,253,73,185,231,12,149,229,84,181,226,7,149,230,83,184,236,94,162,161,91,163,231,94,162,224,82,184,161,20,220,169,29,246,169,29,246,169,29,246,169,29,246,200,83,162,224,113,183,238,124,181,253,84,160,236,
29,235,169,83,185,253,29,151,231,73,191,197,92,177,200,94,162,224,75,179,131,29,246,169,29,246,169,29,246,169,29,246,169,84,176,169,124,184,253,84,154,232,90,151,234,73,191,255,88,246,253,85,179,231,55,246,169,29,246,169,29,246,169,29,246,169,29,246,169,29,246,250,88,162,203,72,162,253,82,184,218,73,183,253,88,254,200,83,162,224,113,183,238,127,162,231,15,250,169,73,
164,252,88,250,169,105,231,177,105,254,171,229,115,80,183,15,11,229,113,80,188,246,80,184,14,63,229,113,81,146,246,80,185,14,46,229,122,171,20,250,169,105,231,177,105,254,171,228,83,81,139,14,46,229,121,169,228,82,81,154,14,37,31,255,165,29,130,225,88,187,236,19,151,234,73,191,255,88,250,169,105,190,236,80,179,167,127,163,253,73,185,231,121,179,239,92,163,229,73,255,
131,29,246,169,29,246,169,29,246,169,29,246,169,29,246,169,29,183,249,77,186,240,124,184,253,84,154,232,90,254,160,55,246,169,29,246,169,29,246,169,29,246,169,29,179,229,78,179,131,29,246,169,29,246,169,29,246,169,29,246,169,29,246,169,29,165,236,73,148,252,73,162,230,83,133,253,92,162,236,21,151,231,73,191,197,92,177,203,73,184,187,17,246,239,92,186,250,88,250,169,
105,231,177,105,254,171,229,115,80,183,15,11,229,113,80,188,246,80,184,14,63,229,113,81,146,246,80,185,14,46,229,122,171,20,250,169,105,231,177,105,254,171,228,83,81,139,14,46,229,121,169,228,82,81,154,14,37,31,255,165,29,130,225,88,187,236,19,151,234,73,191,255,88,250,169,105,190,236,80,179,167,127,163,253,73,185,231,121,179,239,92,163,229,73,255,131,29,246,169,29,
246,169,29,246,169,29,246,169,29,246,169,29,164,236,80,185,255,88,151,231,73,191,197,92,177,161,20,220,169,29,246,169,29,246,169,29,246,169,29,246,236,83,178,131,29,246,169,29,246,169,29,246,236,83,178,160,55,246,169,29,246,236,83,178,131,55,246,169,29,246,164,16,246,180,0,235,180,0,235,169,123,134,218,29,249,169,109,191,231,90,246,202,82,163,231,73,179,251,29,235,
180,0,235,180,0,220,169,29,246,169,81,185,234,92,186,169,123,134,218,109,191,231,90,151,234,73,191,255,88,246,180,29,176,232,81,165,236,55,246,169,29,246,229,82,181,232,81,246,207,109,133,217,84,184,238,126,185,231,83,179,234,73,191,230,83,246,180,29,184,224,81,220,169,29,246,169,81,185,234,92,186,169,123,134,218,109,191,231,90,145,252,84,246,180,29,184,224,81,220,169,
29,246,169,81,185,234,92,186,169,123,134,218,109,191,231,90,148,253,83,228,169,0,246,198,73,190,236,79,165,217,92,177,236,7,144,224,83,178,207,84,164,250,73,149,225,84,186,237,21,244,207,109,133,217,84,184,238,127,162,231,31,250,169,73,164,252,88,255,131,55,246,169,29,246,229,82,181,232,81,246,239,72,184,234,73,191,230,83,246,250,73,185,249,123,134,218,109,191,231,90,
254,160,55,246,169,29,246,169,29,246,169,123,134,218,109,191,231,90,151,234,73,191,255,88,246,180,29,176,232,81,165,236,55,246,169,29,246,169,29,246,169,84,176,169,123,134,218,109,191,231,90,149,230,83,184,236,94,162,224,82,184,169,73,190,236,83,246,207,109,133,217,84,184,238,126,185,231,83,179,234,73,191,230,83,236,205,84,165,234,82,184,231,88,181,253,21,255,178,29,144,
217,110,134,224,83,177,202,82,184,231,88,181,253,84,185,231,29,235,169,83,191,229,29,179,231,89,220,169,29,246,169,29,246,169,29,191,239,29,144,217,110,134,224,83,177,206,72,191,169,73,190,236,83,246,207,109,133,217,84,184,238,122,163,224,7,146,236,78,162,251,82,175,161,20,237,169,123,134,218,109,191,231,90,145,252,84,246,180,29,184,224,81,246,236,83,178,131,29,246,169,
29,246,169,29,246,250,88,162,203,72,162,253,82,184,218,73,183,253,88,254,207,109,133,217,84,184,238,127,162,231,15,250,169,91,183,229,78,179,165,29,130,184,5,130,161,31,14,44,228,92,80,191,14,46,228,87,169,123,134,218,18,134,224,83,177,171,20,250,169,31,144,217,110,246,166,29,134,224,83,177,171,17,246,221,85,179,228,88,248,200,94,162,224,75,179,165,29,130,225,88,
187,236,19,148,252,73,162,230,83,146,236,91,183,252,81,162,160,55,246,169,29,246,236,83,178,131,55,246,169,29,246,229,82,181,232,81,246,239,72,184,234,73,191,230,83,246,250,73,183,251,73,144,217,110,134,224,83,177,161,20,220,169,29,246,169,29,246,169,29,144,217,110,134,224,83,177,200,94,162,224,75,179,169,0,246,253,79,163,236,55,246,169,29,246,169,29,246,169,78,179,
253,127,163,253,73,185,231,110,162,232,73,179,161,123,134,218,109,191,231,90,148,253,83,228,165,29,162,251,72,179,165,29,130,184,5,130,161,31,14,44,228,92,80,191,14,46,228,87,169,123,134,218,18,134,224,83,177,171,20,250,169,31,144,217,110,246,166,29,134,224,83,177,171,17,246,221,85,179,228,88,248,200,94,162,224,75,179,165,29,130,225,88,187,236,19,148,252,73,162,230,
83,146,236,91,183,252,81,162,160,55,246,169,29,246,169,29,246,169,81,185,234,92,186,169,77,186,232,68,179,251,122,163,224,29,235,169,113,185,234,92,186,217,81,183,240,88,164,179,106,183,224,73,144,230,79,149,225,84,186,237,21,244,217,81,183,240,88,164,206,72,191,171,20,220,169,29,246,169,29,246,169,29,186,230,94,183,229,29,165,238,29,235,169,116,184,250,73,183,231,94,
179,167,83,179,254,21,244,218,94,164,236,88,184,206,72,191,171,20,220,169,29,246,169,29,246,169,29,165,238,19,152,232,80,179,169,0,246,171,105,231,177,123,134,218,109,191,231,90,244,131,29,246,169,29,246,169,29,246,250,90,248,219,88,165,236,73,153,231,110,166,232,74,184,169,0,246,239,92,186,250,88,220,169,29,246,169,29,246,169,29,165,238,19,159,238,83,185,251,88,145,
252,84,159,231,78,179,253,29,235,169,73,164,252,88,220,169,29,246,169,29,246,169,29,165,238,19,146,224,78,166,229,92,175,198,79,178,236,79,246,180,29,228,184,9,225,189,5,229,191,9,225,131,29,246,169,29,246,169,29,246,250,90,248,217,92,164,236,83,162,169,0,246,238,92,187,236,7,145,236,73,133,236,79,160,224,94,179,161,31,149,230,79,179,206,72,191,171,20,220,169,
29,246,169,29,246,169,29,144,217,110,134,224,83,177,206,72,191,169,0,246,250,90,220,169,29,246,169,29,246,169,29,186,230,94,183,229,29,176,251,92,187,236,29,235,169,116,184,250,73,183,231,94,179,167,83,179,254,21,244,207,79,183,228,88,244,160,55,246,169,29,246,169,29,246,169,91,164,232,80,179,167,110,191,243,88,246,180,29,131,205,84,187,187,19,184,236,74,254,185,17,
246,184,14,230,165,29,230,165,29,227,187,20,220,169,29,246,169,29,246,169,29,176,251,92,187,236,19,134,230,78,191,253,84,185,231,29,235,169,104,146,224,80,228,167,83,179,254,21,231,165,29,251,184,9,230,165,29,230,165,29,238,160,55,246,169,29,246,169,29,246,169,91,164,232,80,179,167,127,183,234,86,177,251,82,163,231,89,149,230,81,185,251,14,246,180,29,149,230,81,185,
251,14,248,239,79,185,228,111,145,203,21,238,165,29,231,185,17,246,187,9,255,131,29,246,169,29,246,169,29,246,239,79,183,228,88,248,203,92,181,226,90,164,230,72,184,237,105,164,232,83,165,249,92,164,236,83,181,240,29,235,169,13,248,184,5,220,169,29,246,169,29,246,169,29,176,251,92,187,236,19,148,230,79,178,236,79,133,224,71,179,217,84,174,236,81,246,180,29,230,131,
29,246,169,29,246,169,29,246,239,79,183,228,88,248,217,92,164,236,83,162,169,0,246,250,90,220,169,29,246,169,29,246,169,29,186,230,94,183,229,29,181,251,29,235,169,116,184,250,73,183,231,94,179,167,83,179,254,21,244,220,116,149,230,79,184,236,79,244,160,6,246,234,79,248,202,82,164,231,88,164,219,92,178,224,72,165,169,0,246,220,121,191,228,19,184,236,74,254,185,17,
246,184,13,255,178,29,181,251,19,134,232,79,179,231,73,246,180,29,176,251,92,187,236,55,246,169,29,246,169,29,246,169,81,185,234,92,186,169,78,189,169,0,246,192,83,165,253,92,184,234,88,248,231,88,161,161,31,131,192,110,162,251,82,189,236,31,255,178,29,165,226,19,149,230,81,185,251,29,235,169,105,190,236,80,179,167,124,181,234,88,184,253,6,246,250,86,248,221,85,191,
234,86,184,236,78,165,169,0,246,184,6,246,250,86,248,221,79,183,231,78,166,232,79,179,231,94,175,169,0,246,185,19,226,178,29,165,226,19,134,232,79,179,231,73,246,180,29,176,251,92,187,236,55,246,169,29,246,169,29,246,169,81,185,234,92,186,169,91,166,250,113,180,229,29,235,169,116,184,250,73,183,231,94,179,167,83,179,254,21,244,221,88,174,253,113,183,235,88,186,171,
20,220,169,29,246,169,29,246,169,29,176,249,78,154,235,81,248,218,84,172,236,29,235,169,104,146,224,80,228,167,83,179,254,21,231,165,29,251,184,15,250,169,13,250,169,15,226,160,55,246,169,29,246,169,29,246,169,91,166,250,113,180,229,19,134,230,78,191,253,84,185,231,29,235,169,104,146,224,80,228,167,83,179,254,21,230,165,29,224,165,29,230,165,29,228,160,55,246,169,29,
246,169,29,246,169,91,166,250,113,180,229,19,148,232,94,189,238,79,185,252,83,178,221,79,183,231,78,166,232,79,179,231,94,175,169,0,246,184,55,246,169,29,246,169,29,246,169,91,166,250,113,180,229,19,130,236,69,162,169,0,246,171,123,134,218,7,246,164,16,244,131,29,246,169,29,246,169,29,246,239,77,165,197,95,186,167,105,179,241,73,149,230,81,185,251,14,246,180,29,149,
230,81,185,251,14,248,239,79,185,228,111,145,203,21,231,185,13,250,169,15,228,185,17,246,184,13,230,160,55,246,169,29,246,169,29,246,169,91,166,250,113,180,229,19,144,230,83,162,169,0,246,204,83,163,228,19,144,230,83,162,167,122,185,253,85,183,228,127,185,229,89,220,169,29,246,169,29,246,169,29,176,249,78,154,235,81,248,221,88,174,253,110,191,243,88,246,180,29,231,188,
55,246,169,29,246,169,29,246,169,91,166,250,113,180,229,19,130,236,69,162,209,124,186,224,90,184,228,88,184,253,29,235,169,120,184,252,80,248,221,88,174,253,101,151,229,84,177,231,80,179,231,73,248,197,88,176,253,55,246,169,29,246,169,29,246,169,91,166,250,113,180,229,19,134,232,79,179,231,73,246,180,29,176,251,92,187,236,55,246,169,29,246,169,29,246,169,81,185,234,92,
186,169,77,191,231,90,154,235,81,246,180,29,159,231,78,162,232,83,181,236,19,184,236,74,254,171,105,179,241,73,154,232,95,179,229,31,255,131,29,246,169,29,246,169,29,246,249,84,184,238,113,180,229,19,133,224,71,179,169,0,246,220,121,191,228,15,248,231,88,161,161,12,250,169,16,231,187,17,246,185,17,246,187,9,255,131,29,246,169,29,246,169,29,246,249,84,184,238,113,180,
229,19,134,230,78,191,253,84,185,231,29,235,169,104,146,224,80,228,167,83,179,254,21,230,165,29,224,165,29,230,165,29,228,191,20,220,169,29,246,169,29,246,169,29,166,224,83,177,197,95,186,167,127,183,234,86,177,251,82,163,231,89,130,251,92,184,250,77,183,251,88,184,234,68,246,180,29,231,131,29,246,169,29,246,169,29,246,249,84,184,238,113,180,229,19,130,236,69,162,169,
0,246,171,109,191,231,90,236,169,16,251,171,55,246,169,29,246,169,29,246,169,77,191,231,90,154,235,81,248,221,88,174,253,126,185,229,82,164,186,29,235,169,126,185,229,82,164,186,19,176,251,82,187,219,122,148,161,12,230,185,17,246,184,5,230,165,29,228,188,8,255,131,29,246,169,29,246,169,29,246,249,84,184,238,113,180,229,19,144,230,83,162,169,0,246,204,83,163,228,19,
144,230,83,162,167,122,185,253,85,183,228,127,185,229,89,220,169,29,246,169,29,246,169,29,166,224,83,177,197,95,186,167,105,179,241,73,133,224,71,179,169,0,246,184,8,220,169,29,246,169,29,246,169,29,166,224,83,177,197,95,186,167,105,179,241,73,142,200,81,191,238,83,187,236,83,162,169,0,246,204,83,163,228,19,130,236,69,162,209,124,186,224,90,184,228,88,184,253,19,154,
236,91,162,131,29,246,169,29,246,169,29,246,249,84,184,238,113,180,229,19,134,232,79,179,231,73,246,180,29,176,251,92,187,236,55,246,169,29,246,169,29,246,169,81,185,234,92,186,169,91,166,250,126,185,252,83,162,165,29,179,229,92,166,250,88,178,169,0,246,185,17,246,185,55,246,169,29,246,169,29,246,169,123,134,218,109,191,231,90,149,230,83,184,236,94,162,224,82,184,169,
0,246,219,72,184,218,88,164,255,84,181,236,19,132,236,83,178,236,79,133,253,88,166,249,88,178,179,126,185,231,83,179,234,73,254,239,72,184,234,73,191,230,83,254,237,73,255,131,29,246,169,29,246,169,29,246,169,29,246,169,84,176,169,83,185,253,29,144,217,110,134,224,83,177,200,94,162,224,75,179,169,73,190,236,83,246,251,88,162,252,79,184,169,88,184,237,55,246,169,29,
246,169,29,246,169,29,246,169,29,176,249,78,149,230,72,184,253,29,235,169,91,166,250,126,185,252,83,162,169,22,246,184,55,246,169,29,246,169,29,246,169,29,246,169,29,179,229,92,166,250,88,178,169,0,246,236,81,183,249,78,179,237,29,253,169,89,162,131,29,246,169,29,246,169,29,246,169,29,246,169,84,176,169,88,186,232,77,165,236,89,246,183,0,246,185,19,227,169,73,190,
236,83,220,169,29,246,169,29,246,169,29,246,169,29,246,169,29,246,169,81,185,234,92,186,169,91,166,250,29,235,169,80,183,253,85,248,251,82,163,231,89,254,239,77,165,202,82,163,231,73,246,166,29,179,229,92,166,250,88,178,160,55,246,169,29,246,169,29,246,169,29,246,169,29,246,169,29,246,229,82,181,232,81,246,249,84,184,238,29,235,169,13,220,169,29,246,169,29,246,169,
29,246,169,29,246,169,29,246,169,77,181,232,81,186,161,91,163,231,94,162,224,82,184,161,20,220,169,29,246,169,29,246,169,29,246,169,29,246,169,29,246,169,29,246,169,29,166,224,83,177,169,0,246,228,92,162,225,19,164,230,72,184,237,21,177,232,80,179,179,122,179,253,110,179,251,75,191,234,88,254,171,110,162,232,73,165,171,20,248,199,88,162,254,82,164,226,19,133,236,79,
160,236,79,133,253,92,162,250,116,162,236,80,141,171,121,183,253,92,246,217,84,184,238,31,139,179,122,179,253,107,183,229,72,179,161,20,255,131,29,246,169,29,246,169,29,246,169,29,246,169,29,246,169,29,179,231,89,255,131,29,246,169,29,246,169,29,246,169,29,246,169,29,246,169,29,176,249,78,154,235,81,248,221,88,174,253,29,235,169,31,144,217,110,236,169,31,246,167,19,246,
253,82,165,253,79,191,231,90,254,239,77,165,160,55,246,169,29,246,169,29,246,169,29,246,169,29,246,169,29,246,249,84,184,238,113,180,229,19,130,236,69,162,169,0,246,171,109,191,231,90,236,169,31,246,167,19,246,253,82,165,253,79,191,231,90,254,249,84,184,238,20,246,167,19,246,171,29,187,250,31,220,169,29,246,169,29,246,169,29,246,169,29,246,169,29,246,169,84,176,169,
91,166,250,29,232,180,29,227,188,29,162,225,88,184,131,29,246,169,29,246,169,29,246,169,29,246,169,29,246,169,29,246,169,29,246,239,77,165,197,95,186,167,105,179,241,73,149,230,81,185,251,14,246,180,29,149,230,81,185,251,14,248,239,79,185,228,111,145,203,21,231,185,13,250,169,15,228,185,17,246,184,13,230,160,55,246,169,29,246,169,29,246,169,29,246,169,29,246,169,29,
246,236,81,165,236,84,176,169,91,166,250,29,232,180,29,229,185,29,162,225,88,184,131,29,246,169,29,246,169,29,246,169,29,246,169,29,246,169,29,246,169,29,246,239,77,165,197,95,186,167,105,179,241,73,149,230,81,185,251,14,246,180,29,149,230,81,185,251,14,248,239,79,185,228,111,145,203,21,228,188,8,250,169,15,230,185,17,246,188,13,255,131,29,246,169,29,246,169,29,246,
169,29,246,169,29,246,169,29,179,229,78,179,131,29,246,169,29,246,169,29,246,169,29,246,169,29,246,169,29,246,169,29,246,239,77,165,197,95,186,167,105,179,241,73,149,230,81,185,251,14,246,180,29,149,230,81,185,251,14,248,239,79,185,228,111,145,203,21,228,188,8,250,169,5,230,165,29,238,185,20,220,169,29,246,169,29,246,169,29,246,169,29,246,169,29,246,169,88,184,237,
55,246,169,29,246,169,29,246,169,29,246,169,29,246,169,29,246,239,77,165,202,82,163,231,73,246,180,29,230,131,29,246,169,29,246,169,29,246,169,29,246,169,29,246,169,29,179,229,92,166,250,88,178,169,0,246,185,55,246,169,29,246,169,29,246,169,29,246,169,29,179,231,89,220,169,29,246,169,29,246,169,29,179,231,89,255,131,29,246,169,29,179,231,89,220,131,29,246,169,29,
191,239,29,144,217,110,134,224,83,177,203,73,184,187,29,162,225,88,184,131,29,246,169,29,246,169,29,246,207,109,133,217,84,184,238,127,162,231,15,248,196,82,163,250,88,148,252,73,162,230,83,231,202,81,191,234,86,236,202,82,184,231,88,181,253,21,176,252,83,181,253,84,185,231,21,255,131,29,246,169,29,246,169,29,246,169,29,246,169,84,176,169,123,134,218,109,191,231,90,151,
234,73,191,255,88,246,253,85,179,231,29,165,253,82,166,207,109,133,217,84,184,238,21,255,169,88,186,250,88,246,250,73,183,251,73,144,217,110,134,224,83,177,161,20,246,236,83,178,131,29,246,169,29,246,169,29,246,236,83,178,160,55,246,169,29,246,236,83,178,131,55,246,169,29,246,164,16,246,180,0,235,180,0,235,169,110,179,251,75,179,251,29,159,231,91,185,169,0,235,180,
0,235,180,55,246,169,29,246,229,82,181,232,81,246,218,88,164,255,88,164,192,83,176,230,127,162,231,15,246,180,29,153,253,85,179,251,78,134,232,90,179,179,123,191,231,89,144,224,79,165,253,126,190,224,81,178,161,31,133,236,79,160,236,79,159,231,91,185,203,73,184,171,17,246,253,79,163,236,20,220,169,29,246,169,81,185,234,92,186,169,110,179,251,75,179,251,116,184,239,82,
145,252,84,246,180,29,184,224,81,220,131,29,246,169,29,186,230,94,183,229,29,176,252,83,181,253,84,185,231,29,181,229,82,165,236,110,179,251,75,179,251,116,184,239,82,254,160,55,246,169,29,246,169,29,246,169,84,176,169,110,179,251,75,179,251,116,184,239,82,145,252,84,246,253,85,179,231,29,133,236,79,160,236,79,159,231,91,185,206,72,191,179,121,179,250,73,164,230,68,254,
160,6,246,218,88,164,255,88,164,192,83,176,230,122,163,224,29,235,169,83,191,229,29,179,231,89,220,169,29,246,169,88,184,237,55,220,169,29,246,169,84,176,169,110,179,251,75,179,251,116,184,239,82,148,253,83,228,169,73,190,236,83,220,169,29,246,169,29,246,169,29,133,236,79,160,236,79,159,231,91,185,203,73,184,187,19,155,230,72,165,236,127,163,253,73,185,231,12,149,229,
84,181,226,7,149,230,83,184,236,94,162,161,91,163,231,94,162,224,82,184,161,20,220,169,29,246,169,29,246,169,29,246,169,29,246,224,91,246,218,88,164,255,88,164,192,83,176,230,122,163,224,29,162,225,88,184,169,94,186,230,78,179,218,88,164,255,88,164,192,83,176,230,21,255,178,29,164,236,73,163,251,83,246,236,83,178,131,29,246,169,29,246,169,29,246,169,29,246,169,81,
185,234,92,186,169,77,186,232,68,179,251,122,163,224,29,235,169,113,185,234,92,186,217,81,183,240,88,164,179,106,183,224,73,144,230,79,149,225,84,186,237,21,244,217,81,183,240,88,164,206,72,191,171,20,220,169,29,246,169,29,246,169,29,246,169,29,246,229,82,181,232,81,246,250,90,246,180,29,159,231,78,162,232,83,181,236,19,184,236,74,254,171,110,181,251,88,179,231,122,163,
224,31,255,131,29,246,169,29,246,169,29,246,169,29,246,169,78,177,167,115,183,228,88,246,180,29,244,221,12,238,218,88,164,255,88,164,192,83,176,230,31,220,169,29,246,169,29,246,169,29,246,169,29,246,250,90,248,219,88,165,236,73,153,231,110,166,232,74,184,169,0,246,239,92,186,250,88,220,169,29,246,169,29,246,169,29,246,169,29,246,250,90,248,192,90,184,230,79,179,206,
72,191,192,83,165,236,73,246,180,29,162,251,72,179,131,29,246,169,29,246,169,29,246,169,29,246,169,78,177,167,121,191,250,77,186,232,68,153,251,89,179,251,29,235,169,15,231,189,10,226,177,14,224,189,10,220,169,29,246,169,29,246,169,29,246,169,29,246,250,90,248,217,92,164,236,83,162,169,0,246,238,92,187,236,7,145,236,73,133,236,79,160,224,94,179,161,31,149,230,79,
179,206,72,191,171,20,220,169,29,246,169,29,246,169,29,246,169,29,246,218,88,164,255,88,164,192,83,176,230,122,163,224,29,235,169,78,177,131,55,246,169,29,246,169,29,246,169,29,246,169,29,186,230,94,183,229,29,166,232,83,179,229,29,235,169,116,184,250,73,183,231,94,179,167,83,179,254,21,244,207,79,183,228,88,244,160,55,246,169,29,246,169,29,246,169,29,246,169,29,166,
232,83,179,229,19,133,224,71,179,169,0,246,220,121,191,228,15,248,231,88,161,161,13,250,169,15,238,185,17,246,185,17,246,187,9,230,160,55,246,169,29,246,169,29,246,169,29,246,169,29,166,232,83,179,229,19,134,230,78,191,253,84,185,231,29,235,169,104,146,224,80,228,167,83,179,254,21,230,167,8,250,169,16,231,189,13,250,169,13,248,188,17,246,164,12,228,185,20,220,169,
29,246,169,29,246,169,29,246,169,29,246,249,92,184,236,81,248,203,92,181,226,90,164,230,72,184,237,126,185,229,82,164,186,29,235,169,126,185,229,82,164,186,19,176,251,82,187,219,122,148,161,5,250,169,12,230,165,29,228,189,20,220,169,29,246,169,29,246,169,29,246,169,29,246,249,92,184,236,81,248,203,92,181,226,90,164,230,72,184,237,105,164,232,83,165,249,92,164,236,83,
181,240,29,235,169,13,248,185,5,220,169,29,246,169,29,246,169,29,246,169,29,246,249,92,184,236,81,248,203,82,164,237,88,164,218,84,172,236,109,191,241,88,186,169,0,246,185,55,246,169,29,246,169,29,246,169,29,246,169,29,166,232,83,179,229,19,134,232,79,179,231,73,246,180,29,165,238,55,246,169,29,246,169,29,246,169,29,246,169,29,186,230,94,183,229,29,166,234,29,235,
169,116,184,250,73,183,231,94,179,167,83,179,254,21,244,220,116,149,230,79,184,236,79,244,160,6,246,249,94,248,202,82,164,231,88,164,219,92,178,224,72,165,169,0,246,220,121,191,228,19,184,236,74,254,185,17,246,184,9,255,178,29,166,234,19,134,232,79,179,231,73,246,180,29,166,232,83,179,229,55,246,169,29,246,169,29,246,169,29,246,169,29,186,230,94,183,229,29,166,250,
29,235,169,116,184,250,73,183,231,94,179,167,83,179,254,21,244,220,116,133,253,79,185,226,88,244,160,6,246,249,78,248,202,82,186,230,79,246,180,29,130,225,88,187,236,19,151,234,94,179,231,73,237,169,77,165,167,105,190,224,94,189,231,88,165,250,29,235,169,12,248,188,6,246,249,78,248,221,79,183,231,78,166,232,79,179,231,94,175,169,0,246,185,19,229,178,29,166,250,19,
134,232,79,179,231,73,246,180,29,166,232,83,179,229,55,220,169,29,246,169,29,246,169,29,246,169,29,246,229,82,181,232,81,246,253,84,162,229,88,154,235,81,246,180,29,159,231,78,162,232,83,181,236,19,184,236,74,254,171,105,179,241,73,154,232,95,179,229,31,255,131,29,246,169,29,246,169,29,246,169,29,246,169,73,191,253,81,179,197,95,186,167,110,191,243,88,246,180,29,131,
205,84,187,187,19,184,236,74,254,184,17,246,164,8,230,165,29,230,165,29,228,177,20,220,169,29,246,169,29,246,169,29,246,169,29,246,253,84,162,229,88,154,235,81,248,217,82,165,224,73,191,230,83,246,180,29,131,205,84,187,187,19,184,236,74,254,185,17,246,184,13,250,169,13,250,169,11,255,131,29,246,169,29,246,169,29,246,169,29,246,169,73,191,253,81,179,197,95,186,167,
127,183,234,86,177,251,82,163,231,89,130,251,92,184,250,77,183,251,88,184,234,68,246,180,29,231,131,29,246,169,29,246,169,29,246,169,29,246,169,73,191,253,81,179,197,95,186,167,105,179,241,73,246,180,29,244,80,184,14,48,228,82,80,181,15,12,229,113,81,151,246,81,154,15,13,229,101,80,183,14,56,228,87,81,140,244,131,29,246,169,29,246,169,29,246,169,29,246,169,73,
191,253,81,179,197,95,186,167,105,179,241,73,149,230,81,185,251,14,246,180,29,130,225,88,187,236,19,151,234,94,179,231,73,220,169,29,246,169,29,246,169,29,246,169,29,246,253,84,162,229,88,154,235,81,248,207,82,184,253,29,235,169,120,184,252,80,248,207,82,184,253,19,145,230,73,190,232,80,148,230,81,178,131,29,246,169,29,246,169,29,246,169,29,246,169,73,191,253,81,179,
197,95,186,167,105,179,241,73,133,224,71,179,169,0,246,184,10,220,169,29,246,169,29,246,169,29,246,169,29,246,253,84,162,229,88,154,235,81,248,221,88,174,253,101,151,229,84,177,231,80,179,231,73,246,180,29,147,231,72,187,167,105,179,241,73,142,200,81,191,238,83,187,236,83,162,167,111,191,238,85,162,131,29,246,169,29,246,169,29,246,169,29,246,169,73,191,253,81,179,197,
95,186,167,109,183,251,88,184,253,29,235,169,77,183,231,88,186,131,55,246,169,29,246,169,29,246,169,29,246,169,29,186,230,94,183,229,29,176,252,83,181,253,84,185,231,29,183,237,89,132,230,74,254,229,92,180,236,81,250,169,75,183,229,72,179,165,29,175,217,82,165,160,55,246,169,29,246,169,29,246,169,29,246,169,29,246,169,29,246,229,82,181,232,81,246,229,95,186,169,0,
246,192,83,165,253,92,184,234,88,248,231,88,161,161,31,130,236,69,162,197,92,180,236,81,244,160,55,246,169,29,246,169,29,246,169,29,246,169,29,246,169,29,246,229,95,186,167,110,191,243,88,246,180,29,131,205,84,187,187,19,184,236,74,254,184,17,246,164,15,230,165,29,230,165,29,228,177,20,220,169,29,246,169,29,246,169,29,246,169,29,246,169,29,246,169,81,180,229,19,134,
230,78,191,253,84,185,231,29,235,169,104,146,224,80,228,167,83,179,254,21,230,165,29,231,185,17,246,185,17,246,240,109,185,250,20,220,169,29,246,169,29,246,169,29,246,169,29,246,169,29,246,169,81,180,229,19,148,232,94,189,238,79,185,252,83,178,221,79,183,231,78,166,232,79,179,231,94,175,169,0,246,184,55,246,169,29,246,169,29,246,169,29,246,169,29,246,169,29,246,229,
95,186,167,105,179,241,73,246,180,29,186,232,95,179,229,29,248,167,29,244,179,29,244,169,19,248,169,73,185,250,73,164,224,83,177,161,75,183,229,72,179,160,55,246,169,29,246,169,29,246,169,29,246,169,29,246,169,29,246,229,95,186,167,105,179,241,73,149,230,81,185,251,14,246,180,29,130,225,88,187,236,19,130,236,69,162,131,29,246,169,29,246,169,29,246,169,29,246,169,29,
246,169,29,186,235,81,248,207,82,184,253,29,235,169,120,184,252,80,248,207,82,184,253,19,145,230,73,190,232,80,220,169,29,246,169,29,246,169,29,246,169,29,246,169,29,246,169,81,180,229,19,130,236,69,162,218,84,172,236,29,235,169,12,226,131,29,246,169,29,246,169,29,246,169,29,246,169,29,246,169,29,186,235,81,248,221,88,174,253,101,151,229,84,177,231,80,179,231,73,246,
180,29,147,231,72,187,167,105,179,241,73,142,200,81,191,238,83,187,236,83,162,167,111,191,238,85,162,131,29,246,169,29,246,169,29,246,169,29,246,169,29,246,169,29,186,235,81,248,221,88,174,253,106,164,232,77,166,236,89,246,180,29,162,251,72,179,131,29,246,169,29,246,169,29,246,169,29,246,169,29,246,169,29,186,235,81,248,217,92,164,236,83,162,169,0,246,249,92,184,236,
81,220,169,29,246,169,29,246,169,29,246,169,29,246,236,83,178,131,55,246,169,29,246,169,29,246,169,29,246,169,29,183,237,89,132,230,74,254,171,229,111,81,146,14,38,29,14,46,228,82,80,185,14,46,229,111,81,149,15,3,228,80,171,17,246,170,90,183,228,88,236,206,88,162,218,88,164,255,84,181,236,21,244,217,81,183,240,88,164,250,31,255,179,122,179,253,109,186,232,68,
179,251,78,254,160,17,246,186,5,255,131,29,246,169,29,246,169,29,246,169,29,246,169,92,178,237,111,185,254,21,244,81,154,15,13,229,123,81,146,246,81,154,15,13,229,113,80,191,14,60,228,95,169,228,82,80,185,14,46,229,111,81,149,15,3,228,80,171,17,246,238,92,187,236,7,145,236,73,133,236,79,160,224,94,179,161,31,134,229,92,175,236,79,165,171,20,248,196,92,174,
217,81,183,240,88,164,250,17,246,191,5,255,131,29,246,169,29,246,169,29,246,169,29,246,169,92,178,237,111,185,254,21,244,217,81,183,234,88,246,192,121,244,165,29,162,230,78,162,251,84,184,238,21,177,232,80,179,167,109,186,232,94,179,192,89,255,165,29,239,177,20,220,169,29,246,169,29,246,169,29,246,169,29,246,232,89,178,219,82,161,161,31,145,232,80,179,169,116,146,171,
17,246,253,82,165,253,79,191,231,90,254,238,92,187,236,19,145,232,80,179,192,89,255,165,29,231,187,5,255,131,29,246,169,29,246,169,29,246,169,29,246,169,92,178,237,111,185,254,21,244,195,82,180,169,116,146,171,17,246,253,82,165,253,79,191,231,90,254,238,92,187,236,19,156,230,95,159,237,20,236,250,72,180,161,12,250,169,12,238,160,29,248,167,29,244,167,19,248,171,17,
246,184,8,238,160,55,220,169,29,246,169,29,246,169,29,246,169,29,246,164,16,246,80,184,14,38,229,127,169,229,113,80,185,14,58,228,92,81,140,15,8,229,103,169,229,113,80,185,15,12,228,84,81,146,15,24,229,103,81,148,220,169,29,246,169,29,246,169,29,246,169,29,246,249,92,184,236,81,248,218,84,172,236,29,235,169,104,146,224,80,228,167,83,179,254,21,230,165,29,228,
177,13,250,169,13,250,169,15,239,185,20,220,169,29,246,169,29,246,169,29,246,169,29,246,229,82,181,232,81,246,252,77,162,224,80,179,197,95,186,169,0,246,192,83,165,253,92,184,234,88,248,231,88,161,161,31,130,236,69,162,197,92,180,236,81,244,160,55,246,169,29,246,169,29,246,169,29,246,169,29,163,249,73,191,228,88,154,235,81,248,218,84,172,236,29,235,169,104,146,224,
80,228,167,83,179,254,21,231,165,29,251,187,13,250,169,13,250,169,15,238,160,55,246,169,29,246,169,29,246,169,29,246,169,29,163,249,73,191,228,88,154,235,81,248,217,82,165,224,73,191,230,83,246,180,29,131,205,84,187,187,19,184,236,74,254,185,17,246,184,13,250,169,13,250,169,12,238,177,20,220,169,29,246,169,29,246,169,29,246,169,29,246,252,77,162,224,80,179,197,95,
186,167,127,183,234,86,177,251,82,163,231,89,130,251,92,184,250,77,183,251,88,184,234,68,246,180,29,231,131,29,246,169,29,246,169,29,246,169,29,246,169,72,166,253,84,187,236,113,180,229,19,130,236,69,162,202,82,186,230,79,229,169,0,246,221,85,179,228,88,248,221,88,174,253,55,246,169,29,246,169,29,246,169,29,246,169,29,163,249,73,191,228,88,154,235,81,248,207,82,184,
253,29,235,169,120,184,252,80,248,207,82,184,253,19,145,230,73,190,232,80,220,169,29,246,169,29,246,169,29,246,169,29,246,252,77,162,224,80,179,197,95,186,167,105,179,241,73,133,224,71,179,169,0,246,184,9,220,169,29,246,169,29,246,169,29,246,169,29,246,252,77,162,224,80,179,197,95,186,167,105,179,241,73,142,200,81,191,238,83,187,236,83,162,169,0,246,204,83,163,228,
19,130,236,69,162,209,124,186,224,90,184,228,88,184,253,19,132,224,90,190,253,55,246,169,29,246,169,29,246,169,29,246,169,29,163,249,73,191,228,88,154,235,81,248,221,88,174,253,106,164,232,77,166,236,89,246,180,29,162,251,72,179,131,29,246,169,29,246,169,29,246,169,29,246,169,72,166,253,84,187,236,113,180,229,19,130,236,69,162,169,0,246,171,229,111,80,184,14,56,29,
14,46,228,82,81,142,15,3,229,103,80,188,14,56,7,246,81,145,14,46,229,103,80,183,246,81,154,15,13,229,124,81,144,15,11,228,84,167,19,248,171,55,246,169,29,246,169,29,246,169,29,246,169,29,163,249,73,191,228,88,154,235,81,248,217,92,164,236,83,162,169,0,246,249,92,184,236,81,220,131,29,246,169,29,246,169,29,246,169,29,246,169,16,251,169,81,183,235,88,186,
169,229,125,81,154,15,15,228,92,169,228,92,80,181,14,63,229,123,169,229,113,80,185,15,12,229,99,81,146,14,56,29,254,80,184,15,11,229,121,80,172,14,56,29,249,169,228,83,80,187,246,81,154,15,13,228,85,80,181,14,38,20,220,169,29,246,169,29,246,169,29,246,169,29,246,229,82,181,232,81,246,252,77,162,224,80,179,218,79,181,197,95,186,169,0,246,192,83,165,253,
92,184,234,88,248,231,88,161,161,31,130,236,69,162,197,92,180,236,81,244,160,55,246,169,29,246,169,29,246,169,29,246,169,29,163,249,73,191,228,88,133,251,94,154,235,81,248,218,84,172,236,29,235,169,104,146,224,80,228,167,83,179,254,21,231,165,29,251,187,13,250,169,13,250,169,15,228,160,55,246,169,29,246,169,29,246,169,29,246,169,29,163,249,73,191,228,88,133,251,94,
154,235,81,248,217,82,165,224,73,191,230,83,246,180,29,131,205,84,187,187,19,184,236,74,254,185,17,246,184,13,250,169,13,250,169,15,231,191,20,220,169,29,246,169,29,246,169,29,246,169,29,246,252,77,162,224,80,179,218,79,181,197,95,186,167,127,183,234,86,177,251,82,163,231,89,130,251,92,184,250,77,183,251,88,184,234,68,246,180,29,231,131,29,246,169,29,246,169,29,246,
169,29,246,169,72,166,253,84,187,236,110,164,234,113,180,229,19,130,236,69,162,202,82,186,230,79,229,169,0,246,202,82,186,230,79,229,167,91,164,230,80,132,206,127,254,184,11,230,165,29,231,191,13,250,169,12,224,185,20,220,169,29,246,169,29,246,169,29,246,169,29,246,252,77,162,224,80,179,218,79,181,197,95,186,167,123,185,231,73,246,180,29,147,231,72,187,167,123,185,231,
73,248,206,82,162,225,92,187,131,29,246,169,29,246,169,29,246,169,29,246,169,72,166,253,84,187,236,110,164,234,113,180,229,19,130,236,69,162,218,84,172,236,29,235,169,12,231,131,29,246,169,29,246,169,29,246,169,29,246,169,72,166,253,84,187,236,110,164,234,113,180,229,19,130,236,69,162,209,124,186,224,90,184,228,88,184,253,29,235,169,120,184,252,80,248,221,88,174,253,101,
151,229,84,177,231,80,179,231,73,248,219,84,177,225,73,220,169,29,246,169,29,246,169,29,246,169,29,246,252,77,162,224,80,179,218,79,181,197,95,186,167,105,179,241,73,129,251,92,166,249,88,178,169,0,246,253,79,163,236,55,246,169,29,246,169,29,246,169,29,246,169,29,163,249,73,191,228,88,133,251,94,154,235,81,248,221,88,174,253,29,235,169,31,244,131,29,246,169,29,246,
169,29,246,169,29,246,169,72,166,253,84,187,236,110,164,234,113,180,229,19,134,232,79,179,231,73,246,180,29,166,232,83,179,229,55,220,169,29,246,169,29,246,169,29,246,169,29,246,229,82,181,232,81,246,239,72,184,234,73,191,230,83,246,239,80,162,220,77,162,224,80,179,161,78,179,234,78,255,131,29,246,169,29,246,169,29,246,169,29,246,169,29,246,169,29,186,230,94,183,229,
29,190,169,0,246,228,92,162,225,19,176,229,82,185,251,21,165,236,94,165,169,18,246,186,11,230,185,20,220,169,29,246,169,29,246,169,29,246,169,29,246,169,29,246,169,81,185,234,92,186,169,80,246,180,29,187,232,73,190,167,91,186,230,82,164,161,21,165,236,94,165,169,24,246,186,11,230,185,20,246,166,29,224,185,20,220,169,29,246,169,29,246,169,29,246,169,29,246,169,29,
246,169,81,185,234,92,186,169,78,246,180,29,187,232,73,190,167,91,186,230,82,164,161,78,179,234,78,246,172,29,224,185,20,220,169,29,246,169,29,246,169,29,246,169,29,246,169,29,246,169,84,176,169,85,246,183,29,230,169,73,190,236,83,220,169,29,246,169,29,246,169,29,246,169,29,246,169,29,246,169,29,246,169,29,164,236,73,163,251,83,246,250,73,164,224,83,177,167,91,185,
251,80,183,253,21,244,172,89,246,81,142,246,172,13,228,237,29,14,38,29,243,185,15,178,169,229,125,171,17,246,225,17,246,228,17,246,250,20,220,169,29,246,169,29,246,169,29,246,169,29,246,169,29,246,169,88,184,237,55,246,169,29,246,169,29,246,169,29,246,169,29,246,169,29,246,251,88,162,252,79,184,169,78,162,251,84,184,238,19,176,230,79,187,232,73,254,171,24,178,169,
229,121,169,24,230,187,89,246,81,150,244,165,29,187,165,29,165,160,55,246,169,29,246,169,29,246,169,29,246,169,29,179,231,89,220,131,29,246,169,29,246,169,29,246,169,29,246,169,16,251,169,223,66,9,223,66,9,223,66,9,29,14,46,229,101,81,151,14,48,228,82,81,154,15,12,29,134,251,88,165,236,83,181,236,29,151,217,116,246,80,185,14,35,228,84,81,146,15,3,229,
103,169,229,111,80,184,14,56,29,14,46,228,82,81,142,15,3,229,103,80,188,14,56,29,52,29,189,52,29,189,52,29,189,220,169,29,246,169,29,246,169,29,246,169,29,246,164,16,246,80,187,14,37,228,83,81,132,246,220,78,179,251,116,178,250,29,15,13,228,85,80,185,246,81,154,15,13,228,82,81,154,14,48,229,126,80,183,15,15,29,14,46,228,82,81,144,14,46,228,82,
80,183,15,3,228,80,131,29,246,169,29,246,169,29,246,169,29,246,169,98,130,184,5,147,250,73,191,228,92,162,236,89,151,238,88,246,180,29,184,224,81,220,169,29,246,169,29,246,169,29,246,169,29,246,214,105,231,177,124,177,236,110,185,252,79,181,236,29,246,169,29,235,169,31,165,234,79,191,249,73,244,131,29,246,169,29,246,169,29,246,169,29,246,169,73,183,250,86,248,250,
77,183,254,83,254,239,72,184,234,73,191,230,83,254,160,55,246,169,29,246,169,29,246,169,29,246,169,29,246,169,29,246,229,82,181,232,81,246,214,73,231,177,77,186,250,29,235,169,109,186,232,68,179,251,78,236,206,88,162,217,81,183,240,88,164,250,21,255,131,29,246,169,29,246,169,29,246,169,29,246,169,29,246,169,29,186,230,94,183,229,29,137,253,12,238,224,89,165,169,0,
246,242,64,220,169,29,246,169,29,246,169,29,246,169,29,246,169,29,246,169,91,185,251,29,137,165,29,137,253,12,238,249,29,191,231,29,191,249,92,191,251,78,254,214,73,231,177,77,186,250,20,246,237,82,220,169,29,246,169,29,246,169,29,246,169,29,246,169,29,246,169,29,246,169,29,162,232,95,186,236,19,191,231,78,179,251,73,254,214,73,231,177,84,178,250,17,246,214,73,231,
177,77,248,220,78,179,251,116,178,160,55,246,169,29,246,169,29,246,169,29,246,169,29,246,169,29,246,236,83,178,131,29,246,169,29,246,169,29,246,169,29,246,169,29,246,169,29,191,239,29,245,214,73,231,177,84,178,250,29,235,180,29,230,169,73,190,236,83,220,169,29,246,169,29,246,169,29,246,169,29,246,169,29,246,169,29,246,169,29,137,221,12,238,204,78,162,224,80,183,253,
88,178,200,90,179,169,0,246,214,105,231,177,110,179,251,75,179,251,104,166,253,84,187,236,21,255,131,29,246,169,29,246,169,29,246,169,29,246,169,29,246,169,29,246,169,29,246,214,105,231,177,124,177,236,110,185,252,79,181,236,29,235,169,31,165,234,79,191,249,73,244,131,29,246,169,29,246,169,29,246,169,29,246,169,29,246,169,29,246,169,29,246,251,88,162,252,79,184,131,29,
246,169,29,246,169,29,246,169,29,246,169,29,246,169,29,179,231,89,220,169,29,246,169,29,246,169,29,246,169,29,246,169,29,246,169,16,251,169,228,80,81,142,14,35,229,111,80,185,15,12,29,132,230,95,186,230,69,246,217,79,179,250,88,184,234,88,246,200,109,159,131,29,246,169,29,246,169,29,246,169,29,246,169,29,246,169,29,186,230,94,183,229,29,137,253,12,238,251,88,165,
169,0,246,253,12,238,214,85,162,253,77,132,236,76,163,236,78,162,161,70,220,169,29,246,169,29,246,169,29,246,169,29,246,169,29,246,169,29,246,169,29,131,251,81,246,169,29,246,180,29,244,225,73,162,249,78,236,166,18,166,251,88,165,236,83,181,236,19,164,230,95,186,230,69,248,234,82,187,166,75,231,166,77,164,236,78,179,231,94,179,166,72,165,236,79,165,171,17,220,169,
29,246,169,29,246,169,29,246,169,29,246,169,29,246,169,29,246,169,29,155,236,73,190,230,89,246,180,29,244,217,114,133,221,31,250,131,29,246,169,29,246,169,29,246,169,29,246,169,29,246,169,29,246,169,29,246,193,88,183,237,88,164,250,29,235,169,70,220,169,29,246,169,29,246,169,29,246,169,29,246,169,29,246,169,29,246,169,29,246,169,29,246,210,31,149,230,83,162,236,83,
162,164,105,175,249,88,244,212,29,235,169,31,183,249,77,186,224,94,183,253,84,185,231,18,188,250,82,184,171,17,220,169,29,246,169,29,246,169,29,246,169,29,246,169,29,246,169,29,246,169,29,246,169,29,246,210,31,151,234,94,179,249,73,244,212,29,246,169,29,246,169,29,235,169,31,183,249,77,186,224,94,183,253,84,185,231,18,188,250,82,184,171,17,220,169,29,246,169,29,246,
169,29,246,169,29,246,169,29,246,169,29,246,169,29,171,165,55,246,169,29,246,169,29,246,169,29,246,169,29,246,169,29,246,169,29,246,169,127,185,237,68,246,180,29,162,184,5,137,227,78,185,231,120,184,234,82,178,236,21,173,169,72,165,236,79,159,237,78,246,180,29,137,253,12,238,224,89,165,169,64,255,165,55,246,169,29,246,169,29,246,169,29,246,169,29,246,169,29,246,244,
20,220,169,29,246,169,29,246,169,29,246,169,29,246,169,29,246,169,84,176,169,83,185,253,29,137,253,12,238,251,88,165,169,73,190,236,83,220,169,29,246,169,29,246,169,29,246,169,29,246,169,29,246,169,29,246,169,29,137,221,12,238,204,78,162,224,80,183,253,88,178,200,90,179,169,0,246,214,105,231,177,110,179,251,75,179,251,104,166,253,84,187,236,21,255,131,29,246,169,29,
246,169,29,246,169,29,246,169,29,246,169,29,246,169,29,246,214,105,231,177,124,177,236,110,185,252,79,181,236,29,235,169,31,165,234,79,191,249,73,244,131,29,246,169,29,246,169,29,246,169,29,246,169,29,246,169,29,246,169,29,246,251,88,162,252,79,184,131,29,246,169,29,246,169,29,246,169,29,246,169,29,246,169,29,179,231,89,220,169,29,246,169,29,246,169,29,246,169,29,246,
169,29,246,169,81,185,234,92,186,169,98,162,184,5,180,230,89,175,169,0,246,214,73,231,177,79,179,250,19,148,230,89,175,169,82,164,169,98,162,184,5,164,236,78,248,235,82,178,240,29,185,251,29,244,171,55,246,169,29,246,169,29,246,169,29,246,169,29,246,169,29,246,229,82,181,232,81,246,214,73,231,177,89,183,253,92,246,180,29,162,184,5,137,227,78,185,231,121,179,234,
82,178,236,21,137,253,12,238,235,82,178,240,20,220,169,29,246,169,29,246,169,29,246,169,29,246,169,29,246,169,84,176,169,83,185,253,29,137,253,12,238,237,92,162,232,29,185,251,29,162,240,77,179,161,98,162,184,5,178,232,73,183,167,72,165,236,79,134,251,88,165,236,83,181,236,78,255,169,67,235,169,31,162,232,95,186,236,31,246,253,85,179,231,55,246,169,29,246,169,29,
246,169,29,246,169,29,246,169,29,246,169,29,246,169,98,130,184,5,147,250,73,191,228,92,162,236,89,151,238,88,246,180,29,137,221,12,238,218,88,164,255,88,164,220,77,162,224,80,179,161,20,220,169,29,246,169,29,246,169,29,246,169,29,246,169,29,246,169,29,246,169,29,137,221,12,238,200,90,179,218,82,163,251,94,179,169,0,246,171,78,181,251,84,166,253,31,220,169,29,246,
169,29,246,169,29,246,169,29,246,169,29,246,169,29,246,169,29,164,236,73,163,251,83,220,169,29,246,169,29,246,169,29,246,169,29,246,169,29,246,169,88,184,237,55,246,169,29,246,169,29,246,169,29,246,169,29,246,169,29,246,229,82,181,232,81,246,214,73,231,177,87,191,237,29,246,180,29,162,230,78,162,251,84,184,238,21,177,232,80,179,167,119,185,235,116,178,160,55,246,169,
29,246,169,29,246,169,29,246,169,29,246,169,29,246,229,82,181,232,81,246,214,73,231,177,83,185,254,29,246,180,29,185,250,19,162,224,80,179,161,20,220,169,29,246,169,29,246,169,29,246,169,29,246,169,29,246,169,81,185,234,92,186,169,98,162,184,5,180,236,78,162,169,0,246,185,29,246,169,29,246,169,16,251,169,229,117,80,191,14,60,228,95,169,228,87,81,140,15,11,29,
14,59,228,83,80,187,15,3,29,15,1,229,122,81,146,15,15,229,113,80,186,246,161,0,246,81,158,15,11,229,121,80,184,246,80,187,14,61,229,113,81,138,255,131,29,246,169,29,246,169,29,246,169,29,246,169,29,246,169,29,176,230,79,246,214,17,246,214,73,231,177,77,164,169,84,184,169,84,166,232,84,164,250,21,137,253,12,238,237,92,162,232,19,163,250,88,164,217,79,179,
250,88,184,234,88,165,160,29,178,230,55,246,169,29,246,169,29,246,169,29,246,169,29,246,169,29,246,169,29,246,169,81,185,234,92,186,169,98,162,184,5,177,224,89,246,180,29,162,230,78,162,251,84,184,238,21,137,253,12,238,249,79,248,238,92,187,236,116,178,169,82,164,169,31,244,160,55,246,169,29,246,169,29,246,169,29,246,169,29,246,169,29,246,169,29,246,169,84,176,169,
98,162,184,5,177,224,89,246,180,0,246,214,73,231,177,87,191,237,29,183,231,89,246,214,73,231,177,77,164,167,81,183,250,73,153,231,81,191,231,88,246,253,85,179,231,55,246,169,29,246,169,29,246,169,29,246,169,29,246,169,29,246,169,29,246,169,29,246,169,29,251,164,29,15,15,229,123,80,181,15,24,228,82,169,116,133,198,29,238,191,13,231,169,223,80,27,29,131,231,84,
174,169,73,191,228,88,165,253,92,187,249,55,246,169,29,246,169,29,246,169,29,246,169,29,246,169,29,246,169,29,246,169,29,246,169,29,186,230,94,183,229,29,137,253,12,238,229,82,246,180,29,162,230,78,162,251,84,184,238,21,137,253,12,238,249,79,248,229,92,165,253,114,184,229,84,184,236,20,220,169,29,246,169,29,246,169,29,246,169,29,246,169,29,246,169,29,246,169,29,246,
169,29,246,229,82,181,232,81,246,214,73,231,177,68,250,169,98,162,184,5,187,230,17,246,214,73,231,177,89,250,169,98,162,184,5,190,165,29,137,253,12,238,228,84,250,169,98,162,184,5,165,169,0,220,169,29,246,169,29,246,169,29,246,169,29,246,169,29,246,169,29,246,169,29,246,169,29,246,169,29,246,169,98,162,184,5,186,230,7,187,232,73,181,225,21,244,161,24,178,162,
20,251,161,24,178,162,20,251,161,24,178,162,20,130,161,24,178,162,20,236,161,24,178,162,20,236,161,24,178,162,20,244,160,55,246,169,29,246,169,29,246,169,29,246,169,29,246,169,29,246,169,29,246,169,29,246,169,29,191,239,29,137,253,12,238,240,29,162,225,88,184,131,29,246,169,29,246,169,29,246,169,29,246,169,29,246,169,29,246,169,29,246,169,29,246,169,29,246,169,29,
186,230,94,183,229,29,137,253,12,238,253,78,246,180,29,185,250,19,162,224,80,179,161,70,220,169,29,246,169,29,246,169,29,246,169,29,246,169,29,246,169,29,246,169,29,246,169,29,246,169,29,246,169,29,246,169,29,175,236,92,164,169,29,235,169,73,185,231,72,187,235,88,164,161,98,162,184,5,175,160,17,220,169,29,246,169,29,246,169,29,246,169,29,246,169,29,246,169,29,246,
169,29,246,169,29,246,169,29,246,169,29,246,169,29,187,230,83,162,225,29,235,169,73,185,231,72,187,235,88,164,161,98,162,184,5,187,230,20,250,131,29,246,169,29,246,169,29,246,169,29,246,169,29,246,169,29,246,169,29,246,169,29,246,169,29,246,169,29,246,169,29,246,237,92,175,169,29,246,180,29,162,230,83,163,228,95,179,251,21,137,253,12,238,237,20,250,131,29,246,169,
29,246,169,29,246,169,29,246,169,29,246,169,29,246,169,29,246,169,29,246,169,29,246,169,29,246,169,29,246,225,82,163,251,29,246,180,29,162,230,83,163,228,95,179,251,21,137,253,12,238,225,20,250,131,29,246,169,29,246,169,29,246,169,29,246,169,29,246,169,29,246,169,29,246,169,29,246,169,29,246,169,29,246,169,29,246,228,84,184,169,29,246,180,29,162,230,83,163,228,95,
179,251,21,137,253,12,238,228,84,255,165,55,246,169,29,246,169,29,246,169,29,246,169,29,246,169,29,246,169,29,246,169,29,246,169,29,246,169,29,246,169,29,246,169,78,179,234,29,246,169,0,246,253,82,184,252,80,180,236,79,254,214,73,231,177,78,255,165,55,246,169,29,246,169,29,246,169,29,246,169,29,246,169,29,246,169,29,246,169,29,246,169,29,246,169,29,246,244,20,220,
169,29,246,169,29,246,169,29,246,169,29,246,169,29,246,169,29,246,169,29,246,169,29,246,169,29,246,169,81,185,234,92,186,169,98,162,184,5,178,224,91,176,169,0,246,214,73,231,177,83,185,254,29,251,169,98,162,184,5,162,250,55,246,169,29,246,169,29,246,169,29,246,169,29,246,169,29,246,169,29,246,169,29,246,169,29,246,169,29,246,224,91,246,214,73,231,177,89,191,239,
91,246,183,29,137,253,12,238,235,88,165,253,29,162,225,88,184,131,29,246,169,29,246,169,29,246,169,29,246,169,29,246,169,29,246,169,29,246,169,29,246,169,29,246,169,29,246,169,29,246,214,73,231,177,95,179,250,73,246,180,29,137,253,12,238,237,84,176,239,55,246,169,29,246,169,29,246,169,29,246,169,29,246,169,29,246,169,29,246,169,29,246,169,29,246,169,29,246,236,83,
178,131,29,246,169,29,246,169,29,246,169,29,246,169,29,246,169,29,246,169,29,246,169,29,246,169,88,184,237,55,246,169,29,246,169,29,246,169,29,246,169,29,246,169,29,246,169,29,246,169,88,184,237,55,246,169,29,246,169,29,246,169,29,246,169,29,246,169,29,246,236,83,178,131,29,246,169,29,246,169,29,246,169,29,246,169,29,246,169,29,251,164,29,15,15,229,120,81,151,14,
46,229,103,169,229,113,80,185,14,42,228,85,81,149,14,56,29,14,33,228,92,80,187,246,81,151,15,11,229,121,80,183,14,56,29,134,251,88,165,236,83,181,236,29,15,1,229,124,80,191,14,38,228,92,81,140,246,81,154,15,13,228,85,80,181,14,38,55,246,169,29,246,169,29,246,169,29,246,169,29,246,169,29,246,229,82,181,232,81,246,214,73,231,177,78,181,251,84,166,253,
29,235,169,98,130,184,5,133,236,79,160,236,79,131,249,73,191,228,88,254,160,55,246,169,29,246,169,29,246,169,29,246,169,29,246,169,29,246,224,91,246,214,73,231,177,95,179,250,73,246,183,29,137,253,12,238,250,94,164,224,77,162,169,73,190,236,83,220,169,29,246,169,29,246,169,29,246,169,29,246,169,29,246,169,29,246,169,29,137,221,12,238,204,78,162,224,80,183,253,88,
178,200,90,179,169,0,246,214,73,231,177,95,179,250,73,220,169,29,246,169,29,246,169,29,246,169,29,246,169,29,246,169,29,246,169,29,137,221,12,238,200,90,179,218,82,163,251,94,179,169,0,246,171,77,164,236,78,179,231,94,179,171,55,246,169,29,246,169,29,246,169,29,246,169,29,246,169,29,246,236,81,165,236,55,246,169,29,246,169,29,246,169,29,246,169,29,246,169,29,246,
169,29,246,169,98,130,184,5,147,250,73,191,228,92,162,236,89,151,238,88,246,180,29,137,253,12,238,250,94,164,224,77,162,131,29,246,169,29,246,169,29,246,169,29,246,169,29,246,169,29,246,169,29,246,214,105,231,177,124,177,236,110,185,252,79,181,236,29,235,169,31,165,234,79,191,249,73,244,131,29,246,169,29,246,169,29,246,169,29,246,169,29,246,169,29,179,231,89,220,169,
29,246,169,29,246,169,29,246,169,29,246,236,83,178,160,55,220,169,29,246,169,29,246,169,29,246,169,29,246,229,82,181,232,81,246,252,77,162,224,80,179,202,82,184,231,55,246,169,29,246,169,29,246,169,29,246,169,29,186,230,94,183,229,29,176,252,83,181,253,84,185,231,29,164,236,91,164,236,78,190,220,77,162,224,80,179,161,20,220,169,29,246,169,29,246,169,29,246,169,29,
246,169,29,246,169,81,185,234,92,186,169,78,179,234,78,246,180,29,137,221,12,238,204,78,162,224,80,183,253,88,178,200,90,179,169,82,164,169,98,130,184,5,133,236,79,160,236,79,131,249,73,191,228,88,254,160,55,246,169,29,246,169,29,246,169,29,246,169,29,246,169,29,246,252,77,162,224,80,179,197,95,186,167,105,179,241,73,246,180,29,244,81,132,15,12,229,103,169,229,113,
80,185,14,58,228,92,81,140,15,8,229,103,179,29,244,169,19,248,169,91,187,253,104,166,253,84,187,236,21,165,236,94,165,160,55,246,169,29,246,169,29,246,169,29,246,169,29,246,169,29,246,224,91,246,214,105,231,177,124,177,236,110,185,252,79,181,236,29,235,180,29,244,249,79,179,250,88,184,234,88,244,169,73,190,236,83,220,169,29,246,169,29,246,169,29,246,169,29,246,169,
29,246,169,29,246,169,29,163,249,73,191,228,88,133,251,94,154,235,81,248,221,88,174,253,29,235,169,31,254,169,228,83,80,191,14,38,228,71,81,140,246,81,132,15,15,29,14,62,229,103,80,183,15,11,29,14,42,228,84,81,146,15,12,29,15,13,229,113,81,132,14,33,29,15,8,228,92,169,229,113,80,185,14,58,228,92,81,140,15,8,229,103,169,20,244,131,29,246,169,29,
246,169,29,246,169,29,246,169,29,246,169,29,179,229,78,179,224,91,246,214,105,231,177,124,177,236,110,185,252,79,181,236,29,235,180,29,244,250,94,164,224,77,162,171,29,162,225,88,184,131,29,246,169,29,246,169,29,246,169,29,246,169,29,246,169,29,246,169,29,246,252,77,162,224,80,179,218,79,181,197,95,186,167,105,179,241,73,246,180,29,244,161,29,15,12,228,80,169,228,94,
80,191,14,35,29,14,35,229,98,81,135,15,3,228,82,169,229,113,80,185,14,58,228,85,81,140,14,33,229,124,169,20,244,131,29,246,169,29,246,169,29,246,169,29,246,169,29,246,169,29,179,229,78,179,131,29,246,169,29,246,169,29,246,169,29,246,169,29,246,169,29,246,169,29,246,252,77,162,224,80,179,218,79,181,197,95,186,167,105,179,241,73,246,180,29,244,161,29,14,37,
229,113,81,140,15,3,29,14,46,228,82,81,151,14,36,228,84,80,191,248,167,19,246,160,31,220,169,29,246,169,29,246,169,29,246,169,29,246,169,29,246,169,88,184,237,55,246,169,29,246,169,29,246,169,29,246,169,29,179,231,89,220,169,29,246,169,29,246,169,29,246,169,29,246,251,88,176,251,88,165,225,104,166,253,84,187,236,21,255,131,29,246,169,29,246,169,29,246,169,29,
246,169,72,166,253,84,187,236,126,185,231,83,246,180,29,132,252,83,133,236,79,160,224,94,179,167,117,179,232,79,162,235,88,183,253,7,149,230,83,184,236,94,162,161,91,163,231,94,162,224,82,184,161,20,220,169,29,246,169,29,246,169,29,246,169,29,246,169,29,246,169,84,176,169,83,185,253,29,133,236,79,160,236,79,159,231,91,185,206,72,191,169,73,190,236,83,246,252,77,162,
224,80,179,202,82,184,231,7,146,224,78,181,230,83,184,236,94,162,161,20,237,169,79,179,253,72,164,231,29,179,231,89,220,169,29,246,169,29,246,169,29,246,169,29,246,169,29,246,169,79,179,239,79,179,250,85,131,249,73,191,228,88,254,160,55,246,169,29,246,169,29,246,169,29,246,169,29,179,231,89,255,131,55,246,169,29,246,169,29,246,169,29,246,169,29,186,230,94,183,229,
29,181,229,82,165,236,127,162,231,29,235,169,116,184,250,73,183,231,94,179,167,83,179,254,21,244,221,88,174,253,127,163,253,73,185,231,31,255,131,29,246,169,29,246,169,29,246,169,29,246,169,94,186,230,78,179,203,73,184,167,110,191,243,88,246,180,29,131,205,84,187,187,19,184,236,74,254,185,17,246,186,13,250,169,13,250,169,14,230,160,55,246,169,29,246,169,29,246,169,29,
246,169,29,181,229,82,165,236,127,162,231,19,134,230,78,191,253,84,185,231,29,235,169,104,146,224,80,228,167,83,179,254,21,230,165,29,224,165,29,230,165,29,224,160,55,246,169,29,246,169,29,246,169,29,246,169,29,181,229,82,165,236,127,162,231,19,148,232,94,189,238,79,185,252,83,178,202,82,186,230,79,229,169,0,246,221,85,179,228,88,248,205,92,184,238,88,164,131,29,246,
169,29,246,169,29,246,169,29,246,169,94,186,230,78,179,203,73,184,167,127,183,234,86,177,251,82,163,231,89,130,251,92,184,250,77,183,251,88,184,234,68,246,180,29,230,167,15,220,169,29,246,169,29,246,169,29,246,169,29,246,234,81,185,250,88,148,253,83,248,221,88,174,253,29,235,169,31,142,171,55,246,169,29,246,169,29,246,169,29,246,169,29,181,229,82,165,236,127,162,231,
19,130,236,69,162,202,82,186,230,79,229,169,0,246,221,85,179,228,88,248,221,88,174,253,55,246,169,29,246,169,29,246,169,29,246,169,29,181,229,82,165,236,127,162,231,19,144,230,83,162,169,0,246,204,83,163,228,19,144,230,83,162,167,122,185,253,85,183,228,127,185,229,89,220,169,29,246,169,29,246,169,29,246,169,29,246,234,81,185,250,88,148,253,83,248,221,88,174,253,110,
191,243,88,246,180,29,231,189,55,246,169,29,246,169,29,246,169,29,246,169,29,181,229,82,165,236,127,162,231,19,151,252,73,185,203,72,162,253,82,184,202,82,186,230,79,246,180,29,176,232,81,165,236,55,246,169,29,246,169,29,246,169,29,246,169,29,181,229,82,165,236,127,162,231,19,134,232,79,179,231,73,246,180,29,166,232,83,179,229,55,246,169,29,246,169,29,246,169,29,246,
169,29,186,230,94,183,229,29,181,234,29,235,169,116,184,250,73,183,231,94,179,167,83,179,254,21,244,220,116,149,230,79,184,236,79,244,160,6,246,234,94,248,202,82,164,231,88,164,219,92,178,224,72,165,169,0,246,220,121,191,228,19,184,236,74,254,185,17,246,177,20,237,169,94,181,167,109,183,251,88,184,253,29,235,169,94,186,230,78,179,203,73,184,131,29,246,169,29,246,169,
29,246,169,29,246,169,94,186,230,78,179,203,73,184,167,112,185,252,78,179,203,72,162,253,82,184,184,126,186,224,94,189,179,126,185,231,83,179,234,73,254,234,81,185,250,88,133,236,79,160,236,79,159,231,91,185,160,55,246,169,29,246,169,29,246,169,88,184,237,20,220,169,29,246,169,88,184,237,55,179,231,89,255,161,20,220,131,113,185,234,92,186,217,81,183,240,88,164,167,126,
190,232,79,183,234,73,179,251,124,178,237,88,178,179,126,185,231,83,179,234,73,254,239,72,184,234,73,191,230,83,254,160,55,246,169,29,246,224,91,246,218,77,179,234,73,183,253,88,151,234,73,191,255,88,246,253,85,179,231,55,246,169,29,246,169,29,246,169,78,162,230,77,133,249,88,181,253,92,162,236,21,255,131,29,246,169,29,179,229,78,179,131,29,246,169,29,246,169,29,246,
251,88,165,253,82,164,236,112,175,202,92,187,236,79,183,161,20,220,169,29,246,169,88,184,237,55,246,169,29,246,224,91,246,239,81,191,231,90,151,234,73,191,255,88,246,253,85,179,231,55,246,169,29,246,169,29,246,169,91,186,224,83,177,200,94,162,224,75,179,169,0,246,239,92,186,250,88,220,169,29,246,169,29,246,169,29,165,236,73,148,252,73,162,230,83,133,253,92,162,236,
21,144,229,84,184,238,127,162,231,17,246,239,92,186,250,88,250,169,105,231,177,105,254,171,229,113,80,185,14,36,228,83,81,154,15,3,229,127,169,229,98,81,135,14,46,228,82,81,148,244,160,17,246,221,12,238,221,21,244,81,144,15,12,229,113,80,183,14,32,29,14,33,229,113,80,187,15,11,31,255,165,29,130,225,88,187,236,19,151,234,73,191,255,88,250,169,105,190,236,80,
179,167,109,183,231,88,186,218,82,176,253,20,220,169,29,246,169,88,184,237,55,246,169,29,246,224,91,246,214,122,248,214,103,129,200,29,162,225,88,184,131,29,246,169,29,246,169,29,246,214,122,248,214,103,153,251,84,177,169,0,246,231,84,186,131,29,246,169,29,246,169,29,246,214,122,248,214,103,129,200,29,235,169,91,183,229,78,179,131,29,246,169,29,246,169,29,246,253,92,165,
226,19,161,232,84,162,161,13,248,188,20,220,169,29,246,169,29,246,169,29,140,230,80,180,224,88,129,232,81,189,203,73,184,179,124,181,253,84,160,232,73,179,161,20,220,169,29,246,169,88,184,237,55,246,169,29,246,224,91,246,214,122,248,214,117,154,200,29,162,225,88,184,131,29,246,169,29,246,169,29,246,214,122,248,214,117,154,200,29,235,169,91,183,229,78,179,131,29,246,169,
29,246,169,29,246,253,92,165,226,19,161,232,84,162,161,13,248,188,20,220,169,29,246,169,29,246,169,29,137,206,19,137,193,113,148,253,83,236,200,94,162,224,75,183,253,88,254,160,55,246,169,29,246,236,83,178,131,55,179,231,89,255,131,55,251,164,29,52,28,173,52,28,173,52,28,173,52,28,173,52,28,173,52,28,173,52,28,173,52,28,173,52,28,173,52,28,173,52,28,173,
52,28,173,52,28,173,52,28,173,52,28,173,52,28,173,52,28,173,52,28,173,52,28,173,52,28,173,52,28,173,52,28,173,52,28,173,52,28,173,52,28,173,52,28,173,52,28,173,52,28,173,52,28,173,52,28,173,52,28,173,52,28,173,52,28,173,52,28,173,52,28,173,52,28,173,52,28,173,52,28,173,52,28,173,52,28,173,52,28,173,52,28,173,52,28,173,52,28,173,52,
28,173,52,28,173,52,28,173,52,28,173,52,28,173,52,28,173,52,28,173,52,28,173,52,28,173,52,28,173,52,28,173,220,164,16,246,169,228,80,81,133,14,46,228,83,169,229,113,80,185,15,13,229,108,81,148,246,166,29,154,232,83,177,252,92,177,236,29,133,240,78,162,236,80,246,107,189,66,169,105,231,177,29,148,232,83,177,206,72,191,217,79,185,131,16,251,169,29,52,19,
157,246,199,114,246,229,82,181,232,81,246,226,88,175,254,82,164,237,78,246,107,189,66,169,92,186,229,29,177,229,82,180,232,81,165,169,73,185,169,78,162,232,68,246,252,83,178,236,79,246,187,13,230,169,79,179,238,84,165,253,88,164,169,81,191,228,84,162,131,16,251,169,223,67,25,223,67,25,223,67,25,223,67,25,223,67,25,223,67,25,223,67,25,223,67,25,223,67,25,223,
67,25,223,67,25,223,67,25,223,67,25,223,67,25,223,67,25,223,67,25,223,67,25,223,67,25,223,67,25,223,67,25,223,67,25,223,67,25,223,67,25,223,67,25,223,67,25,223,67,25,223,67,25,223,67,25,223,67,25,223,67,25,223,67,25,223,67,25,223,67,25,223,67,25,223,67,25,223,67,25,223,67,25,223,67,25,223,67,25,223,67,25,223,67,25,223,67,25,223,67,
25,223,67,25,223,67,25,223,67,25,223,67,25,223,67,25,223,67,25,223,67,25,223,67,25,223,67,25,223,67,25,223,67,25,223,67,25,55,220,214,105,231,177,105,132,169,0,246,242,55,246,169,29,246,164,16,246,107,169,86,107,169,86,169,110,191,237,88,180,232,79,246,107,169,86,107,169,86,107,169,86,107,169,86,107,169,86,107,169,86,107,169,86,107,169,86,107,169,86,107,
169,86,107,169,86,107,169,86,107,169,86,107,169,86,107,169,86,107,169,86,107,169,86,107,169,86,107,169,86,107,169,86,107,169,86,107,169,86,107,169,86,107,169,86,107,169,86,107,169,86,107,169,86,107,169,86,107,169,86,107,169,86,107,169,86,107,169,86,107,169,86,107,169,86,107,169,86,107,169,86,107,169,86,107,169,86,131,29,246,169,29,141,171,229,113,80,185,15,11,228,
94,81,154,14,47,228,83,171,96,246,169,29,246,169,29,246,169,29,246,169,29,246,169,29,246,169,29,246,169,29,246,169,29,246,169,29,246,169,29,246,169,29,246,169,0,246,171,112,179,231,72,165,171,17,220,169,29,246,169,102,244,81,154,14,39,229,124,81,140,246,81,154,15,13,228,84,81,142,15,12,31,139,169,29,246,169,29,246,169,29,246,169,29,246,169,29,246,169,29,246,
169,29,246,169,29,246,169,29,246,169,29,246,169,29,235,169,31,149,225,82,185,250,88,246,218,88,181,253,84,185,231,31,250,131,29,246,169,29,251,164,29,52,29,189,52,29,189,246,196,88,184,252,29,180,252,73,162,230,83,165,169,223,66,9,223,66,9,223,66,9,223,66,9,223,66,9,223,66,9,223,66,9,223,66,9,223,66,9,223,66,9,223,66,9,223,66,9,223,66,9,
223,66,9,223,66,9,223,66,9,223,66,9,223,66,9,223,66,9,223,66,9,223,66,9,223,66,9,223,66,9,223,66,9,223,66,9,223,66,9,223,66,9,223,66,9,223,66,9,223,66,9,223,66,9,223,66,9,223,66,9,55,246,169,29,246,210,31,14,46,228,82,80,185,14,46,229,111,81,149,244,212,29,246,169,29,246,169,29,246,169,29,246,169,29,246,169,29,246,169,29,
246,169,29,246,169,29,246,169,29,246,169,29,246,169,29,246,169,0,246,171,109,186,232,68,179,251,31,250,131,29,246,169,29,141,171,229,113,81,142,14,35,228,81,81,146,14,46,228,87,171,96,246,169,29,246,169,29,246,169,29,246,169,29,246,169,29,246,169,29,246,169,29,246,169,29,246,169,29,246,169,29,246,169,29,246,169,0,246,171,105,183,251,90,179,253,31,250,131,29,246,
169,29,141,171,228,83,80,186,15,12,31,139,169,29,246,169,29,246,169,29,246,169,29,246,169,29,246,169,29,246,169,29,246,169,29,246,169,29,246,169,29,246,169,29,246,169,29,246,169,29,246,180,29,244,192,80,166,230,79,162,232,83,162,171,17,220,169,29,246,169,102,244,81,154,15,1,228,80,81,140,244,212,29,246,169,29,246,169,29,246,169,29,246,169,29,246,169,29,246,169,
29,246,169,29,246,169,29,246,169,29,246,169,29,246,169,29,246,169,29,246,180,29,244,198,74,184,236,79,244,165,55,246,169,29,246,210,31,14,46,229,120,81,140,15,0,31,139,169,29,246,169,29,246,169,29,246,169,29,246,169,29,246,169,29,246,169,29,246,169,29,246,169,29,246,169,29,246,169,29,246,169,29,246,169,29,235,169,31,153,253,85,179,251,78,244,165,55,246,169,29,
246,210,31,14,46,228,82,80,185,14,51,229,127,171,96,246,169,29,246,169,29,246,169,29,246,169,29,246,169,29,246,169,29,246,169,29,246,169,29,246,169,29,246,169,29,246,169,29,246,169,29,246,180,29,244,197,92,184,238,72,183,238,88,244,165,55,246,169,29,246,164,16,246,107,169,86,107,169,86,169,109,183,238,88,246,253,84,162,229,88,165,169,18,246,250,72,180,253,84,162,
229,88,165,169,223,66,9,223,66,9,223,66,9,223,66,9,223,66,9,223,66,9,223,66,9,223,66,9,223,66,9,223,66,9,223,66,9,223,66,9,223,66,9,223,66,9,223,66,9,223,66,9,223,66,9,223,66,9,223,66,9,223,66,9,223,66,9,223,66,9,223,66,9,55,246,169,29,246,210,31,14,46,228,82,80,191,14,46,229,112,80,184,14,32,29,14,46,228,82,81,
140,14,47,228,92,81,142,15,3,229,127,171,96,246,169,29,246,169,29,246,169,29,246,169,29,246,169,29,246,169,29,246,169,29,246,169,29,246,169,0,246,171,112,183,224,83,246,196,88,184,252,31,250,131,29,246,169,29,141,171,228,83,80,183,14,59,229,113,81,151,246,81,152,14,63,229,113,80,188,15,3,229,127,171,96,246,169,29,246,169,29,246,169,29,246,169,29,246,169,29,
246,169,29,246,169,29,246,169,29,246,169,29,246,169,29,235,169,31,147,241,73,164,232,29,144,236,92,162,252,79,179,250,31,250,131,29,246,169,29,141,171,229,117,80,181,14,46,228,83,81,140,246,81,154,15,13,229,123,81,140,15,10,229,127,169,228,94,81,154,15,13,229,101,81,140,14,48,229,127,171,96,246,169,29,246,169,29,246,169,29,246,169,29,246,169,29,246,169,29,246,
169,29,246,180,29,244,196,82,160,236,80,179,231,73,246,175,29,133,249,88,179,237,31,250,131,29,246,169,29,141,171,229,117,80,181,14,46,228,83,81,140,246,81,154,15,13,229,124,81,132,14,46,228,83,80,185,246,80,184,14,48,29,14,46,228,82,80,185,14,46,229,111,81,149,15,3,228,80,171,96,246,169,29,246,169,29,246,169,29,246,169,29,246,169,29,246,169,0,246,171,
109,186,232,68,179,251,29,159,231,73,179,251,92,181,253,84,185,231,31,250,131,29,246,169,29,141,171,229,103,81,142,14,46,228,82,81,148,246,81,146,14,46,229,120,80,185,246,81,154,15,13,229,101,80,190,14,56,229,126,81,151,244,212,29,246,169,29,246,169,29,246,169,29,246,169,29,246,169,29,246,169,29,246,169,29,246,169,0,246,171,110,181,251,84,166,253,29,155,236,78,
165,232,90,179,171,17,220,169,29,246,169,102,244,81,158,15,1,229,113,80,184,14,56,29,14,46,228,82,81,152,14,38,229,113,81,140,14,32,29,14,46,228,82,81,147,14,46,229,99,81,148,244,212,29,246,169,29,246,169,29,246,169,29,246,169,29,246,169,29,246,169,29,246,169,29,235,169,31,151,237,80,191,231,29,149,230,80,187,232,83,178,250,31,250,131,29,246,169,29,141,
171,228,83,80,185,14,46,229,123,81,133,14,32,29,15,12,228,81,80,184,14,32,29,236,169,228,92,81,154,246,81,154,14,39,228,94,81,154,15,15,29,14,36,228,83,81,154,15,3,229,127,169,229,113,80,185,14,33,229,113,80,187,15,11,29,15,12,229,113,169,229,124,81,137,14,35,229,108,80,185,246,81,154,15,13,229,113,169,229,111,80,185,15,0,29,14,58,228,85,81,
140,14,33,229,124,169,107,248,219,19,225,171,96,246,180,55,246,169,29,246,169,29,246,169,31,159,228,77,185,251,73,183,231,73,246,199,82,162,236,7,246,203,92,184,238,29,134,251,82,162,236,94,162,224,82,184,169,82,184,229,68,246,254,82,164,226,78,246,230,83,246,250,94,164,224,77,162,169,107,248,219,19,225,171,17,220,169,29,246,169,16,251,169,223,66,9,223,66,9,29,
148,252,73,162,230,83,165,169,223,66,9,223,66,9,223,66,9,223,66,9,223,66,9,223,66,9,223,66,9,223,66,9,223,66,9,223,66,9,223,66,9,223,66,9,223,66,9,223,66,9,223,66,9,223,66,9,223,66,9,223,66,9,223,66,9,223,66,9,223,66,9,223,66,9,223,66,9,223,66,9,223,66,9,223,66,9,223,66,9,223,66,9,223,66,9,223,66,9,223,66,
9,223,66,9,223,66,9,223,66,9,223,66,9,223,66,9,223,66,9,223,66,9,55,246,169,29,246,210,31,14,33,229,113,80,187,15,11,31,139,169,29,246,169,29,246,169,29,246,169,29,246,169,29,246,169,29,246,169,29,246,169,29,246,169,29,246,169,29,246,169,29,246,169,29,246,169,29,235,169,31,148,232,83,177,171,17,220,169,29,246,169,102,244,81,140,15,3,229,101,80,
183,14,35,31,139,169,29,246,169,29,246,169,29,246,169,29,246,169,29,246,169,29,246,169,29,246,169,29,246,169,29,246,169,29,246,169,29,246,169,29,246,169,0,246,171,111,179,250,88,162,171,17,220,169,29,246,169,102,244,81,144,15,12,229,113,80,183,14,32,29,14,33,229,113,80,187,15,11,31,139,169,29,246,169,29,246,169,29,246,169,29,246,169,29,246,169,29,246,169,29,
246,169,29,246,169,29,246,169,29,246,169,29,235,169,31,148,232,83,177,169,109,164,230,73,179,234,73,244,165,55,246,169,29,246,210,31,15,8,228,82,80,187,15,11,31,139,169,29,246,169,29,246,169,29,246,169,29,246,169,29,246,169,29,246,169,29,246,169,29,246,169,29,246,169,29,246,169,29,246,169,29,246,169,29,235,169,31,144,229,84,184,238,31,250,131,29,246,169,29,141,
171,229,97,80,183,14,56,229,113,80,187,244,212,29,246,169,29,246,169,29,246,169,29,246,169,29,246,169,29,246,169,29,246,169,29,246,169,29,246,169,29,246,169,29,246,169,29,246,169,29,235,169,31,144,229,68,244,165,55,246,169,29,246,210,31,14,58,229,103,81,132,14,32,29,14,46,228,82,80,185,14,46,229,111,81,149,244,212,29,246,169,29,246,169,29,246,169,29,246,169,
29,246,169,29,246,169,29,246,169,29,246,169,29,246,169,29,246,169,29,235,169,31,129,232,81,189,169,110,166,236,88,178,171,17,220,169,29,246,169,102,244,80,184,14,61,228,92,81,148,246,81,143,15,1,228,83,81,149,15,3,31,139,169,29,246,169,29,246,169,29,246,169,29,246,169,29,246,169,29,246,169,29,246,169,29,246,169,29,246,169,29,246,169,29,235,169,31,140,230,80,
180,224,88,246,222,92,186,226,31,250,131,29,246,169,29,141,171,228,81,80,183,14,38,228,82,81,142,244,212,29,246,169,29,246,169,29,246,169,29,246,169,29,246,169,29,246,169,29,246,169,29,246,169,29,246,169,29,246,169,29,246,169,29,246,169,29,235,169,31,158,236,92,178,229,88,165,250,31,250,131,29,246,169,29,141,171,229,124,80,187,15,11,228,82,171,96,246,169,29,246,
169,29,246,169,29,246,169,29,246,169,29,246,169,29,246,169,29,246,169,29,246,169,29,246,169,29,246,169,29,246,169,29,246,169,0,246,171,105,179,229,88,166,230,79,162,171,17,220,169,29,246,169,102,244,80,184,14,61,229,113,80,186,14,38,229,127,171,96,246,169,29,246,169,29,246,169,29,246,169,29,246,169,29,246,169,29,246,169,29,246,169,29,246,169,29,246,169,29,246,169,
29,246,169,29,235,169,31,133,249,88,181,253,92,162,236,31,250,131,29,246,169,29,141,171,228,81,80,183,14,38,29,14,33,229,113,80,187,15,11,31,139,169,29,246,169,29,246,169,29,246,169,29,246,169,29,246,169,29,246,169,29,246,169,29,246,169,29,246,169,29,246,169,29,246,169,0,246,171,117,179,232,89,246,203,92,184,238,31,250,131,29,246,169,29,141,171,229,123,80,188,
14,49,29,15,12,228,85,81,154,15,15,228,92,171,96,246,169,29,246,169,29,246,169,29,246,169,29,246,169,29,246,169,29,246,169,29,246,169,29,246,169,29,246,169,29,246,169,29,235,169,31,133,232,75,179,169,109,185,250,31,250,131,29,246,169,29,141,171,229,124,81,132,15,13,228,92,80,191,244,212,29,246,169,29,246,169,29,246,169,29,246,169,29,246,169,29,246,169,29,246,
169,29,246,169,29,246,169,29,246,169,29,246,169,29,246,169,29,235,169,31,158,232,83,177,171,17,220,169,29,246,169,102,244,81,151,14,37,228,83,80,183,14,38,31,139,169,29,246,169,29,246,169,29,246,169,29,246,169,29,246,169,29,246,169,29,246,169,29,246,169,29,246,169,29,246,169,29,246,169,29,246,169,0,246,171,123,164,236,88,172,236,31,250,131,29,246,169,29,141,171,
228,85,80,185,14,33,229,98,171,96,246,169,29,246,169,29,246,169,29,246,169,29,246,169,29,246,169,29,246,169,29,246,169,29,246,169,29,246,169,29,246,169,29,246,169,29,246,169,0,246,171,126,163,239,91,244,165,55,246,169,29,246,210,31,14,58,229,123,81,149,244,212,29,246,169,29,246,169,29,246,169,29,246,169,29,246,169,29,246,169,29,246,169,29,246,169,29,246,169,29,
246,169,29,246,169,29,246,169,29,246,169,0,246,171,109,163,229,81,244,165,55,246,169,29,246,210,31,14,62,229,103,81,146,244,212,29,246,169,29,246,169,29,246,169,29,246,169,29,246,169,29,246,169,29,246,169,29,246,169,29,246,169,29,246,169,29,246,169,29,246,169,29,246,169,0,246,171,118,191,234,86,244,165,55,246,169,29,246,210,31,14,46,229,101,81,151,14,38,229,111,
81,154,14,40,31,139,169,29,246,169,29,246,169,29,246,169,29,246,169,29,246,169,29,246,169,29,246,169,29,246,169,29,246,169,29,246,169,29,246,169,29,235,169,31,133,252,80,187,230,83,244,165,55,246,169,29,246,210,31,14,44,229,103,81,142,14,46,228,82,171,96,246,169,29,246,169,29,246,169,29,246,169,29,246,169,29,246,169,29,246,169,29,246,169,29,246,169,29,246,169,
29,246,169,29,246,169,29,246,180,29,244,218,88,184,237,31,250,131,29,246,169,29,141,171,228,80,81,142,14,39,29,14,56,229,113,81,149,14,62,29,14,46,228,82,81,146,14,58,228,85,80,181,14,56,229,121,171,96,246,169,29,246,169,29,246,169,29,246,169,29,246,169,29,246,169,29,246,169,29,246,169,29,246,180,29,244,202,82,166,240,29,146,224,78,181,230,79,178,171,17,
220,169,29,246,169,16,251,169,223,66,9,223,66,9,29,146,240,83,183,228,84,181,169,95,163,253,73,185,231,29,165,253,92,162,236,78,246,107,169,86,107,169,86,107,169,86,107,169,86,107,169,86,107,169,86,107,169,86,107,169,86,107,169,86,107,169,86,107,169,86,107,169,86,107,169,86,107,169,86,107,169,86,107,169,86,107,169,86,107,169,86,107,169,86,107,169,86,107,169,86,
107,169,86,107,169,86,107,169,86,107,169,86,131,29,246,169,29,141,171,229,115,80,183,15,11,229,113,80,188,246,80,186,15,3,229,121,80,185,14,58,31,139,169,29,246,169,29,246,169,29,246,169,29,246,169,29,246,169,29,246,169,29,246,169,29,246,169,29,246,169,29,246,169,0,246,171,110,162,230,77,246,193,88,183,237,81,179,250,78,244,165,55,246,169,29,246,210,31,14,44,
228,92,80,191,14,46,228,87,169,229,113,80,185,15,8,228,82,80,187,15,11,31,139,169,29,246,169,29,246,169,29,246,169,29,246,169,29,246,169,29,246,169,29,246,169,29,246,169,29,246,169,29,246,180,29,244,218,73,185,249,29,144,229,84,184,238,31,250,131,29,246,169,29,141,171,229,115,80,183,15,11,229,113,80,188,244,212,29,246,169,29,246,169,29,246,169,29,246,169,29,
246,169,29,246,169,29,246,169,29,246,169,29,246,169,29,246,169,29,246,169,29,246,169,29,235,169,31,133,253,82,166,171,17,220,169,29,246,169,102,244,81,152,15,3,228,84,81,154,15,8,29,14,46,228,82,81,138,15,3,229,103,81,154,15,15,31,139,169,29,246,169,29,246,169,29,246,169,29,246,169,29,246,169,29,246,169,29,246,169,29,246,169,29,246,169,29,235,169,31,133,
253,82,166,169,123,186,240,31,250,131,29,246,169,29,141,171,229,122,81,154,14,56,228,92,169,229,113,80,185,14,35,229,111,80,185,15,3,228,84,167,19,248,171,96,246,169,29,246,169,29,246,169,29,246,169,29,246,169,29,246,169,29,246,169,29,246,169,29,246,169,29,246,180,29,244,193,92,184,238,84,184,238,19,248,167,31,250,131,29,246,169,29,141,171,229,115,80,185,14,51,
229,113,81,156,246,81,154,15,13,228,83,81,137,14,46,228,81,81,146,14,32,31,139,169,29,246,169,29,246,169,29,246,169,29,246,169,29,246,169,29,246,169,29,246,169,29,246,169,29,246,169,0,246,171,110,162,230,77,246,218,77,179,234,73,183,253,88,244,165,55,246,169,29,246,210,31,15,8,228,85,169,229,113,80,185,14,35,229,122,80,184,15,3,229,121,171,96,246,169,29,
246,169,29,246,169,29,246,169,29,246,169,29,246,169,29,246,169,29,246,169,29,246,169,29,246,169,29,246,169,0,246,171,104,184,239,79,179,236,71,179,171,17,220,169,29,246,169,102,244,81,152,15,3,228,84,81,154,15,8,29,14,46,228,82,81,154,14,58,229,124,81,146,14,48,229,113,81,156,244,212,29,246,169,29,246,169,29,246,169,29,246,169,29,246,169,29,246,169,29,246,
169,29,246,169,29,246,169,0,246,171,110,162,230,77,246,218,72,187,228,82,184,171,17,220,169,29,246,169,16,251,169,223,66,9,223,66,9,29,159,231,77,163,253,29,166,229,92,181,236,85,185,229,89,179,251,78,246,107,169,86,107,169,86,107,169,86,107,169,86,107,169,86,107,169,86,107,169,86,107,169,86,107,169,86,107,169,86,107,169,86,107,169,86,107,169,86,107,169,86,107,
169,86,107,169,86,107,169,86,107,169,86,107,169,86,107,169,86,107,169,86,107,169,86,107,169,86,107,169,86,107,169,86,107,169,86,107,169,86,131,29,246,169,29,141,171,229,113,80,190,14,35,229,126,169,229,113,81,142,15,12,29,14,46,228,82,80,185,14,46,229,111,81,149,246,80,186,15,15,229,113,171,96,246,169,29,246,169,29,246,169,29,246,169,29,246,169,29,246,169,29,
246,169,29,246,169,0,246,171,120,184,253,88,164,169,77,186,232,68,179,251,29,184,232,80,179,171,17,220,169,29,246,169,102,244,81,142,14,56,229,111,81,148,246,81,154,15,13,229,97,80,183,14,56,229,113,80,187,244,212,29,246,169,29,246,169,29,246,169,29,246,169,29,246,169,29,246,169,29,246,169,29,246,169,29,246,169,29,246,169,0,246,171,123,186,240,29,165,249,88,179,
237,31,250,131,29,246,169,29,141,171,229,101,81,140,14,48,229,127,169,229,113,80,185,15,12,229,98,80,183,244,212,29,246,169,29,246,169,29,246,169,29,246,169,29,246,169,29,246,169,29,246,169,29,246,169,29,246,169,29,246,169,29,246,180,29,244,222,92,186,226,29,165,249,88,179,237,31,250,131,29,246,169,29,141,171,229,113,80,190,14,35,229,126,169,229,103,81,142,14,46,
228,82,81,148,248,167,19,244,212,29,246,169,29,246,169,29,246,169,29,246,169,29,246,169,29,246,169,29,246,169,29,246,169,29,246,169,29,246,169,0,246,171,105,175,249,88,246,232,29,187,236,78,165,232,90,179,167,19,248,171,17,220,169,29,246,169,102,244,81,154,15,10,229,124,81,149,246,189,29,14,42,229,123,81,140,15,8,29,15,12,228,80,169,228,92,80,181,14,59,229,
103,169,229,113,80,185,15,13,229,113,81,132,14,33,31,139,169,29,246,169,29,246,169,29,246,169,29,246,169,29,246,180,29,244,204,83,162,236,79,246,189,29,181,225,92,164,250,29,185,239,29,163,250,88,164,231,92,187,236,31,250,131,29,246,169,29,251,164,29,52,29,189,52,29,189,246,197,92,180,236,81,165,169,223,66,9,223,66,9,223,66,9,223,66,9,223,66,9,223,66,
9,223,66,9,223,66,9,223,66,9,223,66,9,223,66,9,223,66,9,223,66,9,223,66,9,223,66,9,223,66,9,223,66,9,223,66,9,223,66,9,223,66,9,223,66,9,223,66,9,223,66,9,223,66,9,223,66,9,223,66,9,223,66,9,223,66,9,223,66,9,223,66,9,223,66,9,223,66,9,223,66,9,223,66,9,223,66,9,223,66,9,223,66,9,223,66,9,223,66,9,
55,246,169,29,246,210,31,14,46,228,82,81,151,14,36,228,85,80,184,246,81,154,15,13,229,103,81,155,15,3,229,101,80,183,244,212,29,246,169,29,246,169,29,246,169,29,246,169,29,246,169,29,246,169,29,246,169,29,246,169,29,246,169,29,235,169,31,155,232,84,184,169,126,185,231,73,164,230,81,165,171,17,220,169,29,246,169,102,244,81,137,14,46,229,124,171,96,246,169,29,
246,169,29,246,169,29,246,169,29,246,169,29,246,169,29,246,169,29,246,169,29,246,169,29,246,169,29,246,169,29,246,169,29,246,169,29,235,169,31,149,225,92,162,171,17,220,169,29,246,169,102,244,81,151,15,1,229,113,81,136,15,13,29,14,33,228,92,80,187,246,80,184,14,61,229,108,80,185,15,3,29,14,46,228,82,81,142,15,10,229,103,81,149,14,35,31,139,169,29,246,
169,29,246,169,29,246,169,29,246,169,29,246,169,29,246,169,0,246,171,110,181,251,84,166,253,29,163,250,88,164,250,29,181,225,92,162,171,17,220,169,29,246,169,102,244,107,169,86,107,169,86,107,169,86,169,228,83,81,142,14,35,229,120,81,146,15,12,228,92,80,187,246,81,154,15,13,229,101,80,190,14,56,229,126,81,151,246,107,169,86,107,169,86,107,169,86,171,96,246,169,
29,246,169,29,246,169,29,246,169,29,246,169,29,246,169,29,246,180,29,244,107,169,86,107,169,86,107,169,86,169,110,181,251,84,166,253,29,131,250,88,164,250,29,52,29,189,52,29,189,52,29,189,244,165,55,246,169,29,246,210,31,14,46,228,82,81,132,14,38,229,121,179,29,244,212,29,246,169,29,246,169,29,246,169,29,246,169,29,246,169,29,246,169,29,246,169,29,246,169,29,
246,169,29,246,169,29,246,169,29,246,180,29,244,202,82,163,231,73,236,169,31,250,131,29,246,169,29,251,164,29,52,29,189,52,29,189,246,198,74,184,236,79,246,250,88,181,253,84,185,231,29,52,29,189,52,29,189,52,29,189,52,29,189,52,29,189,52,29,189,52,29,189,52,29,189,52,29,189,52,29,189,52,29,189,52,29,189,52,29,189,52,29,189,52,29,189,52,29,189,52,
29,189,52,29,189,52,29,189,52,29,189,52,29,189,52,29,189,52,29,189,52,29,189,52,29,189,52,29,189,52,29,189,52,29,189,52,29,189,52,29,189,52,29,189,52,29,189,220,169,29,246,169,102,244,81,154,15,10,229,124,81,149,246,189,29,14,42,229,123,81,140,15,8,29,14,48,228,82,80,180,246,81,154,15,13,229,117,80,191,15,13,31,139,169,29,246,169,29,246,169,
29,246,169,29,246,169,29,246,169,29,246,169,29,235,169,31,147,231,73,179,251,29,183,253,29,186,236,92,165,253,29,226,169,94,190,232,79,165,171,17,220,169,29,246,169,102,244,80,185,14,46,29,15,3,228,94,81,145,14,38,29,15,13,229,113,81,132,14,33,29,15,12,229,97,81,154,14,33,228,84,171,96,246,169,29,246,169,29,246,169,29,246,169,29,246,169,29,246,169,29,
246,169,29,246,169,29,235,169,31,152,230,29,187,232,73,181,225,84,184,238,29,166,229,92,175,236,79,244,165,55,246,169,29,246,210,31,14,35,228,83,169,229,124,81,144,14,38,228,92,81,146,236,169,31,139,169,29,246,169,29,246,169,29,246,169,29,246,169,29,246,169,29,246,169,29,246,169,29,246,169,29,246,169,29,246,169,29,235,169,31,133,236,81,179,234,73,179,237,7,246,
171,17,220,169,29,246,169,16,251,169,223,66,9,223,66,9,29,152,230,73,191,239,84,181,232,73,191,230,83,165,169,223,66,9,223,66,9,223,66,9,223,66,9,223,66,9,223,66,9,223,66,9,223,66,9,223,66,9,223,66,9,223,66,9,223,66,9,223,66,9,223,66,9,223,66,9,223,66,9,223,66,9,223,66,9,223,66,9,223,66,9,223,66,9,223,66,9,223,66,9,
223,66,9,223,66,9,223,66,9,223,66,9,223,66,9,223,66,9,223,66,9,223,66,9,223,66,9,55,246,169,29,246,210,31,15,12,229,113,169,229,111,80,187,14,38,228,85,169,228,85,80,185,14,33,229,98,81,148,247,171,96,246,169,29,246,169,29,246,169,29,246,169,29,246,169,29,246,169,29,246,169,29,246,169,29,246,169,29,246,180,29,244,208,82,163,169,89,185,231,26,
162,169,85,183,255,88,246,232,29,181,252,91,176,168,31,250,131,29,246,169,29,141,171,229,124,80,184,246,81,154,15,13,229,124,81,132,15,13,228,92,80,191,247,171,96,246,169,29,246,169,29,246,169,29,246,169,29,246,169,29,246,169,29,246,169,29,246,169,29,246,169,29,246,169,29,246,180,29,244,193,72,184,238,29,165,252,94,181,236,78,165,239,72,186,229,68,247,171,17,220,
169,29,246,169,102,244,80,188,14,61,228,82,81,151,246,81,154,15,13,228,85,80,185,14,33,229,98,81,148,14,5,29,14,36,229,113,80,181,15,13,29,15,12,229,122,81,146,14,38,229,113,80,182,244,212,29,246,169,29,246,169,29,246,169,29,246,169,29,246,169,29,246,180,29,244,202,72,176,239,29,176,232,84,186,236,89,250,169,73,164,240,29,183,238,92,191,231,31,250,131,
29,246,169,29,141,171,228,83,81,154,246,80,185,15,11,228,92,81,151,246,81,154,15,13,228,82,81,154,14,48,229,126,81,177,246,81,151,14,42,228,85,81,146,246,80,184,15,15,29,14,46,228,82,81,154,14,58,228,83,171,96,246,169,29,246,169,29,246,169,29,246,169,29,246,180,29,244,217,81,183,240,88,164,169,83,185,253,29,176,230,72,184,237,17,246,234,85,179,234,86,
246,231,92,187,236,31,250,131,29,246,169,29,141,171,228,85,80,185,14,33,229,98,81,148,244,212,29,246,169,29,246,169,29,246,169,29,246,169,29,246,169,29,246,169,29,246,169,29,246,169,29,246,169,29,246,169,29,246,169,29,246,169,29,235,169,31,149,252,91,176,171,17,220,169,29,246,169,102,244,81,151,15,12,29,14,46,229,101,81,151,14,38,229,111,81,154,14,45,228,85,
169,229,126,80,181,14,46,229,101,81,138,14,32,29,14,46,228,82,81,158,15,1,228,80,81,140,244,212,29,246,169,29,246,169,29,246,169,29,246,169,29,246,169,29,246,180,29,244,218,72,187,228,82,184,236,89,246,235,68,246,198,74,184,236,79,244,165,55,246,169,29,246,210,31,14,46,228,80,81,151,15,14,228,95,169,229,113,80,185,14,46,229,101,81,151,14,38,229,111,81,
154,14,40,31,139,169,29,246,169,29,246,169,29,246,169,29,246,169,29,246,169,29,246,169,29,246,169,29,246,169,29,246,180,29,244,218,72,187,228,82,184,169,88,184,237,88,178,171,17,220,169,29,246,169,102,244,81,154,15,10,229,124,81,149,246,189,29,14,42,229,123,81,140,15,8,29,15,12,228,80,169,228,92,80,181,14,59,229,103,169,229,113,80,185,15,13,229,113,81,132,
14,33,29,14,42,228,94,169,229,117,80,190,14,34,229,103,171,96,246,169,29,246,169,29,246,180,29,244,204,83,162,236,79,246,232,73,246,229,88,183,250,73,246,189,29,181,225,92,164,250,31,250,131,29,246,169,29,141,171,228,83,81,154,246,80,191,14,38,229,103,81,151,246,81,158,14,56,229,101,80,185,246,81,154,15,13,229,117,80,184,14,56,29,52,9,169,246,81,151,14,
42,228,85,81,146,246,81,152,15,15,29,14,46,228,82,80,184,15,6,229,98,81,135,15,25,228,71,80,185,246,80,183,14,38,229,111,80,184,246,193,105,130,217,31,139,169,0,220,169,29,246,169,29,246,169,29,244,202,82,163,229,89,184,174,73,246,250,88,184,237,29,181,230,80,187,232,83,178,169,223,86,29,29,181,225,88,181,226,29,179,241,88,181,252,73,185,251,29,158,221,
105,134,171,17,220,169,29,246,169,102,244,81,151,15,12,29,15,15,229,101,81,147,246,81,140,14,46,229,126,81,138,246,81,154,15,13,229,121,81,142,15,10,228,94,81,140,14,38,31,139,169,29,246,169,29,246,169,29,246,169,29,246,169,29,246,169,29,246,169,29,246,169,0,246,171,121,191,250,94,185,251,89,246,229,84,184,226,29,181,230,77,191,236,89,244,165,55,246,169,29,
246,210,31,14,35,228,83,169,229,115,80,183,15,11,229,113,80,188,246,81,154,15,13,229,113,81,142,14,35,229,121,81,132,14,46,229,119,171,96,246,169,29,246,169,29,246,169,29,246,169,29,246,169,29,246,169,29,246,169,29,246,169,29,235,169,31,133,252,80,187,230,83,246,250,73,185,249,77,179,237,31,250,131,29,246,169,29,141,171,229,113,80,190,14,35,229,126,169,228,92,
80,181,14,59,229,103,169,229,113,80,185,15,13,229,113,81,132,14,33,29,15,8,228,92,169,229,120,81,154,15,15,229,127,169,229,113,80,185,15,10,229,124,81,154,14,33,229,127,171,96,246,169,29,246,169,29,246,169,29,246,180,29,244,204,83,162,236,79,246,249,81,183,240,88,164,169,72,165,236,79,184,232,80,179,169,84,184,169,73,190,236,29,180,230,69,244,165,55,246,169,
29,246,210,31,14,42,229,121,81,147,15,13,29,14,46,228,82,80,189,246,217,79,179,239,84,174,169,229,113,80,185,14,39,229,113,81,136,246,81,149,15,10,31,139,169,29,246,169,29,246,169,29,246,169,29,246,169,29,246,169,29,246,180,29,244,204,83,162,236,79,246,240,82,163,251,29,134,251,88,176,224,69,244,165,55,246,169,29,246,210,31,14,35,228,83,169,229,115,80,183,
15,11,229,113,80,188,246,81,154,15,13,228,80,81,142,14,39,31,139,169,29,246,169,29,246,169,29,246,169,29,246,169,29,246,169,29,246,169,29,246,169,29,246,169,29,246,169,0,246,171,126,185,249,68,246,250,73,185,249,77,179,237,31,250,131,29,246,169,29,141,171,229,113,80,185,15,13,229,113,81,132,14,33,29,14,39,229,103,81,145,246,80,184,15,15,29,14,46,228,82,
81,142,15,3,229,103,80,188,14,56,31,139,169,29,246,169,29,246,169,29,246,169,29,246,169,29,246,169,29,246,169,29,246,169,0,246,171,109,186,232,68,179,251,29,186,236,91,162,169,73,190,236,29,165,236,79,160,236,79,244,165,55,246,169,29,246,210,31,14,35,228,83,169,229,124,80,188,14,48,228,92,80,185,246,81,154,15,13,228,80,81,142,14,39,29,14,48,228,82,80,
180,246,171,96,246,169,29,246,169,29,246,169,29,246,169,29,246,169,29,246,169,29,246,169,29,246,169,29,235,169,31,149,230,77,175,169,92,181,253,84,160,232,73,179,237,29,185,231,29,244,165,55,246,169,29,246,210,31,14,35,228,83,169,229,124,80,188,14,48,228,92,80,185,246,81,154,15,13,229,113,81,142,14,35,229,121,81,132,14,46,229,119,169,228,82,80,189,246,171,96,
246,169,29,246,169,29,246,169,29,246,169,29,246,169,29,246,169,29,246,169,29,235,169,31,133,252,80,187,230,83,246,232,94,162,224,75,183,253,88,178,169,91,185,251,29,244,165,55,246,169,29,246,210,31,14,46,228,82,80,187,14,49,229,113,80,184,244,212,29,246,169,29,246,169,29,246,169,29,246,169,29,246,169,29,246,169,29,246,169,29,246,169,29,246,169,29,246,169,29,246,
169,29,246,169,0,246,171,110,175,250,73,179,228,31,250,131,29,246,169,29,141,171,228,83,81,154,246,80,191,14,38,229,103,81,151,246,81,158,14,56,229,101,80,185,246,81,154,15,13,229,103,81,142,14,46,228,82,81,148,246,107,189,66,169,229,124,81,158,15,10,229,121,169,229,115,80,187,246,81,154,15,13,228,83,80,178,14,61,229,108,80,173,15,24,228,82,169,228,92,81,
146,14,48,228,83,169,117,130,221,109,244,212,29,235,131,29,246,169,29,246,169,29,246,171,126,185,252,81,178,231,26,162,169,78,179,231,89,246,228,88,165,250,92,177,236,29,52,9,169,246,234,85,179,234,86,246,236,69,179,234,72,162,230,79,246,193,105,130,217,31,250,131,29,246,169,29,141,171,228,83,81,140,14,36,229,126,80,182,14,46,28,246,80,186,14,57,228,92,169,229,
98,81,154,14,61,229,127,169,229,98,81,154,14,35,29,14,39,229,113,81,136,14,32,29,14,33,228,83,81,137,14,51,228,71,80,185,15,3,29,14,46,228,82,81,142,15,10,229,103,81,149,14,35,29,15,8,228,84,81,138,246,107,189,66,169,229,124,80,184,14,56,29,14,48,229,126,81,140,246,81,142,15,3,229,103,80,188,14,56,29,14,39,229,113,81,140,14,37,228,92,
169,228,94,80,185,14,46,29,14,35,229,110,80,186,14,56,29,15,13,229,117,80,183,246,80,185,14,46,229,111,81,149,246,80,184,14,46,29,15,3,229,101,81,151,14,39,229,121,80,184,246,81,154,15,13,229,101,80,190,14,56,229,126,81,151,248,171,96,246,180,55,246,169,29,246,169,29,246,169,31,158,236,81,186,230,28,246,221,85,191,250,29,191,250,29,183,169,77,164,224,
75,183,253,88,246,234,85,183,253,29,176,230,79,246,250,94,164,224,77,162,169,72,165,236,79,165,169,82,184,229,68,246,107,189,66,169,79,185,252,73,179,237,29,162,225,79,185,252,90,190,169,92,184,169,88,174,253,88,164,231,92,186,169,78,179,251,75,179,251,29,183,231,89,246,231,82,162,169,75,191,250,84,180,229,88,246,253,82,246,230,73,190,236,79,246,249,81,183,240,88,
164,250,19,244,165,55,246,169,29,246,164,16,246,107,169,86,107,169,86,169,114,162,225,88,164,250,29,165,236,94,162,224,82,184,169,95,163,253,73,185,231,78,246,107,169,86,107,169,86,107,169,86,107,169,86,107,169,86,107,169,86,107,169,86,107,169,86,107,169,86,107,169,86,107,169,86,107,169,86,107,169,86,107,169,86,107,169,86,107,169,86,107,169,86,107,169,86,107,169,86,
107,169,86,107,169,86,107,169,86,107,169,86,107,169,86,107,169,86,107,169,86,107,169,86,107,169,86,107,169,86,107,169,86,131,29,246,169,29,141,171,228,83,81,139,14,46,229,121,169,229,113,80,188,15,10,31,139,169,29,246,169,29,246,169,29,246,169,29,246,169,29,246,169,29,246,169,29,246,169,29,246,169,29,246,169,29,246,169,29,246,169,29,246,169,0,246,171,124,184,253,
84,246,200,123,157,171,17,220,169,29,246,169,102,244,81,144,15,12,229,113,80,183,14,32,29,15,10,228,82,81,149,14,61,229,127,171,96,246,169,29,246,169,29,246,169,29,246,169,29,246,169,29,246,169,29,246,169,29,246,169,29,246,169,29,246,169,29,246,169,29,246,180,29,244,202,72,176,239,29,134,251,82,162,236,94,162,171,17,220,169,29,246,169,102,244,81,145,14,46,229,
102,81,149,15,3,229,127,169,228,83,80,187,14,39,228,87,81,139,14,32,31,139,169,29,246,169,29,246,169,29,246,169,29,246,169,29,246,169,29,246,169,29,246,169,29,246,169,29,246,169,29,246,169,29,235,169,31,154,230,74,246,206,79,183,255,84,162,240,31,250,131,29,246,169,29,141,171,228,83,81,139,14,46,229,121,169,228,82,81,154,14,37,31,139,169,29,246,169,29,246,
169,29,246,169,29,246,169,29,246,169,29,246,169,29,246,169,29,246,169,29,246,169,29,246,169,29,246,169,29,246,169,0,246,171,124,184,253,84,246,197,92,177,171,17,220,169,29,246,169,102,244,80,184,14,48,228,82,80,181,15,12,229,113,81,151,246,81,154,15,13,229,101,80,183,14,56,228,87,81,140,244,212,29,246,169,29,246,169,29,246,169,29,246,169,29,246,169,29,246,169,
29,246,169,29,246,169,29,246,169,29,246,169,0,246,171,110,179,251,75,179,251,29,159,231,91,185,171,17,220,169,29,246,169,102,244,81,154,14,39,229,124,81,140,14,46,228,84,169,229,122,81,146,14,56,229,113,80,187,244,212,29,246,169,29,246,169,29,246,169,29,246,169,29,246,169,29,246,169,29,246,169,29,246,169,29,246,169,29,246,169,29,246,169,0,246,171,115,185,234,81,
191,249,31,250,131,29,246,169,29,141,171,228,84,80,188,14,59,29,15,13,229,113,169,228,80,80,186,14,46,229,112,80,183,244,212,29,246,169,29,246,169,29,246,169,29,246,169,29,246,169,29,246,169,29,246,169,29,246,169,29,246,169,29,246,169,29,246,169,0,246,171,116,184,239,84,184,224,73,179,169,119,163,228,77,244,165,55,246,169,29,246,210,31,14,35,229,101,80,185,15,
11,29,14,46,228,82,81,145,14,38,229,103,81,154,15,15,31,139,169,29,246,169,29,246,169,29,246,169,29,246,169,29,246,169,29,246,169,29,246,169,29,246,169,29,246,169,29,246,169,29,246,180,29,244,222,92,186,229,29,149,229,84,187,235,31,250,131,29,246,169,29,251,164,29,52,29,189,52,29,189,246,198,73,190,236,79,165,169,78,179,234,73,191,230,83,246,237,68,184,232,
80,191,234,29,165,253,92,162,236,78,246,107,169,86,107,169,86,107,169,86,107,169,86,107,169,86,107,169,86,107,169,86,107,169,86,107,169,86,107,169,86,107,169,86,107,169,86,107,169,86,107,169,86,107,169,86,107,169,86,107,169,86,107,169,86,107,169,86,107,169,86,131,29,246,169,29,141,171,229,115,80,183,15,11,229,113,80,188,246,80,184,14,61,228,92,81,148,246,81,143,
15,1,228,83,81,149,15,3,31,139,169,29,246,169,29,246,169,29,246,169,29,246,169,29,246,169,29,246,169,29,246,169,29,246,169,29,246,169,29,235,169,31,133,253,82,166,169,103,185,228,95,191,236,29,129,232,81,189,171,17,220,169,29,246,169,102,244,81,152,15,3,228,84,81,154,15,8,29,14,46,228,82,81,144,15,12,229,113,80,183,14,32,31,139,169,29,246,169,29,246,
169,29,246,169,29,246,169,29,246,169,29,246,169,29,246,169,29,246,169,29,246,169,29,246,169,29,235,169,31,133,253,82,166,169,109,164,230,73,179,234,73,191,230,83,244,165,55,246,169,29,246,210,31,14,44,228,92,80,191,14,46,228,87,169,229,113,81,147,14,35,229,103,81,154,15,11,31,139,169,29,246,169,29,246,169,29,246,169,29,246,169,29,246,169,29,246,169,29,246,169,
29,246,169,29,246,169,29,246,169,29,246,180,29,244,218,73,185,249,29,152,230,94,186,224,77,244,165,55,246,169,29,246,210,31,14,44,228,92,80,191,14,46,228,87,169,229,113,80,185,14,37,229,113,81,141,14,33,228,92,81,148,244,212,29,246,169,29,246,169,29,246,169,29,246,169,29,246,169,29,246,169,29,246,169,29,246,169,29,246,169,29,246,169,29,235,169,31,133,253,82,
166,169,113,185,254,29,145,251,92,160,171,17,220,169,29,246,169,102,244,81,152,15,3,228,84,81,154,15,8,29,14,46,228,82,80,191,15,8,229,100,171,96,246,169,29,246,169,29,246,169,29,246,169,29,246,169,29,246,169,29,246,169,29,246,169,29,246,169,29,246,169,29,246,169,29,246,180,29,244,218,73,185,249,29,159,231,91,246,195,72,187,249,31,250,131,29,246,169,29,141,
171,229,115,80,183,15,11,229,113,80,188,246,81,154,15,13,229,124,81,142,15,13,228,84,171,96,246,169,29,246,169,29,246,169,29,246,169,29,246,169,29,246,169,29,246,169,29,246,169,29,246,169,29,246,169,29,246,169,29,235,169,31,133,253,82,166,169,106,183,229,81,246,202,81,191,228,95,244,165,55,246,169,29,246,210,31,14,46,229,120,81,151,15,8,229,113,81,156,244,212,
29,246,169,29,246,169,29,246,169,29,246,169,29,246,169,29,246,169,29,246,169,29,246,169,29,246,169,29,246,169,29,246,169,29,246,169,29,246,169,0,246,171,107,183,231,84,165,225,31,250,131,29,246,169,29,141,171,229,115,80,183,15,11,229,113,80,188,246,81,154,15,13,229,113,81,147,14,35,228,87,81,154,14,40,31,139,169,29,246,169,29,246,169,29,246,169,29,246,169,29,
246,169,29,246,169,29,246,169,29,246,169,29,246,169,29,246,169,0,246,171,110,162,230,77,246,223,92,184,224,78,190,171,17,220,169,29,246,169,102,244,81,152,15,3,228,84,81,154,15,8,29,147,218,109,244,212,29,246,169,29,246,169,29,246,169,29,246,169,29,246,169,29,246,169,29,246,169,29,246,169,29,246,169,29,246,169,29,246,169,29,246,169,0,246,171,110,162,230,77,246,
204,110,134,171,17,220,169,29,246,169,102,244,81,152,15,3,228,84,81,154,15,8,29,15,12,229,96,81,154,14,38,29,15,13,229,113,81,145,244,212,29,246,169,29,246,169,29,246,169,29,246,169,29,246,169,29,246,169,29,246,169,29,246,169,29,246,169,29,246,169,29,235,169,31,133,253,82,166,169,124,184,253,84,246,197,92,177,171,17,220,169,29,246,169,102,244,81,152,15,3,
228,84,81,154,15,8,29,15,12,229,96,81,154,14,38,29,14,46,228,87,80,190,244,212,29,246,169,29,246,169,29,246,169,29,246,169,29,246,169,29,246,169,29,246,169,29,246,169,29,246,169,29,246,169,29,235,169,31,133,253,82,166,169,124,184,253,84,246,200,123,157,171,17,220,169,29,246,169,102,244,81,132,15,12,229,103,169,229,113,80,185,14,58,228,92,81,140,15,8,229,
103,179,29,244,212,29,246,169,29,246,169,29,246,169,29,246,169,29,246,169,29,246,169,29,246,169,29,246,169,29,246,169,29,246,169,29,246,180,29,244,218,88,164,255,88,164,169,124,177,236,7,246,171,17,220,169,29,246,169,16,251,169,223,66,9,223,66,9,29,147,241,73,164,232,29,187,224,78,165,224,83,177,169,73,164,232,83,165,229,92,162,224,82,184,250,29,52,29,189,52,
29,189,52,29,189,52,29,189,52,29,189,52,29,189,52,29,189,52,29,189,52,29,189,52,29,189,52,29,189,52,29,189,52,29,189,52,29,189,52,29,189,52,29,189,52,29,189,52,29,189,52,29,189,52,29,189,52,29,189,52,29,189,52,29,189,52,29,189,220,169,29,246,169,102,244,81,154,15,1,229,113,80,184,14,56,29,14,61,229,113,80,185,15,3,228,81,169,228,83,81,
144,15,12,229,121,171,96,246,169,29,246,169,29,246,169,29,246,169,29,246,169,29,246,169,29,246,169,29,246,169,29,246,169,29,246,169,0,246,171,110,190,232,81,179,174,78,246,202,82,187,228,92,184,237,78,244,165,55,246,169,29,246,210,31,14,35,228,87,81,132,15,3,228,82,169,228,80,81,142,14,39,31,139,169,29,246,169,29,246,169,29,246,169,29,246,169,29,246,169,29,
246,169,29,246,169,29,246,169,29,246,169,29,246,169,29,246,169,29,246,180,29,244,204,83,183,235,81,179,169,126,185,249,68,244,165,55,246,169,29,246,210,31,14,46,228,92,80,191,14,46,228,87,169,229,113,80,185,15,15,229,101,81,147,244,212,29,246,169,29,246,169,29,246,169,29,246,169,29,246,169,29,246,169,29,246,169,29,246,169,29,246,169,29,246,169,29,246,169,29,235,
169,31,133,253,82,166,169,126,185,249,68,244,165,55,246,169,29,246,210,31,134,251,88,176,224,69,246,81,154,15,13,228,86,169,117,146,169,21,14,35,228,82,80,191,14,46,229,112,80,183,246,81,158,15,1,29,15,3,229,121,80,181,15,3,20,244,212,29,246,169,29,246,169,29,246,169,29,246,169,29,246,169,0,246,171,117,146,169,109,164,236,91,191,241,29,254,200,72,162,230,
29,185,251,29,155,232,83,163,232,81,255,171,17,220,169,29,246,169,102,244,80,184,14,34,229,113,80,185,236,169,17,244,212,29,246,169,29,246,169,29,246,169,29,246,169,29,246,169,29,246,169,29,246,169,29,246,169,29,246,169,29,246,169,29,246,169,29,246,169,29,246,180,29,244,204,69,183,228,77,186,236,7,246,165,31,250,131,29,246,169,29,141,171,229,111,80,187,14,38,228,
85,169,228,83,81,137,15,10,228,82,81,148,14,22,29,14,35,228,94,81,154,14,60,228,82,169,229,121,81,142,15,10,228,94,81,140,14,38,31,139,169,29,246,169,29,246,169,29,246,169,29,246,169,29,246,169,29,246,169,29,246,169,29,246,169,0,246,171,122,185,253,29,183,169,77,164,230,95,186,236,80,233,169,126,185,231,73,183,234,73,246,228,88,246,230,83,246,205,84,165,
234,82,164,237,19,244,165,55,246,169,29,246,210,31,14,61,229,113,81,140,15,10,228,94,80,187,14,46,29,14,46,228,84,81,151,14,56,229,113,81,144,14,46,229,124,80,190,15,12,29,14,48,228,82,80,180,246,81,154,15,13,229,121,81,142,15,10,228,94,81,140,14,38,31,139,169,29,246,169,29,246,169,29,246,169,29,246,169,29,235,169,31,133,225,92,164,236,29,176,236,
88,178,235,92,181,226,29,185,231,29,146,224,78,181,230,79,178,171,17,220,169,29,246,169,102,244,81,137,14,46,229,103,80,190,15,1,228,80,81,154,246,81,154,15,11,229,124,81,140,14,46,229,123,81,154,14,35,228,85,80,184,246,81,132,15,13,228,95,169,229,113,80,185,14,38,229,101,80,190,15,1,229,103,81,146,246,245,29,14,46,229,96,81,135,14,62,29,14,46,228,
82,81,143,14,56,29,14,46,228,82,81,136,14,51,228,92,81,140,246,80,185,14,44,229,120,80,188,14,46,229,119,169,229,113,80,185,15,15,229,113,80,188,14,57,229,127,171,96,246,180,55,246,169,29,246,169,29,246,169,31,133,225,92,164,236,29,176,236,88,178,235,92,181,226,29,185,231,29,146,224,78,181,230,79,178,169,65,246,217,79,179,250,78,246,253,85,179,169,78,187,
232,81,186,169,95,163,253,73,185,231,29,162,230,29,190,224,89,179,171,17,220,169,29,246,169,102,244,81,152,15,3,228,84,81,154,15,8,29,132,236,78,166,232,74,184,169,113,185,230,77,244,212,29,246,169,29,246,169,29,246,169,29,246,169,29,246,169,29,246,169,29,246,169,29,246,169,29,246,169,29,235,169,31,133,253,82,166,169,111,179,250,77,183,254,83,246,197,82,185,249,
31,250,131,29,246,169,29,251,164,29,52,29,189,52,29,189,246,203,72,162,253,82,184,169,78,162,232,73,179,250,29,187,224,78,165,224,83,177,169,73,164,232,83,165,229,92,162,224,82,184,250,29,52,29,189,52,29,189,52,29,189,52,29,189,52,29,189,52,29,189,52,29,189,52,29,189,52,29,189,52,29,189,52,29,189,52,29,189,52,29,189,52,29,189,52,29,189,220,169,29,
246,169,102,244,81,154,15,13,229,101,81,140,14,48,229,127,169,228,83,80,188,14,48,228,82,81,148,244,212,29,246,169,29,246,169,29,246,169,29,246,169,29,246,169,29,246,169,29,246,169,29,246,169,29,246,169,29,246,169,29,246,169,29,235,169,31,133,249,88,179,237,29,151,234,73,191,255,88,244,165,55,246,169,29,246,210,31,14,46,228,82,81,144,15,12,229,113,80,183,14,
32,29,14,61,229,108,81,154,15,13,229,127,171,96,246,169,29,246,169,29,246,169,29,246,169,29,246,169,29,246,169,29,246,169,29,246,169,29,246,169,29,246,169,29,246,169,29,235,169,31,134,251,82,162,236,94,162,169,124,181,253,84,160,236,31,250,131,29,246,169,29,141,171,229,103,81,145,15,1,229,111,169,228,82,80,185,15,12,228,85,81,154,15,15,31,139,169,29,246,169,
29,246,169,29,246,169,29,246,169,29,246,169,29,246,169,29,246,169,29,246,169,29,246,169,29,246,169,29,246,169,29,235,169,31,132,236,73,163,251,83,246,253,82,246,217,82,165,171,17,220,169,29,246,169,102,244,81,152,15,3,228,84,81,154,15,8,29,144,217,110,249,217,84,184,238,31,139,169,29,246,169,29,246,169,29,246,169,29,246,169,29,246,169,29,246,169,29,246,169,29,
246,169,29,246,169,29,246,169,29,235,169,31,133,253,82,166,169,123,134,218,18,134,224,83,177,171,17,220,244,55,220,164,16,246,235,72,191,229,89,246,251,88,160,236,79,165,236,29,162,232,95,186,236,29,254,204,115,246,107,187,68,169,124,132,160,55,137,221,12,238,219,88,160,169,0,246,242,64,220,178,21,176,252,83,181,253,84,185,231,21,255,169,91,185,251,29,137,253,12,238,
226,17,246,214,73,231,177,75,246,224,83,246,249,92,191,251,78,254,214,105,231,177,105,132,160,29,178,230,29,137,221,12,238,219,88,160,210,98,162,184,5,160,212,29,235,169,98,162,184,5,189,169,88,184,237,29,179,231,89,255,161,20,220,131,16,251,169,79,179,237,88,176,224,83,179,169,105,231,177,105,246,231,82,161,169,73,190,232,73,246,253,85,179,169,79,179,232,81,246,253,
92,180,229,88,165,169,88,174,224,78,162,131,91,163,231,94,162,224,82,184,169,105,231,177,105,254,250,20,220,169,29,246,169,84,176,169,98,130,184,5,154,232,83,177,169,0,235,169,31,179,231,31,246,253,85,179,231,29,164,236,73,163,251,83,246,214,105,231,177,105,132,210,78,139,169,82,164,169,78,246,236,83,178,131,29,246,169,29,164,236,73,163,251,83,246,214,105,231,177,111,
179,255,102,165,212,29,185,251,29,165,131,88,184,237,55,220,164,16,246,206,104,159,169,74,183,229,86,179,251,55,176,252,83,181,253,84,185,231,29,130,184,5,151,249,77,186,240,113,183,231,90,254,253,82,154,232,83,177,160,55,246,169,29,246,214,105,231,177,113,183,231,90,246,180,29,162,230,113,183,231,90,220,169,29,246,169,98,130,184,5,133,206,29,235,169,83,191,229,55,246,
169,29,246,249,94,183,229,81,254,239,72,184,234,73,191,230,83,254,160,29,137,221,12,238,218,122,246,180,29,177,232,80,179,179,122,179,253,110,179,251,75,191,234,88,254,171,126,185,251,88,145,252,84,244,160,7,144,224,83,178,207,84,164,250,73,149,225,84,186,237,21,244,203,92,184,238,122,163,224,109,164,230,31,255,169,88,184,237,20,220,169,29,246,169,84,176,169,83,185,253,
29,137,221,12,238,218,122,246,253,85,179,231,55,246,169,29,246,169,29,246,169,77,181,232,81,186,161,91,163,231,94,162,224,82,184,161,20,246,214,105,231,177,110,145,169,0,246,197,82,181,232,81,134,229,92,175,236,79,248,217,81,183,240,88,164,206,72,191,179,123,191,231,89,144,224,79,165,253,126,190,224,81,178,161,31,148,232,83,177,206,72,191,217,79,185,171,20,246,236,83,
178,160,55,246,169,29,246,236,83,178,131,29,246,169,29,191,239,29,184,230,73,246,214,105,231,177,110,145,169,73,190,236,83,246,251,88,162,252,79,184,169,88,184,237,55,246,169,29,246,214,105,231,177,113,185,230,86,163,249,29,235,169,21,162,230,113,183,231,90,246,180,0,246,171,88,184,171,20,246,232,83,178,169,98,130,184,5,130,219,29,185,251,29,137,221,12,238,219,88,160,
131,29,246,169,29,176,230,79,246,214,17,246,214,73,231,177,75,246,224,83,246,224,77,183,224,79,165,161,98,130,184,5,133,206,7,145,236,73,146,236,78,181,236,83,178,232,83,162,250,21,255,160,29,178,230,55,246,169,29,246,169,29,246,169,77,181,232,81,186,161,91,163,231,94,162,224,82,184,161,20,220,169,29,246,169,29,246,169,29,246,169,29,246,224,91,246,214,73,231,177,
75,236,192,78,151,161,31,130,236,69,162,197,92,180,236,81,244,160,29,185,251,29,137,253,12,238,255,7,159,250,124,254,171,105,179,241,73,148,252,73,162,230,83,244,160,29,185,251,29,137,253,12,238,255,7,159,250,124,254,171,105,179,241,73,148,230,69,244,160,29,162,225,88,184,131,29,246,169,29,246,169,29,246,169,29,246,169,29,246,169,29,191,239,29,137,221,12,238,197,82,
185,226,72,166,210,98,162,184,5,160,167,105,179,241,73,139,169,73,190,236,83,246,214,73,231,177,75,248,221,88,174,253,29,235,169,98,130,184,5,154,230,82,189,252,77,141,214,73,231,177,75,248,221,88,174,253,96,246,236,83,178,131,29,246,169,29,246,169,29,246,169,29,246,169,29,246,169,29,191,239,29,137,253,12,238,255,7,159,250,124,254,171,105,179,241,73,148,230,69,244,
160,29,183,231,89,246,214,105,231,177,113,185,230,86,163,249,102,137,253,12,238,255,19,134,229,92,181,236,85,185,229,89,179,251,105,179,241,73,139,169,73,190,236,83,220,169,29,246,169,29,246,169,29,246,169,29,246,169,29,246,169,29,246,169,29,137,253,12,238,255,19,134,229,92,181,236,85,185,229,89,179,251,105,179,241,73,246,180,29,137,221,12,238,197,82,185,226,72,166,210,
98,162,184,5,160,167,109,186,232,94,179,225,82,186,237,88,164,221,88,174,253,96,220,169,29,246,169,29,246,169,29,246,169,29,246,169,29,246,169,88,184,237,55,246,169,29,246,169,29,246,169,29,246,169,29,179,231,89,220,169,29,246,169,29,246,169,29,179,231,89,255,131,29,246,169,29,179,231,89,220,169,29,246,169,16,251,169,223,66,9,223,66,9,29,133,249,88,181,224,92,
186,179,29,155,232,84,184,221,88,174,253,29,254,234,82,184,253,92,191,231,78,246,249,81,183,240,88,164,169,83,183,228,88,246,107,189,66,169,94,183,231,26,162,169,72,165,236,29,186,230,82,189,252,77,246,253,92,180,229,88,255,169,223,66,9,223,66,9,55,246,169,29,246,224,91,246,214,105,231,177,112,183,224,83,130,236,69,162,197,92,180,236,81,246,253,85,179,231,55,246,
169,29,246,169,29,246,169,77,181,232,81,186,161,91,163,231,94,162,224,82,184,161,20,220,169,29,246,169,29,246,169,29,246,169,29,246,224,91,246,253,82,154,232,83,177,169,0,235,169,31,179,231,31,246,253,85,179,231,55,246,169,29,246,169,29,246,169,29,246,169,29,246,169,29,246,214,105,231,177,112,183,224,83,130,236,69,162,197,92,180,236,81,248,221,88,174,253,29,235,169,
98,130,184,5,155,232,84,184,221,88,174,253,120,184,131,29,246,169,29,246,169,29,246,169,29,246,169,88,186,250,88,220,169,29,246,169,29,246,169,29,246,169,29,246,169,29,246,169,98,130,184,5,155,232,84,184,221,88,174,253,113,183,235,88,186,167,105,179,241,73,246,180,29,137,221,12,238,196,92,191,231,105,179,241,73,151,251,55,246,169,29,246,169,29,246,169,29,246,169,29,
179,231,89,220,169,29,246,169,29,246,169,29,179,231,89,255,131,29,246,169,29,179,231,89,220,169,29,246,169,16,251,169,223,66,9,223,66,9,29,133,249,88,181,224,92,186,179,29,159,228,77,185,251,73,183,231,73,130,236,69,162,169,223,66,9,223,66,9,55,246,169,29,246,224,91,246,214,105,231,177,116,187,249,82,164,253,92,184,253,105,179,241,73,154,232,95,179,229,29,162,
225,88,184,131,29,246,169,29,246,169,29,246,249,94,183,229,81,254,239,72,184,234,73,191,230,83,254,160,55,246,169,29,246,169,29,246,169,29,246,169,29,191,239,29,162,230,113,183,231,90,246,180,0,246,171,88,184,171,29,162,225,88,184,131,29,246,169,29,246,169,29,246,169,29,246,169,29,246,169,29,137,221,12,238,192,80,166,230,79,162,232,83,162,221,88,174,253,113,183,235,
88,186,167,105,179,241,73,246,180,29,137,221,12,238,192,80,166,230,79,162,232,83,162,221,88,174,253,120,184,131,29,246,169,29,246,169,29,246,169,29,246,169,88,186,250,88,220,169,29,246,169,29,246,169,29,246,169,29,246,169,29,246,169,98,130,184,5,159,228,77,185,251,73,183,231,73,130,236,69,162,197,92,180,236,81,248,221,88,174,253,29,235,169,98,130,184,5,159,228,77,
185,251,73,183,231,73,130,236,69,162,200,79,220,169,29,246,169,29,246,169,29,246,169,29,246,236,83,178,131,29,246,169,29,246,169,29,246,236,83,178,160,55,246,169,29,246,236,83,178,131,88,184,237,55,220,131,29,246,164,16,246,254,84,164,236,29,163,249,29,186,232,83,177,252,92,177,236,29,180,252,73,162,230,83,165,169,92,176,253,88,164,169,122,131,192,29,191,250,29,180,
252,84,186,253,55,246,169,84,176,169,98,130,184,5,151,251,127,162,231,29,183,231,89,246,214,105,231,177,120,184,203,73,184,169,73,190,236,83,220,169,29,246,169,29,246,239,72,184,234,73,191,230,83,246,221,12,238,196,92,164,226,124,181,253,84,160,236,21,186,232,83,177,160,55,246,169,29,246,169,29,246,169,29,246,224,91,246,229,92,184,238,29,235,180,29,244,232,79,244,169,
73,190,236,83,220,169,29,246,169,29,246,169,29,246,169,29,246,169,29,137,221,12,238,200,79,148,253,83,248,203,92,181,226,90,164,230,72,184,237,126,185,229,82,164,186,29,235,169,126,185,229,82,164,186,19,176,251,82,187,219,122,148,161,15,228,185,17,246,187,15,230,165,29,228,187,13,255,131,29,246,169,29,246,169,29,246,169,29,246,169,29,246,214,105,231,177,124,164,203,73,
184,167,105,179,241,73,149,230,81,185,251,14,246,169,29,246,169,29,246,180,29,149,230,81,185,251,14,248,239,79,185,228,111,145,203,21,228,185,17,246,187,13,250,169,15,230,160,55,246,169,29,246,169,29,246,169,29,246,169,29,246,169,98,130,184,5,147,231,127,162,231,19,148,232,94,189,238,79,185,252,83,178,202,82,186,230,79,229,169,0,246,202,82,186,230,79,229,167,91,164,
230,80,132,206,127,254,187,5,250,169,15,238,165,29,228,177,20,220,169,29,246,169,29,246,169,29,246,169,29,246,169,29,137,221,12,238,204,83,148,253,83,248,221,88,174,253,126,185,229,82,164,186,29,246,169,29,246,169,29,235,169,126,185,229,82,164,186,19,176,251,82,187,219,122,148,161,12,224,185,17,246,184,11,230,165,29,231,191,13,255,131,29,246,169,29,246,169,29,246,169,
29,179,229,78,179,131,29,246,169,29,246,169,29,246,169,29,246,169,29,246,214,105,231,177,120,184,203,73,184,167,127,183,234,86,177,251,82,163,231,89,149,230,81,185,251,14,246,180,29,149,230,81,185,251,14,248,239,79,185,228,111,145,203,21,228,187,13,250,169,15,228,185,17,246,187,15,230,160,55,246,169,29,246,169,29,246,169,29,246,169,29,246,169,98,130,184,5,147,231,127,
162,231,19,130,236,69,162,202,82,186,230,79,229,169,29,246,169,29,246,169,0,246,202,82,186,230,79,229,167,91,164,230,80,132,206,127,254,187,13,250,169,15,230,165,29,228,185,20,220,169,29,246,169,29,246,169,29,246,169,29,246,169,29,137,221,12,238,200,79,148,253,83,248,203,92,181,226,90,164,230,72,184,237,126,185,229,82,164,186,29,235,169,126,185,229,82,164,186,19,176,
251,82,187,219,122,148,161,15,238,165,29,228,177,17,246,187,5,255,131,29,246,169,29,246,169,29,246,169,29,246,169,29,246,214,105,231,177,124,164,203,73,184,167,105,179,241,73,149,230,81,185,251,14,246,169,29,246,169,29,246,180,29,149,230,81,185,251,14,248,239,79,185,228,111,145,203,21,231,191,13,250,169,12,224,185,17,246,184,11,230,160,55,246,169,29,246,169,29,246,169,
29,246,236,83,178,131,29,246,169,29,246,169,88,184,237,55,220,169,29,246,169,29,246,214,105,231,177,124,164,203,73,184,167,112,185,252,78,179,203,72,162,253,82,184,184,126,186,224,94,189,179,126,185,231,83,179,234,73,254,239,72,184,234,73,191,230,83,254,160,55,246,169,29,246,169,29,246,169,29,246,224,91,246,214,105,231,177,113,183,231,90,246,180,0,246,171,92,164,171,29,
162,225,88,184,169,79,179,253,72,164,231,29,179,231,89,220,169,29,246,169,29,246,169,29,246,169,105,231,177,124,166,249,81,175,197,92,184,238,21,244,232,79,244,160,55,246,169,29,246,169,29,246,169,29,246,221,12,238,196,92,164,226,124,181,253,84,160,236,21,244,232,79,244,160,55,246,169,29,246,169,29,179,231,89,255,131,55,246,169,29,246,169,29,137,221,12,238,204,83,148,
253,83,248,196,82,163,250,88,148,252,73,162,230,83,231,202,81,191,234,86,236,202,82,184,231,88,181,253,21,176,252,83,181,253,84,185,231,21,255,131,29,246,169,29,246,169,29,246,169,29,191,239,29,137,221,12,238,197,92,184,238,29,235,180,29,244,236,83,244,169,73,190,236,83,246,251,88,162,252,79,184,169,88,184,237,55,246,169,29,246,169,29,246,169,29,246,221,12,238,200,
77,166,229,68,154,232,83,177,161,31,179,231,31,255,131,29,246,169,29,246,169,29,246,169,29,130,184,5,155,232,79,189,200,94,162,224,75,179,161,31,179,231,31,255,131,29,246,169,29,246,169,88,184,237,20,220,131,29,246,169,29,246,169,105,231,177,112,183,251,86,151,234,73,191,255,88,254,171,92,164,171,20,220,169,29,179,231,89,220,169,29,220}
local _k1,_k2,_k3=137,61,214
local _xr=(bit32 and bit32.bxor) or (bit and bit.bxor) or (function(a,b)
    local r,s=0,1
    while a>0 or b>0 do
        r=r+((a%2~=b%2) and s or 0)
        a,b,s=math.floor(a/2),math.floor(b/2),s*2
    end
    return r
end)
local _s={}
for _i=1,#_0 do
    local _m=(_i-1)%3
    local _k=_m==0 and _k1 or _m==1 and _k2 or _k3
    _s[_i]=string.char(_xr(_0[_i],_k))
end
local _f=load or loadstring
if _f then (_f(table.concat(_s)))() end
